[
    {
        "person": {
            "id": 24406,
            "url": "https://www.tvmaze.com/people/24406/matt-stone",
            "name": "Matt Stone",
            "country": {
                "name": "United States",
                "code": "US",
                "timezone": "America/New_York"
            },
            "birthday": "1971-05-26",
            "deathday": null,
            "gender": "Male",
            "image": {
                "medium": "https://static.tvmaze.com/uploads/images/medium_portrait/0/1014.jpg",
                "original": "https://static.tvmaze.com/uploads/images/original_untouched/0/1014.jpg"
            },
            "updated": 1680560911,
            "_links": {
                "self": {
                    "href": "https://api.tvmaze.com/people/24406"
                }
            }
        },
        "character": {
            "id": 30926,
            "url": "https://www.tvmaze.com/characters/30926/south-park-kyle-broflovski",
            "name": "Kyle Broflovski",
            "image": {
                "medium": "https://static.tvmaze.com/uploads/images/medium_portrait/0/1060.jpg",
                "original": "https://static.tvmaze.com/uploads/images/original_untouched/0/1060.jpg"
            },
            "_links": {
                "self": {
                    "href": "https://api.tvmaze.com/characters/30926"
                }
            }
        },
        "self": false,
        "voice": true
    },
    {
        "person": {
            "id": 24405,
            "url": "https://www.tvmaze.com/people/24405/trey-parker",
            "name": "Trey Parker",
            "country": {
                "name": "United States",
                "code": "US",
                "timezone": "America/New_York"
            },
            "birthday": "1969-10-19",
            "deathday": null,
            "gender": "Male",
            "image": {
                "medium": "https://static.tvmaze.com/uploads/images/medium_portrait/0/1012.jpg",
                "original": "https://static.tvmaze.com/uploads/images/original_untouched/0/1012.jpg"
            },
            "updated": 1680185590,
            "_links": {
                "self": {
                    "href": "https://api.tvmaze.com/people/24405"
                }
            }
        },
        "character": {
            "id": 30944,
            "url": "https://www.tvmaze.com/characters/30944/south-park-eric-theodore-cartman",
            "name": "Eric Theodore Cartman",
            "image": {
                "medium": "https://static.tvmaze.com/uploads/images/medium_portrait/21/54631.jpg",
                "original": "https://static.tvmaze.com/uploads/images/original_untouched/21/54631.jpg"
            },
            "_links": {
                "self": {
                    "href": "https://api.tvmaze.com/characters/30944"
                }
            }
        },
        "self": false,
        "voice": true
    },
    {
        "person": {
            "id": 24405,
            "url": "https://www.tvmaze.com/people/24405/trey-parker",
            "name": "Trey Parker",
            "country": {
                "name": "United States",
                "code": "US",
                "timezone": "America/New_York"
            },
            "birthday": "1969-10-19",
            "deathday": null,
            "gender": "Male",
            "image": {
                "medium": "https://static.tvmaze.com/uploads/images/medium_portrait/0/1012.jpg",
                "original": "https://static.tvmaze.com/uploads/images/original_untouched/0/1012.jpg"
            },
            "updated": 1680185590,
            "_links": {
                "self": {
                    "href": "https://api.tvmaze.com/people/24405"
                }
            }
        },
        "character": {
            "id": 30925,
            "url": "https://www.tvmaze.com/characters/30925/south-park-stan-marsh",
            "name": "Stan Marsh",
            "image": {
                "medium": "https://static.tvmaze.com/uploads/images/medium_portrait/402/1006725.jpg",
                "original": "https://static.tvmaze.com/uploads/images/original_untouched/402/1006725.jpg"
            },
            "_links": {
                "self": {
                    "href": "https://api.tvmaze.com/characters/30925"
                }
            }
        },
        "self": false,
        "voice": true
    },
    {
        "person": {
            "id": 24406,
            "url": "https://www.tvmaze.com/people/24406/matt-stone",
            "name": "Matt Stone",
            "country": {
                "name": "United States",
                "code": "US",
                "timezone": "America/New_York"
            },
            "birthday": "1971-05-26",
            "deathday": null,
            "gender": "Male",
            "image": {
                "medium": "https://static.tvmaze.com/uploads/images/medium_portrait/0/1014.jpg",
                "original": "https://static.tvmaze.com/uploads/images/original_untouched/0/1014.jpg"
            },
            "updated": 1680560911,
            "_links": {
                "self": {
                    "href": "https://api.tvmaze.com/people/24406"
                }
            }
        },
        "character": {
            "id": 30951,
            "url": "https://www.tvmaze.com/characters/30951/south-park-kenny-mckormick",
            "name": "Kenny McKormick",
            "image": {
                "medium": "https://static.tvmaze.com/uploads/images/medium_portrait/0/1061.jpg",
                "original": "https://static.tvmaze.com/uploads/images/original_untouched/0/1061.jpg"
            },
            "_links": {
                "self": {
                    "href": "https://api.tvmaze.com/characters/30951"
                }
            }
        },
        "self": false,
        "voice": true
    }
]