[
    {
        "person": {
            "id": 31964,
            "url": "https://www.tvmaze.com/people/31964/adam-scott",
            "name": "Adam Scott",
            "country": {
                "name": "United States",
                "code": "US",
                "timezone": "America/New_York"
            },
            "birthday": "1973-04-03",
            "deathday": null,
            "gender": "Male",
            "image": {
                "medium": "https://static.tvmaze.com/uploads/images/medium_portrait/3/8618.jpg",
                "original": "https://static.tvmaze.com/uploads/images/original_untouched/3/8618.jpg"
            },
            "updated": 1685017849,
            "_links": {
                "self": {
                    "href": "https://api.tvmaze.com/people/31964"
                }
            }
        },
        "character": {
            "id": 91890,
            "url": "https://www.tvmaze.com/characters/91890/party-down-henry-pollard",
            "name": "Henry Pollard",
            "image": {
                "medium": "https://static.tvmaze.com/uploads/images/medium_portrait/6/17313.jpg",
                "original": "https://static.tvmaze.com/uploads/images/original_untouched/6/17313.jpg"
            },
            "_links": {
                "self": {
                    "href": "https://api.tvmaze.com/characters/91890"
                }
            }
        },
        "self": false,
        "voice": false
    },
    {
        "person": {
            "id": 11993,
            "url": "https://www.tvmaze.com/people/11993/ken-marino",
            "name": "Ken Marino",
            "country": {
                "name": "United States",
                "code": "US",
                "timezone": "America/New_York"
            },
            "birthday": "1968-12-19",
            "deathday": null,
            "gender": "Male",
            "image": {
                "medium": "https://static.tvmaze.com/uploads/images/medium_portrait/2/7458.jpg",
                "original": "https://static.tvmaze.com/uploads/images/original_untouched/2/7458.jpg"
            },
            "updated": 1688053665,
            "_links": {
                "self": {
                    "href": "https://api.tvmaze.com/people/11993"
                }
            }
        },
        "character": {
            "id": 91892,
            "url": "https://www.tvmaze.com/characters/91892/party-down-ron-donald",
            "name": "Ron Donald",
            "image": {
                "medium": "https://static.tvmaze.com/uploads/images/medium_portrait/6/17312.jpg",
                "original": "https://static.tvmaze.com/uploads/images/original_untouched/6/17312.jpg"
            },
            "_links": {
                "self": {
                    "href": "https://api.tvmaze.com/characters/91892"
                }
            }
        },
        "self": false,
        "voice": false
    },
    {
        "person": {
            "id": 16693,
            "url": "https://www.tvmaze.com/people/16693/ryan-hansen",
            "name": "Ryan Hansen",
            "country": {
                "name": "United States",
                "code": "US",
                "timezone": "America/New_York"
            },
            "birthday": "1981-07-05",
            "deathday": null,
            "gender": "Male",
            "image": {
                "medium": "https://static.tvmaze.com/uploads/images/medium_portrait/3/9648.jpg",
                "original": "https://static.tvmaze.com/uploads/images/original_untouched/3/9648.jpg"
            },
            "updated": 1680262973,
            "_links": {
                "self": {
                    "href": "https://api.tvmaze.com/people/16693"
                }
            }
        },
        "character": {
            "id": 91893,
            "url": "https://www.tvmaze.com/characters/91893/party-down-kyle-bradway",
            "name": "Kyle Bradway",
            "image": {
                "medium": "https://static.tvmaze.com/uploads/images/medium_portrait/6/17316.jpg",
                "original": "https://static.tvmaze.com/uploads/images/original_untouched/6/17316.jpg"
            },
            "_links": {
                "self": {
                    "href": "https://api.tvmaze.com/characters/91893"
                }
            }
        },
        "self": false,
        "voice": false
    },
    {
        "person": {
            "id": 5083,
            "url": "https://www.tvmaze.com/people/5083/martin-starr",
            "name": "Martin Starr",
            "country": {
                "name": "United States",
                "code": "US",
                "timezone": "America/New_York"
            },
            "birthday": "1982-07-30",
            "deathday": null,
            "gender": "Male",
            "image": {
                "medium": "https://static.tvmaze.com/uploads/images/medium_portrait/3/8322.jpg",
                "original": "https://static.tvmaze.com/uploads/images/original_untouched/3/8322.jpg"
            },
            "updated": 1684459934,
            "_links": {
                "self": {
                    "href": "https://api.tvmaze.com/people/5083"
                }
            }
        },
        "character": {
            "id": 91894,
            "url": "https://www.tvmaze.com/characters/91894/party-down-roman-debeers",
            "name": "Roman DeBeers",
            "image": {
                "medium": "https://static.tvmaze.com/uploads/images/medium_portrait/6/17315.jpg",
                "original": "https://static.tvmaze.com/uploads/images/original_untouched/6/17315.jpg"
            },
            "_links": {
                "self": {
                    "href": "https://api.tvmaze.com/characters/91894"
                }
            }
        },
        "self": false,
        "voice": false
    },
    {
        "person": {
            "id": 4945,
            "url": "https://www.tvmaze.com/people/4945/lizzy-caplan",
            "name": "Lizzy Caplan",
            "country": {
                "name": "United States",
                "code": "US",
                "timezone": "America/New_York"
            },
            "birthday": "1982-06-30",
            "deathday": null,
            "gender": "Female",
            "image": {
                "medium": "https://static.tvmaze.com/uploads/images/medium_portrait/3/8871.jpg",
                "original": "https://static.tvmaze.com/uploads/images/original_untouched/3/8871.jpg"
            },
            "updated": 1685366978,
            "_links": {
                "self": {
                    "href": "https://api.tvmaze.com/people/4945"
                }
            }
        },
        "character": {
            "id": 91891,
            "url": "https://www.tvmaze.com/characters/91891/party-down-casey-klein",
            "name": "Casey Klein",
            "image": {
                "medium": "https://static.tvmaze.com/uploads/images/medium_portrait/6/17311.jpg",
                "original": "https://static.tvmaze.com/uploads/images/original_untouched/6/17311.jpg"
            },
            "_links": {
                "self": {
                    "href": "https://api.tvmaze.com/characters/91891"
                }
            }
        },
        "self": false,
        "voice": false
    },
    {
        "person": {
            "id": 21202,
            "url": "https://www.tvmaze.com/people/21202/megan-mullally",
            "name": "Megan Mullally",
            "country": {
                "name": "United States",
                "code": "US",
                "timezone": "America/New_York"
            },
            "birthday": "1958-11-12",
            "deathday": null,
            "gender": "Female",
            "image": {
                "medium": "https://static.tvmaze.com/uploads/images/medium_portrait/7/19676.jpg",
                "original": "https://static.tvmaze.com/uploads/images/original_untouched/7/19676.jpg"
            },
            "updated": 1685626517,
            "_links": {
                "self": {
                    "href": "https://api.tvmaze.com/people/21202"
                }
            }
        },
        "character": {
            "id": 91895,
            "url": "https://www.tvmaze.com/characters/91895/party-down-lydia-dunfree",
            "name": "Lydia Dunfree",
            "image": {
                "medium": "https://static.tvmaze.com/uploads/images/medium_portrait/58/147018.jpg",
                "original": "https://static.tvmaze.com/uploads/images/original_untouched/58/147018.jpg"
            },
            "_links": {
                "self": {
                    "href": "https://api.tvmaze.com/characters/91895"
                }
            }
        },
        "self": false,
        "voice": false
    },
    {
        "person": {
            "id": 1010,
            "url": "https://www.tvmaze.com/people/1010/jane-lynch",
            "name": "Jane Lynch",
            "country": {
                "name": "United States",
                "code": "US",
                "timezone": "America/New_York"
            },
            "birthday": "1960-07-14",
            "deathday": null,
            "gender": "Female",
            "image": {
                "medium": "https://static.tvmaze.com/uploads/images/medium_portrait/0/2095.jpg",
                "original": "https://static.tvmaze.com/uploads/images/original_untouched/0/2095.jpg"
            },
            "updated": 1687255209,
            "_links": {
                "self": {
                    "href": "https://api.tvmaze.com/people/1010"
                }
            }
        },
        "character": {
            "id": 91896,
            "url": "https://www.tvmaze.com/characters/91896/party-down-constance-carmell",
            "name": "Constance Carmell",
            "image": {
                "medium": "https://static.tvmaze.com/uploads/images/medium_portrait/6/17314.jpg",
                "original": "https://static.tvmaze.com/uploads/images/original_untouched/6/17314.jpg"
            },
            "_links": {
                "self": {
                    "href": "https://api.tvmaze.com/characters/91896"
                }
            }
        },
        "self": false,
        "voice": false
    },
    {
        "person": {
            "id": 160086,
            "url": "https://www.tvmaze.com/people/160086/tyrel-jackson-williams",
            "name": "Tyrel Jackson Williams",
            "country": {
                "name": "United States",
                "code": "US",
                "timezone": "America/New_York"
            },
            "birthday": "1997-03-16",
            "deathday": null,
            "gender": "Male",
            "image": {
                "medium": "https://static.tvmaze.com/uploads/images/medium_portrait/7/19114.jpg",
                "original": "https://static.tvmaze.com/uploads/images/original_untouched/7/19114.jpg"
            },
            "updated": 1680262973,
            "_links": {
                "self": {
                    "href": "https://api.tvmaze.com/people/160086"
                }
            }
        },
        "character": {
            "id": 1088920,
            "url": "https://www.tvmaze.com/characters/1088920/party-down-sackson",
            "name": "Sackson",
            "image": {
                "medium": "https://static.tvmaze.com/uploads/images/medium_portrait/452/1130371.jpg",
                "original": "https://static.tvmaze.com/uploads/images/original_untouched/452/1130371.jpg"
            },
            "_links": {
                "self": {
                    "href": "https://api.tvmaze.com/characters/1088920"
                }
            }
        },
        "self": false,
        "voice": false
    },
    {
        "person": {
            "id": 49202,
            "url": "https://www.tvmaze.com/people/49202/jennifer-garner",
            "name": "Jennifer Garner",
            "country": {
                "name": "United States",
                "code": "US",
                "timezone": "America/New_York"
            },
            "birthday": "1972-04-17",
            "deathday": null,
            "gender": "Female",
            "image": {
                "medium": "https://static.tvmaze.com/uploads/images/medium_portrait/250/625873.jpg",
                "original": "https://static.tvmaze.com/uploads/images/original_untouched/250/625873.jpg"
            },
            "updated": 1685543165,
            "_links": {
                "self": {
                    "href": "https://api.tvmaze.com/people/49202"
                }
            }
        },
        "character": {
            "id": 1088923,
            "url": "https://www.tvmaze.com/characters/1088923/party-down-evie-adler",
            "name": "Evie Adler",
            "image": null,
            "_links": {
                "self": {
                    "href": "https://api.tvmaze.com/characters/1088923"
                }
            }
        },
        "self": false,
        "voice": false
    },
    {
        "person": {
            "id": 38894,
            "url": "https://www.tvmaze.com/people/38894/zoe-chao",
            "name": "Zo\u00eb Chao",
            "country": {
                "name": "United States",
                "code": "US",
                "timezone": "America/New_York"
            },
            "birthday": "1985-09-19",
            "deathday": null,
            "gender": "Female",
            "image": {
                "medium": "https://static.tvmaze.com/uploads/images/medium_portrait/393/982555.jpg",
                "original": "https://static.tvmaze.com/uploads/images/original_untouched/393/982555.jpg"
            },
            "updated": 1687549656,
            "_links": {
                "self": {
                    "href": "https://api.tvmaze.com/people/38894"
                }
            }
        },
        "character": {
            "id": 1088919,
            "url": "https://www.tvmaze.com/characters/1088919/party-down-lucy-dang",
            "name": "Lucy Dang",
            "image": {
                "medium": "https://static.tvmaze.com/uploads/images/medium_portrait/452/1130398.jpg",
                "original": "https://static.tvmaze.com/uploads/images/original_untouched/452/1130398.jpg"
            },
            "_links": {
                "self": {
                    "href": "https://api.tvmaze.com/characters/1088919"
                }
            }
        },
        "self": false,
        "voice": false
    },
    {
        "person": {
            "id": 26706,
            "url": "https://www.tvmaze.com/people/26706/jennifer-coolidge",
            "name": "Jennifer Coolidge",
            "country": {
                "name": "United States",
                "code": "US",
                "timezone": "America/New_York"
            },
            "birthday": "1961-08-28",
            "deathday": null,
            "gender": "Female",
            "image": {
                "medium": "https://static.tvmaze.com/uploads/images/medium_portrait/2/5922.jpg",
                "original": "https://static.tvmaze.com/uploads/images/original_untouched/2/5922.jpg"
            },
            "updated": 1688068637,
            "_links": {
                "self": {
                    "href": "https://api.tvmaze.com/people/26706"
                }
            }
        },
        "character": {
            "id": 91897,
            "url": "https://www.tvmaze.com/characters/91897/party-down-bobbie-st-brown",
            "name": "Bobbie St. Brown",
            "image": {
                "medium": "https://static.tvmaze.com/uploads/images/medium_portrait/58/147017.jpg",
                "original": "https://static.tvmaze.com/uploads/images/original_untouched/58/147017.jpg"
            },
            "_links": {
                "self": {
                    "href": "https://api.tvmaze.com/characters/91897"
                }
            }
        },
        "self": false,
        "voice": false
    }
]