[
    {
        "person": {
            "id": 52801,
            "url": "https://www.tvmaze.com/people/52801/danny-mcbride",
            "name": "Danny McBride",
            "country": {
                "name": "United States",
                "code": "US",
                "timezone": "America/New_York"
            },
            "birthday": "1976-12-29",
            "deathday": null,
            "gender": "Male",
            "image": {
                "medium": "https://static.tvmaze.com/uploads/images/medium_portrait/26/65904.jpg",
                "original": "https://static.tvmaze.com/uploads/images/original_untouched/26/65904.jpg"
            },
            "updated": 1688384948,
            "_links": {
                "self": {
                    "href": "https://api.tvmaze.com/people/52801"
                }
            }
        },
        "character": {
            "id": 91906,
            "url": "https://www.tvmaze.com/characters/91906/eastbound-down-kenny-powers",
            "name": "Kenny Powers",
            "image": {
                "medium": "https://static.tvmaze.com/uploads/images/medium_portrait/6/17327.jpg",
                "original": "https://static.tvmaze.com/uploads/images/original_untouched/6/17327.jpg"
            },
            "_links": {
                "self": {
                    "href": "https://api.tvmaze.com/characters/91906"
                }
            }
        },
        "self": false,
        "voice": false
    },
    {
        "person": {
            "id": 28828,
            "url": "https://www.tvmaze.com/people/28828/katy-mixon",
            "name": "Katy Mixon",
            "country": {
                "name": "United States",
                "code": "US",
                "timezone": "America/New_York"
            },
            "birthday": "1981-03-30",
            "deathday": null,
            "gender": "Female",
            "image": {
                "medium": "https://static.tvmaze.com/uploads/images/medium_portrait/3/8337.jpg",
                "original": "https://static.tvmaze.com/uploads/images/original_untouched/3/8337.jpg"
            },
            "updated": 1685017827,
            "_links": {
                "self": {
                    "href": "https://api.tvmaze.com/people/28828"
                }
            }
        },
        "character": {
            "id": 91907,
            "url": "https://www.tvmaze.com/characters/91907/eastbound-down-april-buchanon",
            "name": "April Buchanon",
            "image": {
                "medium": "https://static.tvmaze.com/uploads/images/medium_portrait/6/17328.jpg",
                "original": "https://static.tvmaze.com/uploads/images/original_untouched/6/17328.jpg"
            },
            "_links": {
                "self": {
                    "href": "https://api.tvmaze.com/characters/91907"
                }
            }
        },
        "self": false,
        "voice": false
    },
    {
        "person": {
            "id": 22875,
            "url": "https://www.tvmaze.com/people/22875/john-hawkes",
            "name": "John Hawkes",
            "country": {
                "name": "United States",
                "code": "US",
                "timezone": "America/New_York"
            },
            "birthday": "1959-09-11",
            "deathday": null,
            "gender": "Male",
            "image": {
                "medium": "https://static.tvmaze.com/uploads/images/medium_portrait/47/119537.jpg",
                "original": "https://static.tvmaze.com/uploads/images/original_untouched/47/119537.jpg"
            },
            "updated": 1683040864,
            "_links": {
                "self": {
                    "href": "https://api.tvmaze.com/people/22875"
                }
            }
        },
        "character": {
            "id": 91908,
            "url": "https://www.tvmaze.com/characters/91908/eastbound-down-dustin-powers",
            "name": "Dustin Powers",
            "image": {
                "medium": "https://static.tvmaze.com/uploads/images/medium_portrait/6/17331.jpg",
                "original": "https://static.tvmaze.com/uploads/images/original_untouched/6/17331.jpg"
            },
            "_links": {
                "self": {
                    "href": "https://api.tvmaze.com/characters/91908"
                }
            }
        },
        "self": false,
        "voice": false
    },
    {
        "person": {
            "id": 6536,
            "url": "https://www.tvmaze.com/people/6536/andrew-daly",
            "name": "Andrew Daly",
            "country": {
                "name": "United States",
                "code": "US",
                "timezone": "America/New_York"
            },
            "birthday": "1971-04-15",
            "deathday": null,
            "gender": "Male",
            "image": {
                "medium": "https://static.tvmaze.com/uploads/images/medium_portrait/179/448974.jpg",
                "original": "https://static.tvmaze.com/uploads/images/original_untouched/179/448974.jpg"
            },
            "updated": 1684972645,
            "_links": {
                "self": {
                    "href": "https://api.tvmaze.com/people/6536"
                }
            }
        },
        "character": {
            "id": 91909,
            "url": "https://www.tvmaze.com/characters/91909/eastbound-down-terrence-cutler",
            "name": "Terrence Cutler",
            "image": {
                "medium": "https://static.tvmaze.com/uploads/images/medium_portrait/6/17330.jpg",
                "original": "https://static.tvmaze.com/uploads/images/original_untouched/6/17330.jpg"
            },
            "_links": {
                "self": {
                    "href": "https://api.tvmaze.com/characters/91909"
                }
            }
        },
        "self": false,
        "voice": false
    },
    {
        "person": {
            "id": 11960,
            "url": "https://www.tvmaze.com/people/11960/jennifer-irwin",
            "name": "Jennifer Irwin",
            "country": {
                "name": "Canada",
                "code": "CA",
                "timezone": "America/Halifax"
            },
            "birthday": "1975-06-17",
            "deathday": null,
            "gender": "Female",
            "image": {
                "medium": "https://static.tvmaze.com/uploads/images/medium_portrait/10/26809.jpg",
                "original": "https://static.tvmaze.com/uploads/images/original_untouched/10/26809.jpg"
            },
            "updated": 1684981198,
            "_links": {
                "self": {
                    "href": "https://api.tvmaze.com/people/11960"
                }
            }
        },
        "character": {
            "id": 91910,
            "url": "https://www.tvmaze.com/characters/91910/eastbound-down-cassie-powers",
            "name": "Cassie Powers",
            "image": null,
            "_links": {
                "self": {
                    "href": "https://api.tvmaze.com/characters/91910"
                }
            }
        },
        "self": false,
        "voice": false
    },
    {
        "person": {
            "id": 31787,
            "url": "https://www.tvmaze.com/people/31787/steve-little",
            "name": "Steve Little",
            "country": null,
            "birthday": null,
            "deathday": null,
            "gender": "Male",
            "image": {
                "medium": "https://static.tvmaze.com/uploads/images/medium_portrait/459/1149092.jpg",
                "original": "https://static.tvmaze.com/uploads/images/original_untouched/459/1149092.jpg"
            },
            "updated": 1686864881,
            "_links": {
                "self": {
                    "href": "https://api.tvmaze.com/people/31787"
                }
            }
        },
        "character": {
            "id": 91911,
            "url": "https://www.tvmaze.com/characters/91911/eastbound-down-stevie-janowski",
            "name": "Stevie Janowski",
            "image": {
                "medium": "https://static.tvmaze.com/uploads/images/medium_portrait/6/17329.jpg",
                "original": "https://static.tvmaze.com/uploads/images/original_untouched/6/17329.jpg"
            },
            "_links": {
                "self": {
                    "href": "https://api.tvmaze.com/characters/91911"
                }
            }
        },
        "self": false,
        "voice": false
    },
    {
        "person": {
            "id": 52803,
            "url": "https://www.tvmaze.com/people/52803/ben-best",
            "name": "Ben Best",
            "country": null,
            "birthday": null,
            "deathday": null,
            "gender": "Male",
            "image": {
                "medium": "https://static.tvmaze.com/uploads/images/medium_portrait/129/322810.jpg",
                "original": "https://static.tvmaze.com/uploads/images/original_untouched/129/322810.jpg"
            },
            "updated": 1506449478,
            "_links": {
                "self": {
                    "href": "https://api.tvmaze.com/people/52803"
                }
            }
        },
        "character": {
            "id": 91912,
            "url": "https://www.tvmaze.com/characters/91912/eastbound-down-clegg",
            "name": "Clegg",
            "image": null,
            "_links": {
                "self": {
                    "href": "https://api.tvmaze.com/characters/91912"
                }
            }
        },
        "self": false,
        "voice": false
    }
]