[
    {
        "person": {
            "id": 938,
            "url": "https://www.tvmaze.com/people/938/gaby-hoffmann",
            "name": "Gaby Hoffmann",
            "country": {
                "name": "United States",
                "code": "US",
                "timezone": "America/New_York"
            },
            "birthday": "1982-01-08",
            "deathday": null,
            "gender": "Female",
            "image": {
                "medium": "https://static.tvmaze.com/uploads/images/medium_portrait/0/1745.jpg",
                "original": "https://static.tvmaze.com/uploads/images/original_untouched/0/1745.jpg"
            },
            "updated": 1652098651,
            "_links": {
                "self": {
                    "href": "https://api.tvmaze.com/people/938"
                }
            }
        },
        "character": {
            "id": 33124,
            "url": "https://www.tvmaze.com/characters/33124/transparent-ali-pfefferman",
            "name": "Ali Pfefferman",
            "image": {
                "medium": "https://static.tvmaze.com/uploads/images/medium_portrait/109/274365.jpg",
                "original": "https://static.tvmaze.com/uploads/images/original_untouched/109/274365.jpg"
            },
            "_links": {
                "self": {
                    "href": "https://api.tvmaze.com/characters/33124"
                }
            }
        },
        "self": false,
        "voice": false
    },
    {
        "person": {
            "id": 11104,
            "url": "https://www.tvmaze.com/people/11104/jay-duplass",
            "name": "Jay Duplass",
            "country": {
                "name": "United States",
                "code": "US",
                "timezone": "America/New_York"
            },
            "birthday": "1973-03-07",
            "deathday": null,
            "gender": "Male",
            "image": {
                "medium": "https://static.tvmaze.com/uploads/images/medium_portrait/0/1743.jpg",
                "original": "https://static.tvmaze.com/uploads/images/original_untouched/0/1743.jpg"
            },
            "updated": 1685380844,
            "_links": {
                "self": {
                    "href": "https://api.tvmaze.com/people/11104"
                }
            }
        },
        "character": {
            "id": 33125,
            "url": "https://www.tvmaze.com/characters/33125/transparent-josh-pfefferman",
            "name": "Josh Pfefferman",
            "image": {
                "medium": "https://static.tvmaze.com/uploads/images/medium_portrait/109/274362.jpg",
                "original": "https://static.tvmaze.com/uploads/images/original_untouched/109/274362.jpg"
            },
            "_links": {
                "self": {
                    "href": "https://api.tvmaze.com/characters/33125"
                }
            }
        },
        "self": false,
        "voice": false
    },
    {
        "person": {
            "id": 1243,
            "url": "https://www.tvmaze.com/people/1243/amy-landecker",
            "name": "Amy Landecker",
            "country": {
                "name": "United States",
                "code": "US",
                "timezone": "America/New_York"
            },
            "birthday": "1969-09-30",
            "deathday": null,
            "gender": "Female",
            "image": {
                "medium": "https://static.tvmaze.com/uploads/images/medium_portrait/0/1747.jpg",
                "original": "https://static.tvmaze.com/uploads/images/original_untouched/0/1747.jpg"
            },
            "updated": 1679141769,
            "_links": {
                "self": {
                    "href": "https://api.tvmaze.com/people/1243"
                }
            }
        },
        "character": {
            "id": 33126,
            "url": "https://www.tvmaze.com/characters/33126/transparent-sarah-pfefferman",
            "name": "Sarah Pfefferman",
            "image": {
                "medium": "https://static.tvmaze.com/uploads/images/medium_portrait/109/274361.jpg",
                "original": "https://static.tvmaze.com/uploads/images/original_untouched/109/274361.jpg"
            },
            "_links": {
                "self": {
                    "href": "https://api.tvmaze.com/characters/33126"
                }
            }
        },
        "self": false,
        "voice": false
    },
    {
        "person": {
            "id": 19222,
            "url": "https://www.tvmaze.com/people/19222/judith-light",
            "name": "Judith Light",
            "country": {
                "name": "United States",
                "code": "US",
                "timezone": "America/New_York"
            },
            "birthday": "1949-02-09",
            "deathday": null,
            "gender": "Female",
            "image": {
                "medium": "https://static.tvmaze.com/uploads/images/medium_portrait/0/1746.jpg",
                "original": "https://static.tvmaze.com/uploads/images/original_untouched/0/1746.jpg"
            },
            "updated": 1679430307,
            "_links": {
                "self": {
                    "href": "https://api.tvmaze.com/people/19222"
                }
            }
        },
        "character": {
            "id": 33127,
            "url": "https://www.tvmaze.com/characters/33127/transparent-shelly-pfefferman",
            "name": "Shelly Pfefferman",
            "image": {
                "medium": "https://static.tvmaze.com/uploads/images/medium_portrait/109/274363.jpg",
                "original": "https://static.tvmaze.com/uploads/images/original_untouched/109/274363.jpg"
            },
            "_links": {
                "self": {
                    "href": "https://api.tvmaze.com/characters/33127"
                }
            }
        },
        "self": false,
        "voice": false
    },
    {
        "person": {
            "id": 20924,
            "url": "https://www.tvmaze.com/people/20924/jeffrey-tambor",
            "name": "Jeffrey Tambor",
            "country": {
                "name": "United States",
                "code": "US",
                "timezone": "America/New_York"
            },
            "birthday": "1944-07-08",
            "deathday": null,
            "gender": "Male",
            "image": {
                "medium": "https://static.tvmaze.com/uploads/images/medium_portrait/0/1749.jpg",
                "original": "https://static.tvmaze.com/uploads/images/original_untouched/0/1749.jpg"
            },
            "updated": 1686783367,
            "_links": {
                "self": {
                    "href": "https://api.tvmaze.com/people/20924"
                }
            }
        },
        "character": {
            "id": 33128,
            "url": "https://www.tvmaze.com/characters/33128/transparent-maura-pfefferman",
            "name": "Maura Pfefferman",
            "image": {
                "medium": "https://static.tvmaze.com/uploads/images/medium_portrait/109/274360.jpg",
                "original": "https://static.tvmaze.com/uploads/images/original_untouched/109/274360.jpg"
            },
            "_links": {
                "self": {
                    "href": "https://api.tvmaze.com/characters/33128"
                }
            }
        },
        "self": false,
        "voice": false
    },
    {
        "person": {
            "id": 17192,
            "url": "https://www.tvmaze.com/people/17192/melora-hardin",
            "name": "Melora Hardin",
            "country": {
                "name": "United States",
                "code": "US",
                "timezone": "America/New_York"
            },
            "birthday": "1967-06-29",
            "deathday": null,
            "gender": "Female",
            "image": {
                "medium": "https://static.tvmaze.com/uploads/images/medium_portrait/0/1748.jpg",
                "original": "https://static.tvmaze.com/uploads/images/original_untouched/0/1748.jpg"
            },
            "updated": 1673660879,
            "_links": {
                "self": {
                    "href": "https://api.tvmaze.com/people/17192"
                }
            }
        },
        "character": {
            "id": 124837,
            "url": "https://www.tvmaze.com/characters/124837/transparent-tammy-cashman",
            "name": "Tammy Cashman",
            "image": null,
            "_links": {
                "self": {
                    "href": "https://api.tvmaze.com/characters/124837"
                }
            }
        },
        "self": false,
        "voice": false
    },
    {
        "person": {
            "id": 21315,
            "url": "https://www.tvmaze.com/people/21315/kathryn-hahn",
            "name": "Kathryn Hahn",
            "country": {
                "name": "United States",
                "code": "US",
                "timezone": "America/New_York"
            },
            "birthday": "1973-07-23",
            "deathday": null,
            "gender": "Female",
            "image": {
                "medium": "https://static.tvmaze.com/uploads/images/medium_portrait/10/26460.jpg",
                "original": "https://static.tvmaze.com/uploads/images/original_untouched/10/26460.jpg"
            },
            "updated": 1685627754,
            "_links": {
                "self": {
                    "href": "https://api.tvmaze.com/people/21315"
                }
            }
        },
        "character": {
            "id": 466732,
            "url": "https://www.tvmaze.com/characters/466732/transparent-raquel-fein",
            "name": "Raquel Fein",
            "image": {
                "medium": "https://static.tvmaze.com/uploads/images/medium_portrait/223/557804.jpg",
                "original": "https://static.tvmaze.com/uploads/images/original_untouched/223/557804.jpg"
            },
            "_links": {
                "self": {
                    "href": "https://api.tvmaze.com/characters/466732"
                }
            }
        },
        "self": false,
        "voice": false
    }
]