[
    {
        "person": {
            "id": 26406,
            "url": "https://www.tvmaze.com/people/26406/matthew-fox",
            "name": "Matthew Fox",
            "country": {
                "name": "United States",
                "code": "US",
                "timezone": "America/New_York"
            },
            "birthday": "1966-07-14",
            "deathday": null,
            "gender": "Male",
            "image": {
                "medium": "https://static.tvmaze.com/uploads/images/medium_portrait/0/2384.jpg",
                "original": "https://static.tvmaze.com/uploads/images/original_untouched/0/2384.jpg"
            },
            "updated": 1673177822,
            "_links": {
                "self": {
                    "href": "https://api.tvmaze.com/people/26406"
                }
            }
        },
        "character": {
            "id": 34808,
            "url": "https://www.tvmaze.com/characters/34808/lost-dr-jack-shephard",
            "name": "Dr. Jack Shephard",
            "image": {
                "medium": "https://static.tvmaze.com/uploads/images/medium_portrait/0/1390.jpg",
                "original": "https://static.tvmaze.com/uploads/images/original_untouched/0/1390.jpg"
            },
            "_links": {
                "self": {
                    "href": "https://api.tvmaze.com/characters/34808"
                }
            }
        },
        "self": false,
        "voice": false
    },
    {
        "person": {
            "id": 26407,
            "url": "https://www.tvmaze.com/people/26407/evangeline-lilly",
            "name": "Evangeline Lilly",
            "country": {
                "name": "Canada",
                "code": "CA",
                "timezone": "America/Halifax"
            },
            "birthday": "1979-08-03",
            "deathday": null,
            "gender": "Female",
            "image": {
                "medium": "https://static.tvmaze.com/uploads/images/medium_portrait/3/8772.jpg",
                "original": "https://static.tvmaze.com/uploads/images/original_untouched/3/8772.jpg"
            },
            "updated": 1678920191,
            "_links": {
                "self": {
                    "href": "https://api.tvmaze.com/people/26407"
                }
            }
        },
        "character": {
            "id": 34811,
            "url": "https://www.tvmaze.com/characters/34811/lost-katherine-kate-austen",
            "name": "Katherine \"Kate\" Austen",
            "image": {
                "medium": "https://static.tvmaze.com/uploads/images/medium_portrait/0/1392.jpg",
                "original": "https://static.tvmaze.com/uploads/images/original_untouched/0/1392.jpg"
            },
            "_links": {
                "self": {
                    "href": "https://api.tvmaze.com/characters/34811"
                }
            }
        },
        "self": false,
        "voice": false
    },
    {
        "person": {
            "id": 3233,
            "url": "https://www.tvmaze.com/people/3233/jorge-garcia",
            "name": "Jorge Garcia",
            "country": {
                "name": "United States",
                "code": "US",
                "timezone": "America/New_York"
            },
            "birthday": "1973-04-28",
            "deathday": null,
            "gender": "Male",
            "image": {
                "medium": "https://static.tvmaze.com/uploads/images/medium_portrait/1/4599.jpg",
                "original": "https://static.tvmaze.com/uploads/images/original_untouched/1/4599.jpg"
            },
            "updated": 1684748059,
            "_links": {
                "self": {
                    "href": "https://api.tvmaze.com/people/3233"
                }
            }
        },
        "character": {
            "id": 34813,
            "url": "https://www.tvmaze.com/characters/34813/lost-hugo-hurley-reyes",
            "name": "Hugo \"Hurley\" Reyes",
            "image": {
                "medium": "https://static.tvmaze.com/uploads/images/medium_portrait/0/1397.jpg",
                "original": "https://static.tvmaze.com/uploads/images/original_untouched/0/1397.jpg"
            },
            "_links": {
                "self": {
                    "href": "https://api.tvmaze.com/characters/34813"
                }
            }
        },
        "self": false,
        "voice": false
    },
    {
        "person": {
            "id": 8389,
            "url": "https://www.tvmaze.com/people/8389/josh-holloway",
            "name": "Josh Holloway",
            "country": {
                "name": "United States",
                "code": "US",
                "timezone": "America/New_York"
            },
            "birthday": "1969-07-20",
            "deathday": null,
            "gender": "Male",
            "image": {
                "medium": "https://static.tvmaze.com/uploads/images/medium_portrait/162/406159.jpg",
                "original": "https://static.tvmaze.com/uploads/images/original_untouched/162/406159.jpg"
            },
            "updated": 1679917963,
            "_links": {
                "self": {
                    "href": "https://api.tvmaze.com/people/8389"
                }
            }
        },
        "character": {
            "id": 34810,
            "url": "https://www.tvmaze.com/characters/34810/lost-james-sawyer-ford",
            "name": "James \"Sawyer\" Ford",
            "image": {
                "medium": "https://static.tvmaze.com/uploads/images/medium_portrait/0/1396.jpg",
                "original": "https://static.tvmaze.com/uploads/images/original_untouched/0/1396.jpg"
            },
            "_links": {
                "self": {
                    "href": "https://api.tvmaze.com/characters/34810"
                }
            }
        },
        "self": false,
        "voice": false
    },
    {
        "person": {
            "id": 5312,
            "url": "https://www.tvmaze.com/people/5312/terry-oquinn",
            "name": "Terry O'Quinn",
            "country": {
                "name": "United States",
                "code": "US",
                "timezone": "America/New_York"
            },
            "birthday": "1952-07-15",
            "deathday": null,
            "gender": "Male",
            "image": {
                "medium": "https://static.tvmaze.com/uploads/images/medium_portrait/44/110128.jpg",
                "original": "https://static.tvmaze.com/uploads/images/original_untouched/44/110128.jpg"
            },
            "updated": 1673217376,
            "_links": {
                "self": {
                    "href": "https://api.tvmaze.com/people/5312"
                }
            }
        },
        "character": {
            "id": 34809,
            "url": "https://www.tvmaze.com/characters/34809/lost-john-locke",
            "name": "John Locke",
            "image": {
                "medium": "https://static.tvmaze.com/uploads/images/medium_portrait/0/1391.jpg",
                "original": "https://static.tvmaze.com/uploads/images/original_untouched/0/1391.jpg"
            },
            "_links": {
                "self": {
                    "href": "https://api.tvmaze.com/characters/34809"
                }
            }
        },
        "self": false,
        "voice": false
    },
    {
        "person": {
            "id": 4973,
            "url": "https://www.tvmaze.com/people/4973/naveen-andrews",
            "name": "Naveen Andrews",
            "country": {
                "name": "United Kingdom",
                "code": "GB",
                "timezone": "Europe/London"
            },
            "birthday": "1969-01-17",
            "deathday": null,
            "gender": "Male",
            "image": {
                "medium": "https://static.tvmaze.com/uploads/images/medium_portrait/3/8432.jpg",
                "original": "https://static.tvmaze.com/uploads/images/original_untouched/3/8432.jpg"
            },
            "updated": 1674254127,
            "_links": {
                "self": {
                    "href": "https://api.tvmaze.com/people/4973"
                }
            }
        },
        "character": {
            "id": 34812,
            "url": "https://www.tvmaze.com/characters/34812/lost-sayid-jarrah",
            "name": "Sayid Jarrah",
            "image": {
                "medium": "https://static.tvmaze.com/uploads/images/medium_portrait/0/1393.jpg",
                "original": "https://static.tvmaze.com/uploads/images/original_untouched/0/1393.jpg"
            },
            "_links": {
                "self": {
                    "href": "https://api.tvmaze.com/characters/34812"
                }
            }
        },
        "self": false,
        "voice": false
    },
    {
        "person": {
            "id": 5025,
            "url": "https://www.tvmaze.com/people/5025/daniel-dae-kim",
            "name": "Daniel Dae Kim",
            "country": {
                "name": "Korea, Republic of",
                "code": "KR",
                "timezone": "Asia/Seoul"
            },
            "birthday": "1968-08-04",
            "deathday": null,
            "gender": "Male",
            "image": {
                "medium": "https://static.tvmaze.com/uploads/images/medium_portrait/0/1131.jpg",
                "original": "https://static.tvmaze.com/uploads/images/original_untouched/0/1131.jpg"
            },
            "updated": 1687915425,
            "_links": {
                "self": {
                    "href": "https://api.tvmaze.com/people/5025"
                }
            }
        },
        "character": {
            "id": 34815,
            "url": "https://www.tvmaze.com/characters/34815/lost-jin-soo-kwon",
            "name": "Jin Soo Kwon",
            "image": {
                "medium": "https://static.tvmaze.com/uploads/images/medium_portrait/0/1394.jpg",
                "original": "https://static.tvmaze.com/uploads/images/original_untouched/0/1394.jpg"
            },
            "_links": {
                "self": {
                    "href": "https://api.tvmaze.com/characters/34815"
                }
            }
        },
        "self": false,
        "voice": false
    },
    {
        "person": {
            "id": 215755,
            "url": "https://www.tvmaze.com/people/215755/kim-yoon-jin",
            "name": "Kim Yoon Jin",
            "country": {
                "name": "Korea, Republic of",
                "code": "KR",
                "timezone": "Asia/Seoul"
            },
            "birthday": "1973-11-07",
            "deathday": null,
            "gender": "Female",
            "image": {
                "medium": "https://static.tvmaze.com/uploads/images/medium_portrait/168/420190.jpg",
                "original": "https://static.tvmaze.com/uploads/images/original_untouched/168/420190.jpg"
            },
            "updated": 1671030701,
            "_links": {
                "self": {
                    "href": "https://api.tvmaze.com/people/215755"
                }
            }
        },
        "character": {
            "id": 34814,
            "url": "https://www.tvmaze.com/characters/34814/lost-sun-hwa-kwon",
            "name": "Sun Hwa Kwon",
            "image": {
                "medium": "https://static.tvmaze.com/uploads/images/medium_portrait/0/1395.jpg",
                "original": "https://static.tvmaze.com/uploads/images/original_untouched/0/1395.jpg"
            },
            "_links": {
                "self": {
                    "href": "https://api.tvmaze.com/characters/34814"
                }
            }
        },
        "self": false,
        "voice": false
    },
    {
        "person": {
            "id": 2914,
            "url": "https://www.tvmaze.com/people/2914/emilie-de-ravin",
            "name": "Emilie de Ravin",
            "country": {
                "name": "Australia",
                "code": "AU",
                "timezone": "Australia/Sydney"
            },
            "birthday": "1981-12-27",
            "deathday": null,
            "gender": "Female",
            "image": {
                "medium": "https://static.tvmaze.com/uploads/images/medium_portrait/163/408132.jpg",
                "original": "https://static.tvmaze.com/uploads/images/original_untouched/163/408132.jpg"
            },
            "updated": 1681944009,
            "_links": {
                "self": {
                    "href": "https://api.tvmaze.com/people/2914"
                }
            }
        },
        "character": {
            "id": 34817,
            "url": "https://www.tvmaze.com/characters/34817/lost-claire-littleton",
            "name": "Claire Littleton",
            "image": {
                "medium": "https://static.tvmaze.com/uploads/images/medium_portrait/0/1402.jpg",
                "original": "https://static.tvmaze.com/uploads/images/original_untouched/0/1402.jpg"
            },
            "_links": {
                "self": {
                    "href": "https://api.tvmaze.com/characters/34817"
                }
            }
        },
        "self": false,
        "voice": false
    },
    {
        "person": {
            "id": 26409,
            "url": "https://www.tvmaze.com/people/26409/dominic-monaghan",
            "name": "Dominic Monaghan",
            "country": {
                "name": "Germany",
                "code": "DE",
                "timezone": "Europe/Busingen"
            },
            "birthday": "1976-12-08",
            "deathday": null,
            "gender": "Male",
            "image": {
                "medium": "https://static.tvmaze.com/uploads/images/medium_portrait/3/8773.jpg",
                "original": "https://static.tvmaze.com/uploads/images/original_untouched/3/8773.jpg"
            },
            "updated": 1686242927,
            "_links": {
                "self": {
                    "href": "https://api.tvmaze.com/people/26409"
                }
            }
        },
        "character": {
            "id": 34816,
            "url": "https://www.tvmaze.com/characters/34816/lost-charlie-pace",
            "name": "Charlie Pace",
            "image": {
                "medium": "https://static.tvmaze.com/uploads/images/medium_portrait/0/1401.jpg",
                "original": "https://static.tvmaze.com/uploads/images/original_untouched/0/1401.jpg"
            },
            "_links": {
                "self": {
                    "href": "https://api.tvmaze.com/characters/34816"
                }
            }
        },
        "self": false,
        "voice": false
    },
    {
        "person": {
            "id": 93,
            "url": "https://www.tvmaze.com/people/93/michael-emerson",
            "name": "Michael Emerson",
            "country": {
                "name": "United States",
                "code": "US",
                "timezone": "America/New_York"
            },
            "birthday": "1954-09-07",
            "deathday": null,
            "gender": "Male",
            "image": {
                "medium": "https://static.tvmaze.com/uploads/images/medium_portrait/2/6590.jpg",
                "original": "https://static.tvmaze.com/uploads/images/original_untouched/2/6590.jpg"
            },
            "updated": 1671031152,
            "_links": {
                "self": {
                    "href": "https://api.tvmaze.com/people/93"
                }
            }
        },
        "character": {
            "id": 34818,
            "url": "https://www.tvmaze.com/characters/34818/lost-ben-linus",
            "name": "Ben Linus",
            "image": {
                "medium": "https://static.tvmaze.com/uploads/images/medium_portrait/0/1400.jpg",
                "original": "https://static.tvmaze.com/uploads/images/original_untouched/0/1400.jpg"
            },
            "_links": {
                "self": {
                    "href": "https://api.tvmaze.com/characters/34818"
                }
            }
        },
        "self": false,
        "voice": false
    },
    {
        "person": {
            "id": 2706,
            "url": "https://www.tvmaze.com/people/2706/harold-perrineau",
            "name": "Harold Perrineau",
            "country": {
                "name": "United States",
                "code": "US",
                "timezone": "America/New_York"
            },
            "birthday": "1963-08-07",
            "deathday": null,
            "gender": "Male",
            "image": {
                "medium": "https://static.tvmaze.com/uploads/images/medium_portrait/89/222524.jpg",
                "original": "https://static.tvmaze.com/uploads/images/original_untouched/89/222524.jpg"
            },
            "updated": 1687675614,
            "_links": {
                "self": {
                    "href": "https://api.tvmaze.com/people/2706"
                }
            }
        },
        "character": {
            "id": 34821,
            "url": "https://www.tvmaze.com/characters/34821/lost-michael-dawson",
            "name": "Michael Dawson",
            "image": {
                "medium": "https://static.tvmaze.com/uploads/images/medium_portrait/0/1425.jpg",
                "original": "https://static.tvmaze.com/uploads/images/original_untouched/0/1425.jpg"
            },
            "_links": {
                "self": {
                    "href": "https://api.tvmaze.com/characters/34821"
                }
            }
        },
        "self": false,
        "voice": false
    },
    {
        "person": {
            "id": 19717,
            "url": "https://www.tvmaze.com/people/19717/elizabeth-mitchell",
            "name": "Elizabeth Mitchell",
            "country": {
                "name": "United States",
                "code": "US",
                "timezone": "America/New_York"
            },
            "birthday": "1970-03-27",
            "deathday": null,
            "gender": "Female",
            "image": {
                "medium": "https://static.tvmaze.com/uploads/images/medium_portrait/153/382856.jpg",
                "original": "https://static.tvmaze.com/uploads/images/original_untouched/153/382856.jpg"
            },
            "updated": 1677178771,
            "_links": {
                "self": {
                    "href": "https://api.tvmaze.com/people/19717"
                }
            }
        },
        "character": {
            "id": 34820,
            "url": "https://www.tvmaze.com/characters/34820/lost-juliet-burke",
            "name": "Juliet Burke",
            "image": {
                "medium": "https://static.tvmaze.com/uploads/images/medium_portrait/0/1398.jpg",
                "original": "https://static.tvmaze.com/uploads/images/original_untouched/0/1398.jpg"
            },
            "_links": {
                "self": {
                    "href": "https://api.tvmaze.com/characters/34820"
                }
            }
        },
        "self": false,
        "voice": false
    },
    {
        "person": {
            "id": 789,
            "url": "https://www.tvmaze.com/people/789/henry-ian-cusick",
            "name": "Henry Ian Cusick",
            "country": {
                "name": "Peru",
                "code": "PE",
                "timezone": "America/Lima"
            },
            "birthday": "1967-04-17",
            "deathday": null,
            "gender": "Male",
            "image": {
                "medium": "https://static.tvmaze.com/uploads/images/medium_portrait/150/376197.jpg",
                "original": "https://static.tvmaze.com/uploads/images/original_untouched/150/376197.jpg"
            },
            "updated": 1684426662,
            "_links": {
                "self": {
                    "href": "https://api.tvmaze.com/people/789"
                }
            }
        },
        "character": {
            "id": 34819,
            "url": "https://www.tvmaze.com/characters/34819/lost-desmond-hume",
            "name": "Desmond Hume",
            "image": {
                "medium": "https://static.tvmaze.com/uploads/images/medium_portrait/0/1399.jpg",
                "original": "https://static.tvmaze.com/uploads/images/original_untouched/0/1399.jpg"
            },
            "_links": {
                "self": {
                    "href": "https://api.tvmaze.com/characters/34819"
                }
            }
        },
        "self": false,
        "voice": false
    },
    {
        "person": {
            "id": 20429,
            "url": "https://www.tvmaze.com/people/20429/ken-leung",
            "name": "Ken Leung",
            "country": {
                "name": "United States",
                "code": "US",
                "timezone": "America/New_York"
            },
            "birthday": "1970-01-21",
            "deathday": null,
            "gender": "Male",
            "image": {
                "medium": "https://static.tvmaze.com/uploads/images/medium_portrait/3/7914.jpg",
                "original": "https://static.tvmaze.com/uploads/images/original_untouched/3/7914.jpg"
            },
            "updated": 1676402183,
            "_links": {
                "self": {
                    "href": "https://api.tvmaze.com/people/20429"
                }
            }
        },
        "character": {
            "id": 34832,
            "url": "https://www.tvmaze.com/characters/34832/lost-miles-straume",
            "name": "Miles Straume",
            "image": {
                "medium": "https://static.tvmaze.com/uploads/images/medium_portrait/0/1415.jpg",
                "original": "https://static.tvmaze.com/uploads/images/original_untouched/0/1415.jpg"
            },
            "_links": {
                "self": {
                    "href": "https://api.tvmaze.com/characters/34832"
                }
            }
        },
        "self": false,
        "voice": false
    },
    {
        "person": {
            "id": 14723,
            "url": "https://www.tvmaze.com/people/14723/maggie-grace",
            "name": "Maggie Grace",
            "country": {
                "name": "United States",
                "code": "US",
                "timezone": "America/New_York"
            },
            "birthday": "1983-09-21",
            "deathday": null,
            "gender": "Female",
            "image": {
                "medium": "https://static.tvmaze.com/uploads/images/medium_portrait/282/705568.jpg",
                "original": "https://static.tvmaze.com/uploads/images/original_untouched/282/705568.jpg"
            },
            "updated": 1659641203,
            "_links": {
                "self": {
                    "href": "https://api.tvmaze.com/people/14723"
                }
            }
        },
        "character": {
            "id": 34823,
            "url": "https://www.tvmaze.com/characters/34823/lost-shannon-rutherford",
            "name": "Shannon Rutherford",
            "image": {
                "medium": "https://static.tvmaze.com/uploads/images/medium_portrait/0/1404.jpg",
                "original": "https://static.tvmaze.com/uploads/images/original_untouched/0/1404.jpg"
            },
            "_links": {
                "self": {
                    "href": "https://api.tvmaze.com/characters/34823"
                }
            }
        },
        "self": false,
        "voice": false
    },
    {
        "person": {
            "id": 2707,
            "url": "https://www.tvmaze.com/people/2707/jeremy-davies",
            "name": "Jeremy Davies",
            "country": {
                "name": "United States",
                "code": "US",
                "timezone": "America/New_York"
            },
            "birthday": "1969-10-08",
            "deathday": null,
            "gender": "Male",
            "image": {
                "medium": "https://static.tvmaze.com/uploads/images/medium_portrait/2/5781.jpg",
                "original": "https://static.tvmaze.com/uploads/images/original_untouched/2/5781.jpg"
            },
            "updated": 1544577195,
            "_links": {
                "self": {
                    "href": "https://api.tvmaze.com/people/2707"
                }
            }
        },
        "character": {
            "id": 34822,
            "url": "https://www.tvmaze.com/characters/34822/lost-daniel-faraday",
            "name": "Daniel Faraday",
            "image": {
                "medium": "https://static.tvmaze.com/uploads/images/medium_portrait/0/1416.jpg",
                "original": "https://static.tvmaze.com/uploads/images/original_untouched/0/1416.jpg"
            },
            "_links": {
                "self": {
                    "href": "https://api.tvmaze.com/characters/34822"
                }
            }
        },
        "self": false,
        "voice": false
    },
    {
        "person": {
            "id": 21088,
            "url": "https://www.tvmaze.com/people/21088/nestor-carbonell",
            "name": "Nestor Carbonell",
            "country": {
                "name": "United States",
                "code": "US",
                "timezone": "America/New_York"
            },
            "birthday": "1967-12-01",
            "deathday": null,
            "gender": "Male",
            "image": {
                "medium": "https://static.tvmaze.com/uploads/images/medium_portrait/3/8511.jpg",
                "original": "https://static.tvmaze.com/uploads/images/original_untouched/3/8511.jpg"
            },
            "updated": 1683815916,
            "_links": {
                "self": {
                    "href": "https://api.tvmaze.com/people/21088"
                }
            }
        },
        "character": {
            "id": 34825,
            "url": "https://www.tvmaze.com/characters/34825/lost-richard-alpert",
            "name": "Richard Alpert",
            "image": {
                "medium": "https://static.tvmaze.com/uploads/images/medium_portrait/0/1410.jpg",
                "original": "https://static.tvmaze.com/uploads/images/original_untouched/0/1410.jpg"
            },
            "_links": {
                "self": {
                    "href": "https://api.tvmaze.com/characters/34825"
                }
            }
        },
        "self": false,
        "voice": false
    },
    {
        "person": {
            "id": 3317,
            "url": "https://www.tvmaze.com/people/3317/rebecca-mader",
            "name": "Rebecca Mader",
            "country": {
                "name": "United Kingdom",
                "code": "GB",
                "timezone": "Europe/London"
            },
            "birthday": "1977-04-24",
            "deathday": null,
            "gender": "Female",
            "image": {
                "medium": "https://static.tvmaze.com/uploads/images/medium_portrait/1/4571.jpg",
                "original": "https://static.tvmaze.com/uploads/images/original_untouched/1/4571.jpg"
            },
            "updated": 1683970969,
            "_links": {
                "self": {
                    "href": "https://api.tvmaze.com/people/3317"
                }
            }
        },
        "character": {
            "id": 34831,
            "url": "https://www.tvmaze.com/characters/34831/lost-charlotte-lewis",
            "name": "Charlotte Lewis",
            "image": {
                "medium": "https://static.tvmaze.com/uploads/images/medium_portrait/0/1414.jpg",
                "original": "https://static.tvmaze.com/uploads/images/original_untouched/0/1414.jpg"
            },
            "_links": {
                "self": {
                    "href": "https://api.tvmaze.com/characters/34831"
                }
            }
        },
        "self": false,
        "voice": false
    },
    {
        "person": {
            "id": 8417,
            "url": "https://www.tvmaze.com/people/8417/ian-somerhalder",
            "name": "Ian Somerhalder",
            "country": {
                "name": "United States",
                "code": "US",
                "timezone": "America/New_York"
            },
            "birthday": "1978-12-08",
            "deathday": null,
            "gender": "Male",
            "image": {
                "medium": "https://static.tvmaze.com/uploads/images/medium_portrait/2/7223.jpg",
                "original": "https://static.tvmaze.com/uploads/images/original_untouched/2/7223.jpg"
            },
            "updated": 1527192896,
            "_links": {
                "self": {
                    "href": "https://api.tvmaze.com/people/8417"
                }
            }
        },
        "character": {
            "id": 34824,
            "url": "https://www.tvmaze.com/characters/34824/lost-boone-carlyle",
            "name": "Boone Carlyle",
            "image": {
                "medium": "https://static.tvmaze.com/uploads/images/medium_portrait/0/1403.jpg",
                "original": "https://static.tvmaze.com/uploads/images/original_untouched/0/1403.jpg"
            },
            "_links": {
                "self": {
                    "href": "https://api.tvmaze.com/characters/34824"
                }
            }
        },
        "self": false,
        "voice": false
    },
    {
        "person": {
            "id": 14,
            "url": "https://www.tvmaze.com/people/14/jeff-fahey",
            "name": "Jeff Fahey",
            "country": {
                "name": "United States",
                "code": "US",
                "timezone": "America/New_York"
            },
            "birthday": "1952-11-29",
            "deathday": null,
            "gender": "Male",
            "image": {
                "medium": "https://static.tvmaze.com/uploads/images/medium_portrait/0/1163.jpg",
                "original": "https://static.tvmaze.com/uploads/images/original_untouched/0/1163.jpg"
            },
            "updated": 1683360811,
            "_links": {
                "self": {
                    "href": "https://api.tvmaze.com/people/14"
                }
            }
        },
        "character": {
            "id": 34826,
            "url": "https://www.tvmaze.com/characters/34826/lost-frank-lapidus",
            "name": "Frank Lapidus",
            "image": {
                "medium": "https://static.tvmaze.com/uploads/images/medium_portrait/0/1412.jpg",
                "original": "https://static.tvmaze.com/uploads/images/original_untouched/0/1412.jpg"
            },
            "_links": {
                "self": {
                    "href": "https://api.tvmaze.com/characters/34826"
                }
            }
        },
        "self": false,
        "voice": false
    },
    {
        "person": {
            "id": 22918,
            "url": "https://www.tvmaze.com/people/22918/malcolm-david-kelley",
            "name": "Malcolm David Kelley",
            "country": {
                "name": "United States",
                "code": "US",
                "timezone": "America/New_York"
            },
            "birthday": "1992-05-12",
            "deathday": null,
            "gender": "Male",
            "image": {
                "medium": "https://static.tvmaze.com/uploads/images/medium_portrait/137/344977.jpg",
                "original": "https://static.tvmaze.com/uploads/images/original_untouched/137/344977.jpg"
            },
            "updated": 1671030701,
            "_links": {
                "self": {
                    "href": "https://api.tvmaze.com/people/22918"
                }
            }
        },
        "character": {
            "id": 34828,
            "url": "https://www.tvmaze.com/characters/34828/lost-walt-lloyd",
            "name": "Walt Lloyd",
            "image": {
                "medium": "https://static.tvmaze.com/uploads/images/medium_portrait/0/1405.jpg",
                "original": "https://static.tvmaze.com/uploads/images/original_untouched/0/1405.jpg"
            },
            "_links": {
                "self": {
                    "href": "https://api.tvmaze.com/characters/34828"
                }
            }
        },
        "self": false,
        "voice": false
    },
    {
        "person": {
            "id": 26411,
            "url": "https://www.tvmaze.com/people/26411/michelle-rodriguez",
            "name": "Michelle Rodriguez",
            "country": {
                "name": "United States",
                "code": "US",
                "timezone": "America/New_York"
            },
            "birthday": "1978-07-12",
            "deathday": null,
            "gender": "Female",
            "image": {
                "medium": "https://static.tvmaze.com/uploads/images/medium_portrait/12/31113.jpg",
                "original": "https://static.tvmaze.com/uploads/images/original_untouched/12/31113.jpg"
            },
            "updated": 1680708840,
            "_links": {
                "self": {
                    "href": "https://api.tvmaze.com/people/26411"
                }
            }
        },
        "character": {
            "id": 34830,
            "url": "https://www.tvmaze.com/characters/34830/lost-ana-lucia-cortez",
            "name": "Ana Lucia Cortez",
            "image": {
                "medium": "https://static.tvmaze.com/uploads/images/medium_portrait/0/1423.jpg",
                "original": "https://static.tvmaze.com/uploads/images/original_untouched/0/1423.jpg"
            },
            "_links": {
                "self": {
                    "href": "https://api.tvmaze.com/characters/34830"
                }
            }
        },
        "self": false,
        "voice": false
    },
    {
        "person": {
            "id": 26410,
            "url": "https://www.tvmaze.com/people/26410/adewale-akinnuoye-agbaje",
            "name": "Adewale Akinnuoye-Agbaje",
            "country": {
                "name": "United Kingdom",
                "code": "GB",
                "timezone": "Europe/London"
            },
            "birthday": "1967-08-22",
            "deathday": null,
            "gender": "Male",
            "image": {
                "medium": "https://static.tvmaze.com/uploads/images/medium_portrait/2/7474.jpg",
                "original": "https://static.tvmaze.com/uploads/images/original_untouched/2/7474.jpg"
            },
            "updated": 1685782362,
            "_links": {
                "self": {
                    "href": "https://api.tvmaze.com/people/26410"
                }
            }
        },
        "character": {
            "id": 34827,
            "url": "https://www.tvmaze.com/characters/34827/lost-mr-eko",
            "name": "Mr. Eko",
            "image": {
                "medium": "https://static.tvmaze.com/uploads/images/medium_portrait/0/1421.jpg",
                "original": "https://static.tvmaze.com/uploads/images/original_untouched/0/1421.jpg"
            },
            "_links": {
                "self": {
                    "href": "https://api.tvmaze.com/characters/34827"
                }
            }
        },
        "self": false,
        "voice": false
    },
    {
        "person": {
            "id": 5554,
            "url": "https://www.tvmaze.com/people/5554/cynthia-watros",
            "name": "Cynthia Watros",
            "country": {
                "name": "United States",
                "code": "US",
                "timezone": "America/New_York"
            },
            "birthday": "1968-09-02",
            "deathday": null,
            "gender": "Female",
            "image": {
                "medium": "https://static.tvmaze.com/uploads/images/medium_portrait/3/8775.jpg",
                "original": "https://static.tvmaze.com/uploads/images/original_untouched/3/8775.jpg"
            },
            "updated": 1687302812,
            "_links": {
                "self": {
                    "href": "https://api.tvmaze.com/people/5554"
                }
            }
        },
        "character": {
            "id": 34829,
            "url": "https://www.tvmaze.com/characters/34829/lost-libby-smith",
            "name": "Libby Smith",
            "image": {
                "medium": "https://static.tvmaze.com/uploads/images/medium_portrait/0/1420.jpg",
                "original": "https://static.tvmaze.com/uploads/images/original_untouched/0/1420.jpg"
            },
            "_links": {
                "self": {
                    "href": "https://api.tvmaze.com/characters/34829"
                }
            }
        },
        "self": false,
        "voice": false
    },
    {
        "person": {
            "id": 1049,
            "url": "https://www.tvmaze.com/people/1049/zuleikha-robinson",
            "name": "Zuleikha Robinson",
            "country": {
                "name": "United Kingdom",
                "code": "GB",
                "timezone": "Europe/London"
            },
            "birthday": "1977-06-29",
            "deathday": null,
            "gender": "Female",
            "image": {
                "medium": "https://static.tvmaze.com/uploads/images/medium_portrait/169/424830.jpg",
                "original": "https://static.tvmaze.com/uploads/images/original_untouched/169/424830.jpg"
            },
            "updated": 1688702791,
            "_links": {
                "self": {
                    "href": "https://api.tvmaze.com/people/1049"
                }
            }
        },
        "character": {
            "id": 34833,
            "url": "https://www.tvmaze.com/characters/34833/lost-ilana-verdansky",
            "name": "Ilana Verdansky",
            "image": {
                "medium": "https://static.tvmaze.com/uploads/images/medium_portrait/0/1409.jpg",
                "original": "https://static.tvmaze.com/uploads/images/original_untouched/0/1409.jpg"
            },
            "_links": {
                "self": {
                    "href": "https://api.tvmaze.com/characters/34833"
                }
            }
        },
        "self": false,
        "voice": false
    },
    {
        "person": {
            "id": 26413,
            "url": "https://www.tvmaze.com/people/26413/rodrigo-santoro",
            "name": "Rodrigo Santoro",
            "country": {
                "name": "Brazil",
                "code": "BR",
                "timezone": "America/Noronha"
            },
            "birthday": "1975-08-22",
            "deathday": null,
            "gender": "Male",
            "image": {
                "medium": "https://static.tvmaze.com/uploads/images/medium_portrait/3/8778.jpg",
                "original": "https://static.tvmaze.com/uploads/images/original_untouched/3/8778.jpg"
            },
            "updated": 1686317588,
            "_links": {
                "self": {
                    "href": "https://api.tvmaze.com/people/26413"
                }
            }
        },
        "character": {
            "id": 34835,
            "url": "https://www.tvmaze.com/characters/34835/lost-paulo",
            "name": "Paulo",
            "image": {
                "medium": "https://static.tvmaze.com/uploads/images/medium_portrait/0/1418.jpg",
                "original": "https://static.tvmaze.com/uploads/images/original_untouched/0/1418.jpg"
            },
            "_links": {
                "self": {
                    "href": "https://api.tvmaze.com/characters/34835"
                }
            }
        },
        "self": false,
        "voice": false
    },
    {
        "person": {
            "id": 26412,
            "url": "https://www.tvmaze.com/people/26412/kiele-sanchez",
            "name": "Kiele Sanchez",
            "country": {
                "name": "United States",
                "code": "US",
                "timezone": "America/New_York"
            },
            "birthday": "1977-10-13",
            "deathday": null,
            "gender": "Female",
            "image": {
                "medium": "https://static.tvmaze.com/uploads/images/medium_portrait/21/53166.jpg",
                "original": "https://static.tvmaze.com/uploads/images/original_untouched/21/53166.jpg"
            },
            "updated": 1684476318,
            "_links": {
                "self": {
                    "href": "https://api.tvmaze.com/people/26412"
                }
            }
        },
        "character": {
            "id": 34834,
            "url": "https://www.tvmaze.com/characters/34834/lost-nikki-fernandez",
            "name": "Nikki Fernandez",
            "image": {
                "medium": "https://static.tvmaze.com/uploads/images/medium_portrait/0/1417.jpg",
                "original": "https://static.tvmaze.com/uploads/images/original_untouched/0/1417.jpg"
            },
            "_links": {
                "self": {
                    "href": "https://api.tvmaze.com/characters/34834"
                }
            }
        },
        "self": false,
        "voice": false
    }
]