[
    {
        "person": {
            "id": 27606,
            "url": "https://www.tvmaze.com/people/27606/julia-louis-dreyfus",
            "name": "Julia Louis-Dreyfus",
            "country": {
                "name": "United States",
                "code": "US",
                "timezone": "America/New_York"
            },
            "birthday": "1961-01-13",
            "deathday": null,
            "gender": "Female",
            "image": {
                "medium": "https://static.tvmaze.com/uploads/images/medium_portrait/3/8670.jpg",
                "original": "https://static.tvmaze.com/uploads/images/original_untouched/3/8670.jpg"
            },
            "updated": 1688860930,
            "_links": {
                "self": {
                    "href": "https://api.tvmaze.com/people/27606"
                }
            }
        },
        "character": {
            "id": 37218,
            "url": "https://www.tvmaze.com/characters/37218/veep-selina-meyer",
            "name": "Selina Meyer",
            "image": {
                "medium": "https://static.tvmaze.com/uploads/images/medium_portrait/398/995297.jpg",
                "original": "https://static.tvmaze.com/uploads/images/original_untouched/398/995297.jpg"
            },
            "_links": {
                "self": {
                    "href": "https://api.tvmaze.com/characters/37218"
                }
            }
        },
        "self": false,
        "voice": false
    },
    {
        "person": {
            "id": 24960,
            "url": "https://www.tvmaze.com/people/24960/anna-chlumsky",
            "name": "Anna Chlumsky",
            "country": {
                "name": "United States",
                "code": "US",
                "timezone": "America/New_York"
            },
            "birthday": "1980-12-03",
            "deathday": null,
            "gender": "Female",
            "image": {
                "medium": "https://static.tvmaze.com/uploads/images/medium_portrait/106/265498.jpg",
                "original": "https://static.tvmaze.com/uploads/images/original_untouched/106/265498.jpg"
            },
            "updated": 1684411468,
            "_links": {
                "self": {
                    "href": "https://api.tvmaze.com/people/24960"
                }
            }
        },
        "character": {
            "id": 37219,
            "url": "https://www.tvmaze.com/characters/37219/veep-amy-brookheimer",
            "name": "Amy Brookheimer",
            "image": {
                "medium": "https://static.tvmaze.com/uploads/images/medium_portrait/398/995298.jpg",
                "original": "https://static.tvmaze.com/uploads/images/original_untouched/398/995298.jpg"
            },
            "_links": {
                "self": {
                    "href": "https://api.tvmaze.com/characters/37219"
                }
            }
        },
        "self": false,
        "voice": false
    },
    {
        "person": {
            "id": 20861,
            "url": "https://www.tvmaze.com/people/20861/tony-hale",
            "name": "Tony Hale",
            "country": {
                "name": "United States",
                "code": "US",
                "timezone": "America/New_York"
            },
            "birthday": "1970-09-30",
            "deathday": null,
            "gender": "Male",
            "image": {
                "medium": "https://static.tvmaze.com/uploads/images/medium_portrait/0/1978.jpg",
                "original": "https://static.tvmaze.com/uploads/images/original_untouched/0/1978.jpg"
            },
            "updated": 1688233646,
            "_links": {
                "self": {
                    "href": "https://api.tvmaze.com/people/20861"
                }
            }
        },
        "character": {
            "id": 37220,
            "url": "https://www.tvmaze.com/characters/37220/veep-gary-walsh",
            "name": "Gary Walsh",
            "image": {
                "medium": "https://static.tvmaze.com/uploads/images/medium_portrait/398/995299.jpg",
                "original": "https://static.tvmaze.com/uploads/images/original_untouched/398/995299.jpg"
            },
            "_links": {
                "self": {
                    "href": "https://api.tvmaze.com/characters/37220"
                }
            }
        },
        "self": false,
        "voice": false
    },
    {
        "person": {
            "id": 22179,
            "url": "https://www.tvmaze.com/people/22179/reid-scott",
            "name": "Reid Scott",
            "country": {
                "name": "United States",
                "code": "US",
                "timezone": "America/New_York"
            },
            "birthday": "1977-11-19",
            "deathday": null,
            "gender": "Male",
            "image": {
                "medium": "https://static.tvmaze.com/uploads/images/medium_portrait/0/1979.jpg",
                "original": "https://static.tvmaze.com/uploads/images/original_untouched/0/1979.jpg"
            },
            "updated": 1688733708,
            "_links": {
                "self": {
                    "href": "https://api.tvmaze.com/people/22179"
                }
            }
        },
        "character": {
            "id": 37221,
            "url": "https://www.tvmaze.com/characters/37221/veep-dan-egan",
            "name": "Dan Egan",
            "image": {
                "medium": "https://static.tvmaze.com/uploads/images/medium_portrait/398/995300.jpg",
                "original": "https://static.tvmaze.com/uploads/images/original_untouched/398/995300.jpg"
            },
            "_links": {
                "self": {
                    "href": "https://api.tvmaze.com/characters/37221"
                }
            }
        },
        "self": false,
        "voice": false
    },
    {
        "person": {
            "id": 27607,
            "url": "https://www.tvmaze.com/people/27607/timothy-simons",
            "name": "Timothy Simons",
            "country": {
                "name": "United States",
                "code": "US",
                "timezone": "America/New_York"
            },
            "birthday": "1978-06-12",
            "deathday": null,
            "gender": "Male",
            "image": {
                "medium": "https://static.tvmaze.com/uploads/images/medium_portrait/3/8671.jpg",
                "original": "https://static.tvmaze.com/uploads/images/original_untouched/3/8671.jpg"
            },
            "updated": 1688233720,
            "_links": {
                "self": {
                    "href": "https://api.tvmaze.com/people/27607"
                }
            }
        },
        "character": {
            "id": 37222,
            "url": "https://www.tvmaze.com/characters/37222/veep-jonah-ryan",
            "name": "Jonah Ryan",
            "image": {
                "medium": "https://static.tvmaze.com/uploads/images/medium_portrait/398/995301.jpg",
                "original": "https://static.tvmaze.com/uploads/images/original_untouched/398/995301.jpg"
            },
            "_links": {
                "self": {
                    "href": "https://api.tvmaze.com/characters/37222"
                }
            }
        },
        "self": false,
        "voice": false
    },
    {
        "person": {
            "id": 7058,
            "url": "https://www.tvmaze.com/people/7058/matt-walsh",
            "name": "Matt Walsh",
            "country": {
                "name": "United States",
                "code": "US",
                "timezone": "America/New_York"
            },
            "birthday": "1964-10-13",
            "deathday": null,
            "gender": "Male",
            "image": {
                "medium": "https://static.tvmaze.com/uploads/images/medium_portrait/0/1980.jpg",
                "original": "https://static.tvmaze.com/uploads/images/original_untouched/0/1980.jpg"
            },
            "updated": 1678193578,
            "_links": {
                "self": {
                    "href": "https://api.tvmaze.com/people/7058"
                }
            }
        },
        "character": {
            "id": 37223,
            "url": "https://www.tvmaze.com/characters/37223/veep-mike-mclintock",
            "name": "Mike McLintock",
            "image": {
                "medium": "https://static.tvmaze.com/uploads/images/medium_portrait/398/995302.jpg",
                "original": "https://static.tvmaze.com/uploads/images/original_untouched/398/995302.jpg"
            },
            "_links": {
                "self": {
                    "href": "https://api.tvmaze.com/characters/37223"
                }
            }
        },
        "self": false,
        "voice": false
    },
    {
        "person": {
            "id": 3681,
            "url": "https://www.tvmaze.com/people/3681/gary-cole",
            "name": "Gary Cole",
            "country": {
                "name": "United States",
                "code": "US",
                "timezone": "America/New_York"
            },
            "birthday": "1956-09-20",
            "deathday": null,
            "gender": "Male",
            "image": {
                "medium": "https://static.tvmaze.com/uploads/images/medium_portrait/5/13600.jpg",
                "original": "https://static.tvmaze.com/uploads/images/original_untouched/5/13600.jpg"
            },
            "updated": 1684821527,
            "_links": {
                "self": {
                    "href": "https://api.tvmaze.com/people/3681"
                }
            }
        },
        "character": {
            "id": 37286,
            "url": "https://www.tvmaze.com/characters/37286/veep-kent-davison",
            "name": "Kent Davison",
            "image": {
                "medium": "https://static.tvmaze.com/uploads/images/medium_portrait/398/995303.jpg",
                "original": "https://static.tvmaze.com/uploads/images/original_untouched/398/995303.jpg"
            },
            "_links": {
                "self": {
                    "href": "https://api.tvmaze.com/characters/37286"
                }
            }
        },
        "self": false,
        "voice": false
    },
    {
        "person": {
            "id": 683,
            "url": "https://www.tvmaze.com/people/683/kevin-dunn",
            "name": "Kevin Dunn",
            "country": {
                "name": "United States",
                "code": "US",
                "timezone": "America/New_York"
            },
            "birthday": "1956-08-24",
            "deathday": null,
            "gender": "Male",
            "image": {
                "medium": "https://static.tvmaze.com/uploads/images/medium_portrait/1/3460.jpg",
                "original": "https://static.tvmaze.com/uploads/images/original_untouched/1/3460.jpg"
            },
            "updated": 1688094245,
            "_links": {
                "self": {
                    "href": "https://api.tvmaze.com/people/683"
                }
            }
        },
        "character": {
            "id": 37289,
            "url": "https://www.tvmaze.com/characters/37289/veep-ben-caffrey",
            "name": "Ben Caffrey",
            "image": {
                "medium": "https://static.tvmaze.com/uploads/images/medium_portrait/398/995304.jpg",
                "original": "https://static.tvmaze.com/uploads/images/original_untouched/398/995304.jpg"
            },
            "_links": {
                "self": {
                    "href": "https://api.tvmaze.com/characters/37289"
                }
            }
        },
        "self": false,
        "voice": false
    },
    {
        "person": {
            "id": 27608,
            "url": "https://www.tvmaze.com/people/27608/sufe-bradshaw",
            "name": "Sufe Bradshaw",
            "country": {
                "name": "United States",
                "code": "US",
                "timezone": "America/New_York"
            },
            "birthday": "1986-04-16",
            "deathday": null,
            "gender": "Female",
            "image": {
                "medium": "https://static.tvmaze.com/uploads/images/medium_portrait/0/1982.jpg",
                "original": "https://static.tvmaze.com/uploads/images/original_untouched/0/1982.jpg"
            },
            "updated": 1540409445,
            "_links": {
                "self": {
                    "href": "https://api.tvmaze.com/people/27608"
                }
            }
        },
        "character": {
            "id": 37224,
            "url": "https://www.tvmaze.com/characters/37224/veep-sue-wilson",
            "name": "Sue Wilson",
            "image": {
                "medium": "https://static.tvmaze.com/uploads/images/medium_portrait/398/995305.jpg",
                "original": "https://static.tvmaze.com/uploads/images/original_untouched/398/995305.jpg"
            },
            "_links": {
                "self": {
                    "href": "https://api.tvmaze.com/characters/37224"
                }
            }
        },
        "self": false,
        "voice": false
    },
    {
        "person": {
            "id": 27625,
            "url": "https://www.tvmaze.com/people/27625/sarah-sutherland",
            "name": "Sarah Sutherland",
            "country": {
                "name": "United States",
                "code": "US",
                "timezone": "America/New_York"
            },
            "birthday": "1988-02-18",
            "deathday": null,
            "gender": "Female",
            "image": {
                "medium": "https://static.tvmaze.com/uploads/images/medium_portrait/178/445018.jpg",
                "original": "https://static.tvmaze.com/uploads/images/original_untouched/178/445018.jpg"
            },
            "updated": 1554044179,
            "_links": {
                "self": {
                    "href": "https://api.tvmaze.com/people/27625"
                }
            }
        },
        "character": {
            "id": 37241,
            "url": "https://www.tvmaze.com/characters/37241/veep-catherine-meyer",
            "name": "Catherine Meyer",
            "image": {
                "medium": "https://static.tvmaze.com/uploads/images/medium_portrait/109/272968.jpg",
                "original": "https://static.tvmaze.com/uploads/images/original_untouched/109/272968.jpg"
            },
            "_links": {
                "self": {
                    "href": "https://api.tvmaze.com/characters/37241"
                }
            }
        },
        "self": false,
        "voice": false
    },
    {
        "person": {
            "id": 27711,
            "url": "https://www.tvmaze.com/people/27711/sam-richardson",
            "name": "Sam Richardson",
            "country": {
                "name": "United States",
                "code": "US",
                "timezone": "America/New_York"
            },
            "birthday": "1984-01-12",
            "deathday": null,
            "gender": "Male",
            "image": {
                "medium": "https://static.tvmaze.com/uploads/images/medium_portrait/393/982554.jpg",
                "original": "https://static.tvmaze.com/uploads/images/original_untouched/393/982554.jpg"
            },
            "updated": 1688233646,
            "_links": {
                "self": {
                    "href": "https://api.tvmaze.com/people/27711"
                }
            }
        },
        "character": {
            "id": 131273,
            "url": "https://www.tvmaze.com/characters/131273/veep-richard-splett",
            "name": "Richard Splett",
            "image": {
                "medium": "https://static.tvmaze.com/uploads/images/medium_portrait/109/272969.jpg",
                "original": "https://static.tvmaze.com/uploads/images/original_untouched/109/272969.jpg"
            },
            "_links": {
                "self": {
                    "href": "https://api.tvmaze.com/characters/131273"
                }
            }
        },
        "self": false,
        "voice": false
    },
    {
        "person": {
            "id": 9555,
            "url": "https://www.tvmaze.com/people/9555/clea-duvall",
            "name": "Clea DuVall",
            "country": {
                "name": "United States",
                "code": "US",
                "timezone": "America/New_York"
            },
            "birthday": "1977-09-25",
            "deathday": null,
            "gender": "Female",
            "image": {
                "medium": "https://static.tvmaze.com/uploads/images/medium_portrait/2/6770.jpg",
                "original": "https://static.tvmaze.com/uploads/images/original_untouched/2/6770.jpg"
            },
            "updated": 1688233646,
            "_links": {
                "self": {
                    "href": "https://api.tvmaze.com/people/9555"
                }
            }
        },
        "character": {
            "id": 277064,
            "url": "https://www.tvmaze.com/characters/277064/veep-marjorie-palmiotti",
            "name": "Marjorie Palmiotti",
            "image": {
                "medium": "https://static.tvmaze.com/uploads/images/medium_portrait/129/324556.jpg",
                "original": "https://static.tvmaze.com/uploads/images/original_untouched/129/324556.jpg"
            },
            "_links": {
                "self": {
                    "href": "https://api.tvmaze.com/characters/277064"
                }
            }
        },
        "self": false,
        "voice": false
    }
]