[
    {
        "person": {
            "id": 61366,
            "url": "https://www.tvmaze.com/people/61366/ed-mcmahon",
            "name": "Ed McMahon",
            "country": {
                "name": "United States",
                "code": "US",
                "timezone": "America/New_York"
            },
            "birthday": "1923-03-06",
            "deathday": "2009-06-23",
            "gender": "Male",
            "image": {
                "medium": "https://static.tvmaze.com/uploads/images/medium_portrait/53/133639.jpg",
                "original": "https://static.tvmaze.com/uploads/images/original_untouched/53/133639.jpg"
            },
            "updated": 1686456123,
            "_links": {
                "self": {
                    "href": "https://api.tvmaze.com/people/61366"
                }
            }
        },
        "character": {
            "id": 272481,
            "url": "https://www.tvmaze.com/characters/272481/the-tonight-show-starring-johnny-carson-sidekick-and-announcer",
            "name": "Sidekick and Announcer",
            "image": null,
            "_links": {
                "self": {
                    "href": "https://api.tvmaze.com/characters/272481"
                }
            }
        },
        "self": true,
        "voice": false
    },
    {
        "person": {
            "id": 110252,
            "url": "https://www.tvmaze.com/people/110252/johnny-carson",
            "name": "Johnny Carson",
            "country": {
                "name": "United States",
                "code": "US",
                "timezone": "America/New_York"
            },
            "birthday": "1925-10-23",
            "deathday": "2005-01-23",
            "gender": "Male",
            "image": {
                "medium": "https://static.tvmaze.com/uploads/images/medium_portrait/37/93731.jpg",
                "original": "https://static.tvmaze.com/uploads/images/original_untouched/37/93731.jpg"
            },
            "updated": 1686453052,
            "_links": {
                "self": {
                    "href": "https://api.tvmaze.com/people/110252"
                }
            }
        },
        "character": {
            "id": 272480,
            "url": "https://www.tvmaze.com/characters/272480/the-tonight-show-starring-johnny-carson-host",
            "name": "Host",
            "image": null,
            "_links": {
                "self": {
                    "href": "https://api.tvmaze.com/characters/272480"
                }
            }
        },
        "self": true,
        "voice": false
    },
    {
        "person": {
            "id": 63881,
            "url": "https://www.tvmaze.com/people/63881/doc-severinsen",
            "name": "Doc Severinsen",
            "country": {
                "name": "United States",
                "code": "US",
                "timezone": "America/New_York"
            },
            "birthday": "1927-07-07",
            "deathday": null,
            "gender": "Male",
            "image": {
                "medium": "https://static.tvmaze.com/uploads/images/medium_portrait/37/93738.jpg",
                "original": "https://static.tvmaze.com/uploads/images/original_untouched/37/93738.jpg"
            },
            "updated": 1686456123,
            "_links": {
                "self": {
                    "href": "https://api.tvmaze.com/people/63881"
                }
            }
        },
        "character": {
            "id": 272482,
            "url": "https://www.tvmaze.com/characters/272482/the-tonight-show-starring-johnny-carson-band-leader",
            "name": "Band Leader",
            "image": null,
            "_links": {
                "self": {
                    "href": "https://api.tvmaze.com/characters/272482"
                }
            }
        },
        "self": true,
        "voice": false
    },
    {
        "person": {
            "id": 313711,
            "url": "https://www.tvmaze.com/people/313711/skitch-henderson",
            "name": "Skitch Henderson",
            "country": {
                "name": "United States",
                "code": "US",
                "timezone": "America/New_York"
            },
            "birthday": "1918-01-27",
            "deathday": "2005-11-01",
            "gender": "Male",
            "image": {
                "medium": "https://static.tvmaze.com/uploads/images/medium_portrait/344/860858.jpg",
                "original": "https://static.tvmaze.com/uploads/images/original_untouched/344/860858.jpg"
            },
            "updated": 1685433632,
            "_links": {
                "self": {
                    "href": "https://api.tvmaze.com/people/313711"
                }
            }
        },
        "character": {
            "id": 868992,
            "url": "https://www.tvmaze.com/characters/868992/the-tonight-show-starring-johnny-carson-band-leader",
            "name": "Band Leader",
            "image": null,
            "_links": {
                "self": {
                    "href": "https://api.tvmaze.com/characters/868992"
                }
            }
        },
        "self": true,
        "voice": false
    }
]