[
    {
        "person": {
            "id": 30502,
            "url": "https://www.tvmaze.com/people/30502/kiefer-sutherland",
            "name": "Kiefer Sutherland",
            "country": {
                "name": "United Kingdom",
                "code": "GB",
                "timezone": "Europe/London"
            },
            "birthday": "1966-12-21",
            "deathday": null,
            "gender": "Male",
            "image": {
                "medium": "https://static.tvmaze.com/uploads/images/medium_portrait/2/7476.jpg",
                "original": "https://static.tvmaze.com/uploads/images/original_untouched/2/7476.jpg"
            },
            "updated": 1685017840,
            "_links": {
                "self": {
                    "href": "https://api.tvmaze.com/people/30502"
                }
            }
        },
        "character": {
            "id": 44057,
            "url": "https://www.tvmaze.com/characters/44057/24-jack-bauer",
            "name": "Jack Bauer",
            "image": {
                "medium": "https://static.tvmaze.com/uploads/images/medium_portrait/86/216875.jpg",
                "original": "https://static.tvmaze.com/uploads/images/original_untouched/86/216875.jpg"
            },
            "_links": {
                "self": {
                    "href": "https://api.tvmaze.com/characters/44057"
                }
            }
        },
        "self": false,
        "voice": false
    },
    {
        "person": {
            "id": 8149,
            "url": "https://www.tvmaze.com/people/8149/mary-lynn-rajskub",
            "name": "Mary Lynn Rajskub",
            "country": {
                "name": "United States",
                "code": "US",
                "timezone": "America/New_York"
            },
            "birthday": "1971-06-22",
            "deathday": null,
            "gender": "Female",
            "image": {
                "medium": "https://static.tvmaze.com/uploads/images/medium_portrait/4/10181.jpg",
                "original": "https://static.tvmaze.com/uploads/images/original_untouched/4/10181.jpg"
            },
            "updated": 1686954506,
            "_links": {
                "self": {
                    "href": "https://api.tvmaze.com/people/8149"
                }
            }
        },
        "character": {
            "id": 44060,
            "url": "https://www.tvmaze.com/characters/44060/24-chloe-obrian",
            "name": "Chloe O'Brian",
            "image": {
                "medium": "https://static.tvmaze.com/uploads/images/medium_portrait/86/216876.jpg",
                "original": "https://static.tvmaze.com/uploads/images/original_untouched/86/216876.jpg"
            },
            "_links": {
                "self": {
                    "href": "https://api.tvmaze.com/characters/44060"
                }
            }
        },
        "self": false,
        "voice": false
    },
    {
        "person": {
            "id": 5545,
            "url": "https://www.tvmaze.com/people/5545/carlos-bernard",
            "name": "Carlos Bernard",
            "country": {
                "name": "United States",
                "code": "US",
                "timezone": "America/New_York"
            },
            "birthday": "1962-10-12",
            "deathday": null,
            "gender": "Male",
            "image": {
                "medium": "https://static.tvmaze.com/uploads/images/medium_portrait/4/10188.jpg",
                "original": "https://static.tvmaze.com/uploads/images/original_untouched/4/10188.jpg"
            },
            "updated": 1683742668,
            "_links": {
                "self": {
                    "href": "https://api.tvmaze.com/people/5545"
                }
            }
        },
        "character": {
            "id": 44075,
            "url": "https://www.tvmaze.com/characters/44075/24-tony-almeida",
            "name": "Tony Almeida",
            "image": {
                "medium": "https://static.tvmaze.com/uploads/images/medium_portrait/86/216879.jpg",
                "original": "https://static.tvmaze.com/uploads/images/original_untouched/86/216879.jpg"
            },
            "_links": {
                "self": {
                    "href": "https://api.tvmaze.com/characters/44075"
                }
            }
        },
        "self": false,
        "voice": false
    },
    {
        "person": {
            "id": 30507,
            "url": "https://www.tvmaze.com/people/30507/dennis-haysbert",
            "name": "Dennis Haysbert",
            "country": {
                "name": "United States",
                "code": "US",
                "timezone": "America/New_York"
            },
            "birthday": "1954-06-02",
            "deathday": null,
            "gender": "Male",
            "image": {
                "medium": "https://static.tvmaze.com/uploads/images/medium_portrait/4/10202.jpg",
                "original": "https://static.tvmaze.com/uploads/images/original_untouched/4/10202.jpg"
            },
            "updated": 1672178095,
            "_links": {
                "self": {
                    "href": "https://api.tvmaze.com/people/30507"
                }
            }
        },
        "character": {
            "id": 44095,
            "url": "https://www.tvmaze.com/characters/44095/24-david-palmer",
            "name": "David Palmer",
            "image": {
                "medium": "https://static.tvmaze.com/uploads/images/medium_portrait/86/216890.jpg",
                "original": "https://static.tvmaze.com/uploads/images/original_untouched/86/216890.jpg"
            },
            "_links": {
                "self": {
                    "href": "https://api.tvmaze.com/characters/44095"
                }
            }
        },
        "self": false,
        "voice": false
    },
    {
        "person": {
            "id": 30508,
            "url": "https://www.tvmaze.com/people/30508/elisha-cuthbert",
            "name": "Elisha Cuthbert",
            "country": {
                "name": "Canada",
                "code": "CA",
                "timezone": "America/Halifax"
            },
            "birthday": "1982-11-30",
            "deathday": null,
            "gender": "Female",
            "image": {
                "medium": "https://static.tvmaze.com/uploads/images/medium_portrait/4/10205.jpg",
                "original": "https://static.tvmaze.com/uploads/images/original_untouched/4/10205.jpg"
            },
            "updated": 1679424409,
            "_links": {
                "self": {
                    "href": "https://api.tvmaze.com/people/30508"
                }
            }
        },
        "character": {
            "id": 44096,
            "url": "https://www.tvmaze.com/characters/44096/24-kimberly-bauer",
            "name": "Kimberly Bauer",
            "image": {
                "medium": "https://static.tvmaze.com/uploads/images/medium_portrait/86/216887.jpg",
                "original": "https://static.tvmaze.com/uploads/images/original_untouched/86/216887.jpg"
            },
            "_links": {
                "self": {
                    "href": "https://api.tvmaze.com/characters/44096"
                }
            }
        },
        "self": false,
        "voice": false
    },
    {
        "person": {
            "id": 1302,
            "url": "https://www.tvmaze.com/people/1302/james-morrison",
            "name": "James Morrison",
            "country": {
                "name": "United States",
                "code": "US",
                "timezone": "America/New_York"
            },
            "birthday": "1954-04-21",
            "deathday": null,
            "gender": "Male",
            "image": {
                "medium": "https://static.tvmaze.com/uploads/images/medium_portrait/183/457857.jpg",
                "original": "https://static.tvmaze.com/uploads/images/original_untouched/183/457857.jpg"
            },
            "updated": 1674519439,
            "_links": {
                "self": {
                    "href": "https://api.tvmaze.com/people/1302"
                }
            }
        },
        "character": {
            "id": 44076,
            "url": "https://www.tvmaze.com/characters/44076/24-bill-buchanan",
            "name": "Bill Buchanan",
            "image": {
                "medium": "https://static.tvmaze.com/uploads/images/medium_portrait/86/216874.jpg",
                "original": "https://static.tvmaze.com/uploads/images/original_untouched/86/216874.jpg"
            },
            "_links": {
                "self": {
                    "href": "https://api.tvmaze.com/characters/44076"
                }
            }
        },
        "self": false,
        "voice": false
    },
    {
        "person": {
            "id": 8900,
            "url": "https://www.tvmaze.com/people/8900/kim-raver",
            "name": "Kim Raver",
            "country": {
                "name": "United States",
                "code": "US",
                "timezone": "America/New_York"
            },
            "birthday": "1969-03-15",
            "deathday": null,
            "gender": "Female",
            "image": {
                "medium": "https://static.tvmaze.com/uploads/images/medium_portrait/1/3902.jpg",
                "original": "https://static.tvmaze.com/uploads/images/original_untouched/1/3902.jpg"
            },
            "updated": 1684477218,
            "_links": {
                "self": {
                    "href": "https://api.tvmaze.com/people/8900"
                }
            }
        },
        "character": {
            "id": 44066,
            "url": "https://www.tvmaze.com/characters/44066/24-audrey-raines",
            "name": "Audrey Raines",
            "image": {
                "medium": "https://static.tvmaze.com/uploads/images/medium_portrait/0/2360.jpg",
                "original": "https://static.tvmaze.com/uploads/images/original_untouched/0/2360.jpg"
            },
            "_links": {
                "self": {
                    "href": "https://api.tvmaze.com/characters/44066"
                }
            }
        },
        "self": false,
        "voice": false
    },
    {
        "person": {
            "id": 5195,
            "url": "https://www.tvmaze.com/people/5195/reiko-aylesworth",
            "name": "Reiko Aylesworth",
            "country": {
                "name": "United States",
                "code": "US",
                "timezone": "America/New_York"
            },
            "birthday": "1972-12-09",
            "deathday": null,
            "gender": "Female",
            "image": {
                "medium": "https://static.tvmaze.com/uploads/images/medium_portrait/161/403295.jpg",
                "original": "https://static.tvmaze.com/uploads/images/original_untouched/161/403295.jpg"
            },
            "updated": 1669047425,
            "_links": {
                "self": {
                    "href": "https://api.tvmaze.com/people/5195"
                }
            }
        },
        "character": {
            "id": 44098,
            "url": "https://www.tvmaze.com/characters/44098/24-michelle-dessler",
            "name": "Michelle Dessler",
            "image": {
                "medium": "https://static.tvmaze.com/uploads/images/medium_portrait/0/2357.jpg",
                "original": "https://static.tvmaze.com/uploads/images/original_untouched/0/2357.jpg"
            },
            "_links": {
                "self": {
                    "href": "https://api.tvmaze.com/characters/44098"
                }
            }
        },
        "self": false,
        "voice": false
    },
    {
        "person": {
            "id": 297,
            "url": "https://www.tvmaze.com/people/297/roger-cross",
            "name": "Roger Cross",
            "country": {
                "name": "Jamaica",
                "code": "JM",
                "timezone": "America/Jamaica"
            },
            "birthday": "1969-10-19",
            "deathday": null,
            "gender": "Male",
            "image": {
                "medium": "https://static.tvmaze.com/uploads/images/medium_portrait/148/371200.jpg",
                "original": "https://static.tvmaze.com/uploads/images/original_untouched/148/371200.jpg"
            },
            "updated": 1673367577,
            "_links": {
                "self": {
                    "href": "https://api.tvmaze.com/people/297"
                }
            }
        },
        "character": {
            "id": 44089,
            "url": "https://www.tvmaze.com/characters/44089/24-curtis-manning",
            "name": "Curtis Manning",
            "image": {
                "medium": "https://static.tvmaze.com/uploads/images/medium_portrait/87/218151.jpg",
                "original": "https://static.tvmaze.com/uploads/images/original_untouched/87/218151.jpg"
            },
            "_links": {
                "self": {
                    "href": "https://api.tvmaze.com/characters/44089"
                }
            }
        },
        "self": false,
        "voice": false
    },
    {
        "person": {
            "id": 16516,
            "url": "https://www.tvmaze.com/people/16516/db-woodside",
            "name": "D.B. Woodside",
            "country": {
                "name": "United States",
                "code": "US",
                "timezone": "America/New_York"
            },
            "birthday": "1969-07-25",
            "deathday": null,
            "gender": "Male",
            "image": {
                "medium": "https://static.tvmaze.com/uploads/images/medium_portrait/4/10196.jpg",
                "original": "https://static.tvmaze.com/uploads/images/original_untouched/4/10196.jpg"
            },
            "updated": 1684339235,
            "_links": {
                "self": {
                    "href": "https://api.tvmaze.com/people/16516"
                }
            }
        },
        "character": {
            "id": 44088,
            "url": "https://www.tvmaze.com/characters/44088/24-wayne-palmer",
            "name": "Wayne Palmer",
            "image": {
                "medium": "https://static.tvmaze.com/uploads/images/medium_portrait/0/2350.jpg",
                "original": "https://static.tvmaze.com/uploads/images/original_untouched/0/2350.jpg"
            },
            "_links": {
                "self": {
                    "href": "https://api.tvmaze.com/characters/44088"
                }
            }
        },
        "self": false,
        "voice": false
    },
    {
        "person": {
            "id": 9142,
            "url": "https://www.tvmaze.com/people/9142/penny-johnson-jerald",
            "name": "Penny Johnson Jerald",
            "country": {
                "name": "United States",
                "code": "US",
                "timezone": "America/New_York"
            },
            "birthday": "1961-03-14",
            "deathday": null,
            "gender": "Female",
            "image": {
                "medium": "https://static.tvmaze.com/uploads/images/medium_portrait/167/419272.jpg",
                "original": "https://static.tvmaze.com/uploads/images/original_untouched/167/419272.jpg"
            },
            "updated": 1659630426,
            "_links": {
                "self": {
                    "href": "https://api.tvmaze.com/people/9142"
                }
            }
        },
        "character": {
            "id": 44099,
            "url": "https://www.tvmaze.com/characters/44099/24-sherry-palmer",
            "name": "Sherry Palmer",
            "image": {
                "medium": "https://static.tvmaze.com/uploads/images/medium_portrait/0/2365.jpg",
                "original": "https://static.tvmaze.com/uploads/images/original_untouched/0/2365.jpg"
            },
            "_links": {
                "self": {
                    "href": "https://api.tvmaze.com/characters/44099"
                }
            }
        },
        "self": false,
        "voice": false
    },
    {
        "person": {
            "id": 30504,
            "url": "https://www.tvmaze.com/people/30504/cherry-jones",
            "name": "Cherry Jones",
            "country": {
                "name": "United States",
                "code": "US",
                "timezone": "America/New_York"
            },
            "birthday": "1956-11-21",
            "deathday": null,
            "gender": "Female",
            "image": {
                "medium": "https://static.tvmaze.com/uploads/images/medium_portrait/4/10184.jpg",
                "original": "https://static.tvmaze.com/uploads/images/original_untouched/4/10184.jpg"
            },
            "updated": 1679880479,
            "_links": {
                "self": {
                    "href": "https://api.tvmaze.com/people/30504"
                }
            }
        },
        "character": {
            "id": 44067,
            "url": "https://www.tvmaze.com/characters/44067/24-allison-taylor",
            "name": "Allison Taylor",
            "image": {
                "medium": "https://static.tvmaze.com/uploads/images/medium_portrait/0/2349.jpg",
                "original": "https://static.tvmaze.com/uploads/images/original_untouched/0/2349.jpg"
            },
            "_links": {
                "self": {
                    "href": "https://api.tvmaze.com/characters/44067"
                }
            }
        },
        "self": false,
        "voice": false
    },
    {
        "person": {
            "id": 3244,
            "url": "https://www.tvmaze.com/people/3244/gregory-itzin",
            "name": "Gregory Itzin",
            "country": {
                "name": "United States",
                "code": "US",
                "timezone": "America/New_York"
            },
            "birthday": "1948-04-20",
            "deathday": "2022-07-08",
            "gender": "Male",
            "image": {
                "medium": "https://static.tvmaze.com/uploads/images/medium_portrait/182/455228.jpg",
                "original": "https://static.tvmaze.com/uploads/images/original_untouched/182/455228.jpg"
            },
            "updated": 1684981020,
            "_links": {
                "self": {
                    "href": "https://api.tvmaze.com/people/3244"
                }
            }
        },
        "character": {
            "id": 44092,
            "url": "https://www.tvmaze.com/characters/44092/24-charles-logan",
            "name": "Charles Logan",
            "image": {
                "medium": "https://static.tvmaze.com/uploads/images/medium_portrait/0/2352.jpg",
                "original": "https://static.tvmaze.com/uploads/images/original_untouched/0/2352.jpg"
            },
            "_links": {
                "self": {
                    "href": "https://api.tvmaze.com/characters/44092"
                }
            }
        },
        "self": false,
        "voice": false
    },
    {
        "person": {
            "id": 3636,
            "url": "https://www.tvmaze.com/people/3636/annie-wersching",
            "name": "Annie Wersching",
            "country": {
                "name": "United States",
                "code": "US",
                "timezone": "America/New_York"
            },
            "birthday": "1977-03-28",
            "deathday": "2023-01-29",
            "gender": "Female",
            "image": {
                "medium": "https://static.tvmaze.com/uploads/images/medium_portrait/4/10189.jpg",
                "original": "https://static.tvmaze.com/uploads/images/original_untouched/4/10189.jpg"
            },
            "updated": 1675022754,
            "_links": {
                "self": {
                    "href": "https://api.tvmaze.com/people/3636"
                }
            }
        },
        "character": {
            "id": 44068,
            "url": "https://www.tvmaze.com/characters/44068/24-renee-walker",
            "name": "Renee Walker",
            "image": {
                "medium": "https://static.tvmaze.com/uploads/images/medium_portrait/0/2348.jpg",
                "original": "https://static.tvmaze.com/uploads/images/original_untouched/0/2348.jpg"
            },
            "_links": {
                "self": {
                    "href": "https://api.tvmaze.com/characters/44068"
                }
            }
        },
        "self": false,
        "voice": false
    },
    {
        "person": {
            "id": 5140,
            "url": "https://www.tvmaze.com/people/5140/louis-lombardi",
            "name": "Louis Lombardi",
            "country": {
                "name": "United States",
                "code": "US",
                "timezone": "America/New_York"
            },
            "birthday": null,
            "deathday": null,
            "gender": "Male",
            "image": {
                "medium": "https://static.tvmaze.com/uploads/images/medium_portrait/4/10199.jpg",
                "original": "https://static.tvmaze.com/uploads/images/original_untouched/4/10199.jpg"
            },
            "updated": 1685813538,
            "_links": {
                "self": {
                    "href": "https://api.tvmaze.com/people/5140"
                }
            }
        },
        "character": {
            "id": 44091,
            "url": "https://www.tvmaze.com/characters/44091/24-edgar-stiles",
            "name": "Edgar Stiles",
            "image": {
                "medium": "https://static.tvmaze.com/uploads/images/medium_portrait/87/218152.jpg",
                "original": "https://static.tvmaze.com/uploads/images/original_untouched/87/218152.jpg"
            },
            "_links": {
                "self": {
                    "href": "https://api.tvmaze.com/characters/44091"
                }
            }
        },
        "self": false,
        "voice": false
    },
    {
        "person": {
            "id": 25523,
            "url": "https://www.tvmaze.com/people/25523/sarah-clarke",
            "name": "Sarah Clarke",
            "country": {
                "name": "United States",
                "code": "US",
                "timezone": "America/New_York"
            },
            "birthday": "1972-02-16",
            "deathday": null,
            "gender": "Female",
            "image": {
                "medium": "https://static.tvmaze.com/uploads/images/medium_portrait/4/10207.jpg",
                "original": "https://static.tvmaze.com/uploads/images/original_untouched/4/10207.jpg"
            },
            "updated": 1540854415,
            "_links": {
                "self": {
                    "href": "https://api.tvmaze.com/people/25523"
                }
            }
        },
        "character": {
            "id": 44102,
            "url": "https://www.tvmaze.com/characters/44102/24-nina-myers",
            "name": "Nina Myers",
            "image": {
                "medium": "https://static.tvmaze.com/uploads/images/medium_portrait/0/2355.jpg",
                "original": "https://static.tvmaze.com/uploads/images/original_untouched/0/2355.jpg"
            },
            "_links": {
                "self": {
                    "href": "https://api.tvmaze.com/characters/44102"
                }
            }
        },
        "self": false,
        "voice": false
    },
    {
        "person": {
            "id": 1284,
            "url": "https://www.tvmaze.com/people/1284/william-devane",
            "name": "William Devane",
            "country": {
                "name": "United States",
                "code": "US",
                "timezone": "America/New_York"
            },
            "birthday": "1937-09-05",
            "deathday": null,
            "gender": "Male",
            "image": {
                "medium": "https://static.tvmaze.com/uploads/images/medium_portrait/4/10183.jpg",
                "original": "https://static.tvmaze.com/uploads/images/original_untouched/4/10183.jpg"
            },
            "updated": 1687789274,
            "_links": {
                "self": {
                    "href": "https://api.tvmaze.com/people/1284"
                }
            }
        },
        "character": {
            "id": 44061,
            "url": "https://www.tvmaze.com/characters/44061/24-james-heller",
            "name": "James Heller",
            "image": {
                "medium": "https://static.tvmaze.com/uploads/images/medium_portrait/87/218155.jpg",
                "original": "https://static.tvmaze.com/uploads/images/original_untouched/87/218155.jpg"
            },
            "_links": {
                "self": {
                    "href": "https://api.tvmaze.com/characters/44061"
                }
            }
        },
        "self": false,
        "voice": false
    },
    {
        "person": {
            "id": 8193,
            "url": "https://www.tvmaze.com/people/8193/bob-gunton",
            "name": "Bob Gunton",
            "country": {
                "name": "United States",
                "code": "US",
                "timezone": "America/New_York"
            },
            "birthday": "1945-11-15",
            "deathday": null,
            "gender": "Male",
            "image": {
                "medium": "https://static.tvmaze.com/uploads/images/medium_portrait/183/457608.jpg",
                "original": "https://static.tvmaze.com/uploads/images/original_untouched/183/457608.jpg"
            },
            "updated": 1654429840,
            "_links": {
                "self": {
                    "href": "https://api.tvmaze.com/people/8193"
                }
            }
        },
        "character": {
            "id": 44077,
            "url": "https://www.tvmaze.com/characters/44077/24-ethan-kanin",
            "name": "Ethan Kanin",
            "image": {
                "medium": "https://static.tvmaze.com/uploads/images/medium_portrait/183/457609.jpg",
                "original": "https://static.tvmaze.com/uploads/images/original_untouched/183/457609.jpg"
            },
            "_links": {
                "self": {
                    "href": "https://api.tvmaze.com/characters/44077"
                }
            }
        },
        "self": false,
        "voice": false
    },
    {
        "person": {
            "id": 12614,
            "url": "https://www.tvmaze.com/people/12614/jayne-atkinson",
            "name": "Jayne Atkinson",
            "country": {
                "name": "United Kingdom",
                "code": "GB",
                "timezone": "Europe/London"
            },
            "birthday": "1959-02-18",
            "deathday": null,
            "gender": "Female",
            "image": {
                "medium": "https://static.tvmaze.com/uploads/images/medium_portrait/4/10195.jpg",
                "original": "https://static.tvmaze.com/uploads/images/original_untouched/4/10195.jpg"
            },
            "updated": 1545190366,
            "_links": {
                "self": {
                    "href": "https://api.tvmaze.com/people/12614"
                }
            }
        },
        "character": {
            "id": 44086,
            "url": "https://www.tvmaze.com/characters/44086/24-karen-hayes",
            "name": "Karen Hayes",
            "image": {
                "medium": "https://static.tvmaze.com/uploads/images/medium_portrait/0/2341.jpg",
                "original": "https://static.tvmaze.com/uploads/images/original_untouched/0/2341.jpg"
            },
            "_links": {
                "self": {
                    "href": "https://api.tvmaze.com/characters/44086"
                }
            }
        },
        "self": false,
        "voice": false
    },
    {
        "person": {
            "id": 2133,
            "url": "https://www.tvmaze.com/people/2133/carlo-rota",
            "name": "Carlo Rota",
            "country": {
                "name": "United Kingdom",
                "code": "GB",
                "timezone": "Europe/London"
            },
            "birthday": "1961-04-17",
            "deathday": null,
            "gender": "Male",
            "image": {
                "medium": "https://static.tvmaze.com/uploads/images/medium_portrait/2/6483.jpg",
                "original": "https://static.tvmaze.com/uploads/images/original_untouched/2/6483.jpg"
            },
            "updated": 1687349500,
            "_links": {
                "self": {
                    "href": "https://api.tvmaze.com/people/2133"
                }
            }
        },
        "character": {
            "id": 44085,
            "url": "https://www.tvmaze.com/characters/44085/24-morris-obrian",
            "name": "Morris O'Brian",
            "image": {
                "medium": "https://static.tvmaze.com/uploads/images/medium_portrait/0/2342.jpg",
                "original": "https://static.tvmaze.com/uploads/images/original_untouched/0/2342.jpg"
            },
            "_links": {
                "self": {
                    "href": "https://api.tvmaze.com/characters/44085"
                }
            }
        },
        "self": false,
        "voice": false
    },
    {
        "person": {
            "id": 15936,
            "url": "https://www.tvmaze.com/people/15936/eric-balfour",
            "name": "Eric Balfour",
            "country": {
                "name": "United States",
                "code": "US",
                "timezone": "America/New_York"
            },
            "birthday": "1977-04-24",
            "deathday": null,
            "gender": "Male",
            "image": {
                "medium": "https://static.tvmaze.com/uploads/images/medium_portrait/173/434052.jpg",
                "original": "https://static.tvmaze.com/uploads/images/original_untouched/173/434052.jpg"
            },
            "updated": 1681729885,
            "_links": {
                "self": {
                    "href": "https://api.tvmaze.com/people/15936"
                }
            }
        },
        "character": {
            "id": 44084,
            "url": "https://www.tvmaze.com/characters/44084/24-milo-pressman",
            "name": "Milo Pressman",
            "image": {
                "medium": "https://static.tvmaze.com/uploads/images/medium_portrait/0/2337.jpg",
                "original": "https://static.tvmaze.com/uploads/images/original_untouched/0/2337.jpg"
            },
            "_links": {
                "self": {
                    "href": "https://api.tvmaze.com/characters/44084"
                }
            }
        },
        "self": false,
        "voice": false
    },
    {
        "person": {
            "id": 12837,
            "url": "https://www.tvmaze.com/people/12837/xander-berkeley",
            "name": "Xander Berkeley",
            "country": {
                "name": "United States",
                "code": "US",
                "timezone": "America/New_York"
            },
            "birthday": "1955-12-16",
            "deathday": null,
            "gender": "Male",
            "image": {
                "medium": "https://static.tvmaze.com/uploads/images/medium_portrait/182/455205.jpg",
                "original": "https://static.tvmaze.com/uploads/images/original_untouched/182/455205.jpg"
            },
            "updated": 1681285758,
            "_links": {
                "self": {
                    "href": "https://api.tvmaze.com/people/12837"
                }
            }
        },
        "character": {
            "id": 44100,
            "url": "https://www.tvmaze.com/characters/44100/24-george-mason",
            "name": "George Mason",
            "image": {
                "medium": "https://static.tvmaze.com/uploads/images/medium_portrait/0/2363.jpg",
                "original": "https://static.tvmaze.com/uploads/images/original_untouched/0/2363.jpg"
            },
            "_links": {
                "self": {
                    "href": "https://api.tvmaze.com/characters/44100"
                }
            }
        },
        "self": false,
        "voice": false
    },
    {
        "person": {
            "id": 6144,
            "url": "https://www.tvmaze.com/people/6144/peter-macnicol",
            "name": "Peter MacNicol",
            "country": {
                "name": "United States",
                "code": "US",
                "timezone": "America/New_York"
            },
            "birthday": "1954-04-10",
            "deathday": null,
            "gender": "Male",
            "image": {
                "medium": "https://static.tvmaze.com/uploads/images/medium_portrait/2/6445.jpg",
                "original": "https://static.tvmaze.com/uploads/images/original_untouched/2/6445.jpg"
            },
            "updated": 1668122165,
            "_links": {
                "self": {
                    "href": "https://api.tvmaze.com/people/6144"
                }
            }
        },
        "character": {
            "id": 44087,
            "url": "https://www.tvmaze.com/characters/44087/24-tom-lennox",
            "name": "Tom Lennox",
            "image": {
                "medium": "https://static.tvmaze.com/uploads/images/medium_portrait/0/2339.jpg",
                "original": "https://static.tvmaze.com/uploads/images/original_untouched/0/2339.jpg"
            },
            "_links": {
                "self": {
                    "href": "https://api.tvmaze.com/characters/44087"
                }
            }
        },
        "self": false,
        "voice": false
    },
    {
        "person": {
            "id": 14724,
            "url": "https://www.tvmaze.com/people/14724/sarah-wynter",
            "name": "Sarah Wynter",
            "country": {
                "name": "Australia",
                "code": "AU",
                "timezone": "Australia/Sydney"
            },
            "birthday": "1973-02-15",
            "deathday": null,
            "gender": "Female",
            "image": {
                "medium": "https://static.tvmaze.com/uploads/images/medium_portrait/4/10206.jpg",
                "original": "https://static.tvmaze.com/uploads/images/original_untouched/4/10206.jpg"
            },
            "updated": 1650024832,
            "_links": {
                "self": {
                    "href": "https://api.tvmaze.com/people/14724"
                }
            }
        },
        "character": {
            "id": 44101,
            "url": "https://www.tvmaze.com/characters/44101/24-kate-warner",
            "name": "Kate Warner",
            "image": {
                "medium": "https://static.tvmaze.com/uploads/images/medium_portrait/87/218856.jpg",
                "original": "https://static.tvmaze.com/uploads/images/original_untouched/87/218856.jpg"
            },
            "_links": {
                "self": {
                    "href": "https://api.tvmaze.com/characters/44101"
                }
            }
        },
        "self": false,
        "voice": false
    },
    {
        "person": {
            "id": 6867,
            "url": "https://www.tvmaze.com/people/6867/freddie-prinze-jr",
            "name": "Freddie Prinze, Jr.",
            "country": {
                "name": "United States",
                "code": "US",
                "timezone": "America/New_York"
            },
            "birthday": "1976-03-08",
            "deathday": null,
            "gender": "Male",
            "image": {
                "medium": "https://static.tvmaze.com/uploads/images/medium_portrait/1/3249.jpg",
                "original": "https://static.tvmaze.com/uploads/images/original_untouched/1/3249.jpg"
            },
            "updated": 1681732202,
            "_links": {
                "self": {
                    "href": "https://api.tvmaze.com/people/6867"
                }
            }
        },
        "character": {
            "id": 44069,
            "url": "https://www.tvmaze.com/characters/44069/24-cole-ortiz",
            "name": "Cole Ortiz",
            "image": {
                "medium": "https://static.tvmaze.com/uploads/images/medium_portrait/0/2374.jpg",
                "original": "https://static.tvmaze.com/uploads/images/original_untouched/0/2374.jpg"
            },
            "_links": {
                "self": {
                    "href": "https://api.tvmaze.com/characters/44069"
                }
            }
        },
        "self": false,
        "voice": false
    },
    {
        "person": {
            "id": 30505,
            "url": "https://www.tvmaze.com/people/30505/john-boyd",
            "name": "John Boyd",
            "country": {
                "name": "United States",
                "code": "US",
                "timezone": "America/New_York"
            },
            "birthday": "1981-10-22",
            "deathday": null,
            "gender": "Male",
            "image": {
                "medium": "https://static.tvmaze.com/uploads/images/medium_portrait/3/7572.jpg",
                "original": "https://static.tvmaze.com/uploads/images/original_untouched/3/7572.jpg"
            },
            "updated": 1683469208,
            "_links": {
                "self": {
                    "href": "https://api.tvmaze.com/people/30505"
                }
            }
        },
        "character": {
            "id": 44070,
            "url": "https://www.tvmaze.com/characters/44070/24-arlo-glass",
            "name": "Arlo Glass",
            "image": {
                "medium": "https://static.tvmaze.com/uploads/images/medium_portrait/0/2373.jpg",
                "original": "https://static.tvmaze.com/uploads/images/original_untouched/0/2373.jpg"
            },
            "_links": {
                "self": {
                    "href": "https://api.tvmaze.com/characters/44070"
                }
            }
        },
        "self": false,
        "voice": false
    },
    {
        "person": {
            "id": 19935,
            "url": "https://www.tvmaze.com/people/19935/marisol-nichols",
            "name": "Marisol Nichols",
            "country": {
                "name": "United States",
                "code": "US",
                "timezone": "America/New_York"
            },
            "birthday": "1973-11-02",
            "deathday": null,
            "gender": "Female",
            "image": {
                "medium": "https://static.tvmaze.com/uploads/images/medium_portrait/3/8007.jpg",
                "original": "https://static.tvmaze.com/uploads/images/original_untouched/3/8007.jpg"
            },
            "updated": 1688060949,
            "_links": {
                "self": {
                    "href": "https://api.tvmaze.com/people/19935"
                }
            }
        },
        "character": {
            "id": 44083,
            "url": "https://www.tvmaze.com/characters/44083/24-nadia-yassir",
            "name": "Nadia Yassir",
            "image": {
                "medium": "https://static.tvmaze.com/uploads/images/medium_portrait/0/2340.jpg",
                "original": "https://static.tvmaze.com/uploads/images/original_untouched/0/2340.jpg"
            },
            "_links": {
                "self": {
                    "href": "https://api.tvmaze.com/characters/44083"
                }
            }
        },
        "self": false,
        "voice": false
    },
    {
        "person": {
            "id": 5067,
            "url": "https://www.tvmaze.com/people/5067/jean-smart",
            "name": "Jean Smart",
            "country": {
                "name": "United States",
                "code": "US",
                "timezone": "America/New_York"
            },
            "birthday": "1951-09-13",
            "deathday": null,
            "gender": "Female",
            "image": {
                "medium": "https://static.tvmaze.com/uploads/images/medium_portrait/4/10198.jpg",
                "original": "https://static.tvmaze.com/uploads/images/original_untouched/4/10198.jpg"
            },
            "updated": 1684196153,
            "_links": {
                "self": {
                    "href": "https://api.tvmaze.com/people/5067"
                }
            }
        },
        "character": {
            "id": 44090,
            "url": "https://www.tvmaze.com/characters/44090/24-martha-logan",
            "name": "Martha Logan",
            "image": {
                "medium": "https://static.tvmaze.com/uploads/images/medium_portrait/0/2353.jpg",
                "original": "https://static.tvmaze.com/uploads/images/original_untouched/0/2353.jpg"
            },
            "_links": {
                "self": {
                    "href": "https://api.tvmaze.com/characters/44090"
                }
            }
        },
        "self": false,
        "voice": false
    },
    {
        "person": {
            "id": 19250,
            "url": "https://www.tvmaze.com/people/19250/james-badge-dale",
            "name": "James Badge Dale",
            "country": {
                "name": "United Kingdom",
                "code": "GB",
                "timezone": "Europe/London"
            },
            "birthday": "1978-05-01",
            "deathday": null,
            "gender": "Male",
            "image": {
                "medium": "https://static.tvmaze.com/uploads/images/medium_portrait/3/9982.jpg",
                "original": "https://static.tvmaze.com/uploads/images/original_untouched/3/9982.jpg"
            },
            "updated": 1679438844,
            "_links": {
                "self": {
                    "href": "https://api.tvmaze.com/people/19250"
                }
            }
        },
        "character": {
            "id": 44097,
            "url": "https://www.tvmaze.com/characters/44097/24-chase-edmunds",
            "name": "Chase Edmunds",
            "image": {
                "medium": "https://static.tvmaze.com/uploads/images/medium_portrait/86/216871.jpg",
                "original": "https://static.tvmaze.com/uploads/images/original_untouched/86/216871.jpg"
            },
            "_links": {
                "self": {
                    "href": "https://api.tvmaze.com/characters/44097"
                }
            }
        },
        "self": false,
        "voice": false
    },
    {
        "person": {
            "id": 4765,
            "url": "https://www.tvmaze.com/people/4765/leslie-hope",
            "name": "Leslie Hope",
            "country": {
                "name": "Canada",
                "code": "CA",
                "timezone": "America/Halifax"
            },
            "birthday": "1965-05-06",
            "deathday": null,
            "gender": "Female",
            "image": {
                "medium": "https://static.tvmaze.com/uploads/images/medium_portrait/182/455498.jpg",
                "original": "https://static.tvmaze.com/uploads/images/original_untouched/182/455498.jpg"
            },
            "updated": 1684245936,
            "_links": {
                "self": {
                    "href": "https://api.tvmaze.com/people/4765"
                }
            }
        },
        "character": {
            "id": 44103,
            "url": "https://www.tvmaze.com/characters/44103/24-teri-bauer",
            "name": "Teri Bauer",
            "image": {
                "medium": "https://static.tvmaze.com/uploads/images/medium_portrait/0/2362.jpg",
                "original": "https://static.tvmaze.com/uploads/images/original_untouched/0/2362.jpg"
            },
            "_links": {
                "self": {
                    "href": "https://api.tvmaze.com/characters/44103"
                }
            }
        },
        "self": false,
        "voice": false
    },
    {
        "person": {
            "id": 28224,
            "url": "https://www.tvmaze.com/people/28224/janeane-garofalo",
            "name": "Janeane Garofalo",
            "country": {
                "name": "United States",
                "code": "US",
                "timezone": "America/New_York"
            },
            "birthday": "1964-09-28",
            "deathday": null,
            "gender": "Female",
            "image": {
                "medium": "https://static.tvmaze.com/uploads/images/medium_portrait/88/221323.jpg",
                "original": "https://static.tvmaze.com/uploads/images/original_untouched/88/221323.jpg"
            },
            "updated": 1686597005,
            "_links": {
                "self": {
                    "href": "https://api.tvmaze.com/people/28224"
                }
            }
        },
        "character": {
            "id": 44079,
            "url": "https://www.tvmaze.com/characters/44079/24-janis-gold",
            "name": "Janis Gold",
            "image": {
                "medium": "https://static.tvmaze.com/uploads/images/medium_portrait/0/2343.jpg",
                "original": "https://static.tvmaze.com/uploads/images/original_untouched/0/2343.jpg"
            },
            "_links": {
                "self": {
                    "href": "https://api.tvmaze.com/characters/44079"
                }
            }
        },
        "self": false,
        "voice": false
    },
    {
        "person": {
            "id": 23922,
            "url": "https://www.tvmaze.com/people/23922/katee-sackhoff",
            "name": "Katee Sackhoff",
            "country": {
                "name": "United States",
                "code": "US",
                "timezone": "America/New_York"
            },
            "birthday": "1980-04-08",
            "deathday": null,
            "gender": "Female",
            "image": {
                "medium": "https://static.tvmaze.com/uploads/images/medium_portrait/432/1081923.jpg",
                "original": "https://static.tvmaze.com/uploads/images/original_untouched/432/1081923.jpg"
            },
            "updated": 1687985599,
            "_links": {
                "self": {
                    "href": "https://api.tvmaze.com/people/23922"
                }
            }
        },
        "character": {
            "id": 44072,
            "url": "https://www.tvmaze.com/characters/44072/24-dana-walsh",
            "name": "Dana Walsh",
            "image": {
                "medium": "https://static.tvmaze.com/uploads/images/medium_portrait/86/216862.jpg",
                "original": "https://static.tvmaze.com/uploads/images/original_untouched/86/216862.jpg"
            },
            "_links": {
                "self": {
                    "href": "https://api.tvmaze.com/characters/44072"
                }
            }
        },
        "self": false,
        "voice": false
    },
    {
        "person": {
            "id": 379,
            "url": "https://www.tvmaze.com/people/379/jeffrey-nordling",
            "name": "Jeffrey Nordling",
            "country": {
                "name": "United States",
                "code": "US",
                "timezone": "America/New_York"
            },
            "birthday": "1962-03-11",
            "deathday": null,
            "gender": "Male",
            "image": {
                "medium": "https://static.tvmaze.com/uploads/images/medium_portrait/2/7161.jpg",
                "original": "https://static.tvmaze.com/uploads/images/original_untouched/2/7161.jpg"
            },
            "updated": 1685148765,
            "_links": {
                "self": {
                    "href": "https://api.tvmaze.com/people/379"
                }
            }
        },
        "character": {
            "id": 44081,
            "url": "https://www.tvmaze.com/characters/44081/24-larry-moss",
            "name": "Larry Moss",
            "image": {
                "medium": "https://static.tvmaze.com/uploads/images/medium_portrait/0/2345.jpg",
                "original": "https://static.tvmaze.com/uploads/images/original_untouched/0/2345.jpg"
            },
            "_links": {
                "self": {
                    "href": "https://api.tvmaze.com/characters/44081"
                }
            }
        },
        "self": false,
        "voice": false
    },
    {
        "person": {
            "id": 20391,
            "url": "https://www.tvmaze.com/people/20391/mykelti-williamson",
            "name": "Mykelti Williamson",
            "country": {
                "name": "United States",
                "code": "US",
                "timezone": "America/New_York"
            },
            "birthday": "1957-03-04",
            "deathday": null,
            "gender": "Male",
            "image": {
                "medium": "https://static.tvmaze.com/uploads/images/medium_portrait/104/261229.jpg",
                "original": "https://static.tvmaze.com/uploads/images/original_untouched/104/261229.jpg"
            },
            "updated": 1677763433,
            "_links": {
                "self": {
                    "href": "https://api.tvmaze.com/people/20391"
                }
            }
        },
        "character": {
            "id": 44073,
            "url": "https://www.tvmaze.com/characters/44073/24-brian-hastings",
            "name": "Brian Hastings",
            "image": {
                "medium": "https://static.tvmaze.com/uploads/images/medium_portrait/86/216863.jpg",
                "original": "https://static.tvmaze.com/uploads/images/original_untouched/86/216863.jpg"
            },
            "_links": {
                "self": {
                    "href": "https://api.tvmaze.com/characters/44073"
                }
            }
        },
        "self": false,
        "voice": false
    },
    {
        "person": {
            "id": 30506,
            "url": "https://www.tvmaze.com/people/30506/anil-kapoor",
            "name": "Anil Kapoor",
            "country": {
                "name": "India",
                "code": "IN",
                "timezone": "Asia/Kolkata"
            },
            "birthday": "1956-12-24",
            "deathday": null,
            "gender": "Male",
            "image": {
                "medium": "https://static.tvmaze.com/uploads/images/medium_portrait/4/10187.jpg",
                "original": "https://static.tvmaze.com/uploads/images/original_untouched/4/10187.jpg"
            },
            "updated": 1685238890,
            "_links": {
                "self": {
                    "href": "https://api.tvmaze.com/people/30506"
                }
            }
        },
        "character": {
            "id": 44074,
            "url": "https://www.tvmaze.com/characters/44074/24-omar-hassan",
            "name": "Omar Hassan",
            "image": {
                "medium": "https://static.tvmaze.com/uploads/images/medium_portrait/0/2371.jpg",
                "original": "https://static.tvmaze.com/uploads/images/original_untouched/0/2371.jpg"
            },
            "_links": {
                "self": {
                    "href": "https://api.tvmaze.com/characters/44074"
                }
            }
        },
        "self": false,
        "voice": false
    },
    {
        "person": {
            "id": 20675,
            "url": "https://www.tvmaze.com/people/20675/colm-feore",
            "name": "Colm Feore",
            "country": {
                "name": "United States",
                "code": "US",
                "timezone": "America/New_York"
            },
            "birthday": "1958-08-22",
            "deathday": null,
            "gender": "Male",
            "image": {
                "medium": "https://static.tvmaze.com/uploads/images/medium_portrait/4/10191.jpg",
                "original": "https://static.tvmaze.com/uploads/images/original_untouched/4/10191.jpg"
            },
            "updated": 1669061753,
            "_links": {
                "self": {
                    "href": "https://api.tvmaze.com/people/20675"
                }
            }
        },
        "character": {
            "id": 44078,
            "url": "https://www.tvmaze.com/characters/44078/24-henry-taylor",
            "name": "Henry Taylor",
            "image": {
                "medium": "https://static.tvmaze.com/uploads/images/medium_portrait/0/2347.jpg",
                "original": "https://static.tvmaze.com/uploads/images/original_untouched/0/2347.jpg"
            },
            "_links": {
                "self": {
                    "href": "https://api.tvmaze.com/characters/44078"
                }
            }
        },
        "self": false,
        "voice": false
    },
    {
        "person": {
            "id": 29885,
            "url": "https://www.tvmaze.com/people/29885/yvonne-strahovski",
            "name": "Yvonne Strahovski",
            "country": {
                "name": "Australia",
                "code": "AU",
                "timezone": "Australia/Sydney"
            },
            "birthday": "1982-07-30",
            "deathday": null,
            "gender": "Female",
            "image": {
                "medium": "https://static.tvmaze.com/uploads/images/medium_portrait/0/2380.jpg",
                "original": "https://static.tvmaze.com/uploads/images/original_untouched/0/2380.jpg"
            },
            "updated": 1684197749,
            "_links": {
                "self": {
                    "href": "https://api.tvmaze.com/people/29885"
                }
            }
        },
        "character": {
            "id": 44058,
            "url": "https://www.tvmaze.com/characters/44058/24-kate-morgan",
            "name": "Kate Morgan",
            "image": {
                "medium": "https://static.tvmaze.com/uploads/images/medium_portrait/87/218156.jpg",
                "original": "https://static.tvmaze.com/uploads/images/original_untouched/87/218156.jpg"
            },
            "_links": {
                "self": {
                    "href": "https://api.tvmaze.com/characters/44058"
                }
            }
        },
        "self": false,
        "voice": false
    },
    {
        "person": {
            "id": 29615,
            "url": "https://www.tvmaze.com/people/29615/tate-donovan",
            "name": "Tate Donovan",
            "country": {
                "name": "United States",
                "code": "US",
                "timezone": "America/New_York"
            },
            "birthday": "1963-09-25",
            "deathday": null,
            "gender": "Male",
            "image": {
                "medium": "https://static.tvmaze.com/uploads/images/medium_portrait/0/2379.jpg",
                "original": "https://static.tvmaze.com/uploads/images/original_untouched/0/2379.jpg"
            },
            "updated": 1670965397,
            "_links": {
                "self": {
                    "href": "https://api.tvmaze.com/people/29615"
                }
            }
        },
        "character": {
            "id": 44059,
            "url": "https://www.tvmaze.com/characters/44059/24-mark-boudreau",
            "name": "Mark Boudreau",
            "image": {
                "medium": "https://static.tvmaze.com/uploads/images/medium_portrait/87/218860.jpg",
                "original": "https://static.tvmaze.com/uploads/images/original_untouched/87/218860.jpg"
            },
            "_links": {
                "self": {
                    "href": "https://api.tvmaze.com/characters/44059"
                }
            }
        },
        "self": false,
        "voice": false
    },
    {
        "person": {
            "id": 22866,
            "url": "https://www.tvmaze.com/people/22866/chris-diamantopoulos",
            "name": "Chris Diamantopoulos",
            "country": {
                "name": "Canada",
                "code": "CA",
                "timezone": "America/Halifax"
            },
            "birthday": "1975-03-09",
            "deathday": null,
            "gender": "Male",
            "image": {
                "medium": "https://static.tvmaze.com/uploads/images/medium_portrait/96/241429.jpg",
                "original": "https://static.tvmaze.com/uploads/images/original_untouched/96/241429.jpg"
            },
            "updated": 1687785226,
            "_links": {
                "self": {
                    "href": "https://api.tvmaze.com/people/22866"
                }
            }
        },
        "character": {
            "id": 44071,
            "url": "https://www.tvmaze.com/characters/44071/24-rob-weiss",
            "name": "Rob Weiss",
            "image": {
                "medium": "https://static.tvmaze.com/uploads/images/medium_portrait/0/2372.jpg",
                "original": "https://static.tvmaze.com/uploads/images/original_untouched/0/2372.jpg"
            },
            "_links": {
                "self": {
                    "href": "https://api.tvmaze.com/characters/44071"
                }
            }
        },
        "self": false,
        "voice": false
    },
    {
        "person": {
            "id": 2912,
            "url": "https://www.tvmaze.com/people/2912/lana-parrilla",
            "name": "Lana Parrilla",
            "country": {
                "name": "United States",
                "code": "US",
                "timezone": "America/New_York"
            },
            "birthday": "1977-07-15",
            "deathday": null,
            "gender": "Female",
            "image": {
                "medium": "https://static.tvmaze.com/uploads/images/medium_portrait/1/4220.jpg",
                "original": "https://static.tvmaze.com/uploads/images/original_untouched/1/4220.jpg"
            },
            "updated": 1688657136,
            "_links": {
                "self": {
                    "href": "https://api.tvmaze.com/people/2912"
                }
            }
        },
        "character": {
            "id": 44093,
            "url": "https://www.tvmaze.com/characters/44093/24-sarah-gavin",
            "name": "Sarah Gavin",
            "image": {
                "medium": "https://static.tvmaze.com/uploads/images/medium_portrait/0/2359.jpg",
                "original": "https://static.tvmaze.com/uploads/images/original_untouched/0/2359.jpg"
            },
            "_links": {
                "self": {
                    "href": "https://api.tvmaze.com/characters/44093"
                }
            }
        },
        "self": false,
        "voice": false
    },
    {
        "person": {
            "id": 26320,
            "url": "https://www.tvmaze.com/people/26320/alberta-watson",
            "name": "Alberta Watson",
            "country": {
                "name": "Canada",
                "code": "CA",
                "timezone": "America/Halifax"
            },
            "birthday": "1955-03-06",
            "deathday": "2015-03-21",
            "gender": "Female",
            "image": {
                "medium": "https://static.tvmaze.com/uploads/images/medium_portrait/4/10201.jpg",
                "original": "https://static.tvmaze.com/uploads/images/original_untouched/4/10201.jpg"
            },
            "updated": 1518478099,
            "_links": {
                "self": {
                    "href": "https://api.tvmaze.com/people/26320"
                }
            }
        },
        "character": {
            "id": 44094,
            "url": "https://www.tvmaze.com/characters/44094/24-erin-driscoll",
            "name": "Erin Driscoll",
            "image": {
                "medium": "https://static.tvmaze.com/uploads/images/medium_portrait/0/2336.jpg",
                "original": "https://static.tvmaze.com/uploads/images/original_untouched/0/2336.jpg"
            },
            "_links": {
                "self": {
                    "href": "https://api.tvmaze.com/characters/44094"
                }
            }
        },
        "self": false,
        "voice": false
    },
    {
        "person": {
            "id": 17482,
            "url": "https://www.tvmaze.com/people/17482/gbenga-akinnagbe",
            "name": "Gbenga Akinnagbe",
            "country": {
                "name": "United States",
                "code": "US",
                "timezone": "America/New_York"
            },
            "birthday": "1978-12-12",
            "deathday": null,
            "gender": "Male",
            "image": {
                "medium": "https://static.tvmaze.com/uploads/images/medium_portrait/0/2378.jpg",
                "original": "https://static.tvmaze.com/uploads/images/original_untouched/0/2378.jpg"
            },
            "updated": 1683897244,
            "_links": {
                "self": {
                    "href": "https://api.tvmaze.com/people/17482"
                }
            }
        },
        "character": {
            "id": 44062,
            "url": "https://www.tvmaze.com/characters/44062/24-erik-ritter",
            "name": "Erik Ritter",
            "image": {
                "medium": "https://static.tvmaze.com/uploads/images/medium_portrait/87/218863.jpg",
                "original": "https://static.tvmaze.com/uploads/images/original_untouched/87/218863.jpg"
            },
            "_links": {
                "self": {
                    "href": "https://api.tvmaze.com/characters/44062"
                }
            }
        },
        "self": false,
        "voice": false
    },
    {
        "person": {
            "id": 12049,
            "url": "https://www.tvmaze.com/people/12049/benjamin-bratt",
            "name": "Benjamin Bratt",
            "country": {
                "name": "United States",
                "code": "US",
                "timezone": "America/New_York"
            },
            "birthday": "1963-12-16",
            "deathday": null,
            "gender": "Male",
            "image": {
                "medium": "https://static.tvmaze.com/uploads/images/medium_portrait/0/2377.jpg",
                "original": "https://static.tvmaze.com/uploads/images/original_untouched/0/2377.jpg"
            },
            "updated": 1687551013,
            "_links": {
                "self": {
                    "href": "https://api.tvmaze.com/people/12049"
                }
            }
        },
        "character": {
            "id": 44065,
            "url": "https://www.tvmaze.com/characters/44065/24-steve-navarro",
            "name": "Steve Navarro",
            "image": {
                "medium": "https://static.tvmaze.com/uploads/images/medium_portrait/87/218154.jpg",
                "original": "https://static.tvmaze.com/uploads/images/original_untouched/87/218154.jpg"
            },
            "_links": {
                "self": {
                    "href": "https://api.tvmaze.com/characters/44065"
                }
            }
        },
        "self": false,
        "voice": false
    },
    {
        "person": {
            "id": 5178,
            "url": "https://www.tvmaze.com/people/5178/rhys-coiro",
            "name": "Rhys Coiro",
            "country": {
                "name": "Italy",
                "code": "IT",
                "timezone": "Europe/Rome"
            },
            "birthday": "1979-03-12",
            "deathday": null,
            "gender": "Male",
            "image": {
                "medium": "https://static.tvmaze.com/uploads/images/medium_portrait/3/8053.jpg",
                "original": "https://static.tvmaze.com/uploads/images/original_untouched/3/8053.jpg"
            },
            "updated": 1685729846,
            "_links": {
                "self": {
                    "href": "https://api.tvmaze.com/people/5178"
                }
            }
        },
        "character": {
            "id": 44080,
            "url": "https://www.tvmaze.com/characters/44080/24-sean-hillinger",
            "name": "Sean Hillinger",
            "image": {
                "medium": "https://static.tvmaze.com/uploads/images/medium_portrait/0/2344.jpg",
                "original": "https://static.tvmaze.com/uploads/images/original_untouched/0/2344.jpg"
            },
            "_links": {
                "self": {
                    "href": "https://api.tvmaze.com/characters/44080"
                }
            }
        },
        "self": false,
        "voice": false
    },
    {
        "person": {
            "id": 30503,
            "url": "https://www.tvmaze.com/people/30503/michael-wincott",
            "name": "Michael Wincott",
            "country": {
                "name": "Canada",
                "code": "CA",
                "timezone": "America/Halifax"
            },
            "birthday": "1958-01-21",
            "deathday": null,
            "gender": "Male",
            "image": {
                "medium": "https://static.tvmaze.com/uploads/images/medium_portrait/0/2376.jpg",
                "original": "https://static.tvmaze.com/uploads/images/original_untouched/0/2376.jpg"
            },
            "updated": 1477884817,
            "_links": {
                "self": {
                    "href": "https://api.tvmaze.com/people/30503"
                }
            }
        },
        "character": {
            "id": 44064,
            "url": "https://www.tvmaze.com/characters/44064/24-adrian-cross",
            "name": "Adrian Cross",
            "image": {
                "medium": "https://static.tvmaze.com/uploads/images/medium_portrait/87/218865.jpg",
                "original": "https://static.tvmaze.com/uploads/images/original_untouched/87/218865.jpg"
            },
            "_links": {
                "self": {
                    "href": "https://api.tvmaze.com/characters/44064"
                }
            }
        },
        "self": false,
        "voice": false
    },
    {
        "person": {
            "id": 4766,
            "url": "https://www.tvmaze.com/people/4766/regina-king",
            "name": "Regina King",
            "country": {
                "name": "United States",
                "code": "US",
                "timezone": "America/New_York"
            },
            "birthday": "1971-01-15",
            "deathday": null,
            "gender": "Female",
            "image": {
                "medium": "https://static.tvmaze.com/uploads/images/medium_portrait/40/100106.jpg",
                "original": "https://static.tvmaze.com/uploads/images/original_untouched/40/100106.jpg"
            },
            "updated": 1684621811,
            "_links": {
                "self": {
                    "href": "https://api.tvmaze.com/people/4766"
                }
            }
        },
        "character": {
            "id": 44082,
            "url": "https://www.tvmaze.com/characters/44082/24-sandra-palmer",
            "name": "Sandra Palmer",
            "image": {
                "medium": "https://static.tvmaze.com/uploads/images/medium_portrait/0/2338.jpg",
                "original": "https://static.tvmaze.com/uploads/images/original_untouched/0/2338.jpg"
            },
            "_links": {
                "self": {
                    "href": "https://api.tvmaze.com/characters/44082"
                }
            }
        },
        "self": false,
        "voice": false
    },
    {
        "person": {
            "id": 9993,
            "url": "https://www.tvmaze.com/people/9993/giles-matthey",
            "name": "Giles Matthey",
            "country": {
                "name": "Australia",
                "code": "AU",
                "timezone": "Australia/Sydney"
            },
            "birthday": "1987-11-11",
            "deathday": null,
            "gender": "Male",
            "image": {
                "medium": "https://static.tvmaze.com/uploads/images/medium_portrait/0/2375.jpg",
                "original": "https://static.tvmaze.com/uploads/images/original_untouched/0/2375.jpg"
            },
            "updated": 1683497719,
            "_links": {
                "self": {
                    "href": "https://api.tvmaze.com/people/9993"
                }
            }
        },
        "character": {
            "id": 44063,
            "url": "https://www.tvmaze.com/characters/44063/24-jordan-reed",
            "name": "Jordan Reed",
            "image": {
                "medium": "https://static.tvmaze.com/uploads/images/medium_portrait/87/218867.jpg",
                "original": "https://static.tvmaze.com/uploads/images/original_untouched/87/218867.jpg"
            },
            "_links": {
                "self": {
                    "href": "https://api.tvmaze.com/characters/44063"
                }
            }
        },
        "self": false,
        "voice": false
    }
]