[
    {
        "person": {
            "id": 14245,
            "url": "https://www.tvmaze.com/people/14245/bryan-cranston",
            "name": "Bryan Cranston",
            "country": {
                "name": "United States",
                "code": "US",
                "timezone": "America/New_York"
            },
            "birthday": "1956-03-07",
            "deathday": null,
            "gender": "Male",
            "image": {
                "medium": "https://static.tvmaze.com/uploads/images/medium_portrait/195/488839.jpg",
                "original": "https://static.tvmaze.com/uploads/images/original_untouched/195/488839.jpg"
            },
            "updated": 1688178556,
            "_links": {
                "self": {
                    "href": "https://api.tvmaze.com/people/14245"
                }
            }
        },
        "character": {
            "id": 45529,
            "url": "https://www.tvmaze.com/characters/45529/breaking-bad-walter-white",
            "name": "Walter White",
            "image": {
                "medium": "https://static.tvmaze.com/uploads/images/medium_portrait/0/2404.jpg",
                "original": "https://static.tvmaze.com/uploads/images/original_untouched/0/2404.jpg"
            },
            "_links": {
                "self": {
                    "href": "https://api.tvmaze.com/characters/45529"
                }
            }
        },
        "self": false,
        "voice": false
    },
    {
        "person": {
            "id": 12328,
            "url": "https://www.tvmaze.com/people/12328/aaron-paul",
            "name": "Aaron Paul",
            "country": {
                "name": "United States",
                "code": "US",
                "timezone": "America/New_York"
            },
            "birthday": "1979-08-27",
            "deathday": null,
            "gender": "Male",
            "image": {
                "medium": "https://static.tvmaze.com/uploads/images/medium_portrait/264/660079.jpg",
                "original": "https://static.tvmaze.com/uploads/images/original_untouched/264/660079.jpg"
            },
            "updated": 1688178538,
            "_links": {
                "self": {
                    "href": "https://api.tvmaze.com/people/12328"
                }
            }
        },
        "character": {
            "id": 45531,
            "url": "https://www.tvmaze.com/characters/45531/breaking-bad-jesse-pinkman",
            "name": "Jesse Pinkman",
            "image": {
                "medium": "https://static.tvmaze.com/uploads/images/medium_portrait/0/2408.jpg",
                "original": "https://static.tvmaze.com/uploads/images/original_untouched/0/2408.jpg"
            },
            "_links": {
                "self": {
                    "href": "https://api.tvmaze.com/characters/45531"
                }
            }
        },
        "self": false,
        "voice": false
    },
    {
        "person": {
            "id": 11207,
            "url": "https://www.tvmaze.com/people/11207/anna-gunn",
            "name": "Anna Gunn",
            "country": {
                "name": "United States",
                "code": "US",
                "timezone": "America/New_York"
            },
            "birthday": "1968-08-11",
            "deathday": null,
            "gender": "Female",
            "image": {
                "medium": "https://static.tvmaze.com/uploads/images/medium_portrait/2/6596.jpg",
                "original": "https://static.tvmaze.com/uploads/images/original_untouched/2/6596.jpg"
            },
            "updated": 1685793471,
            "_links": {
                "self": {
                    "href": "https://api.tvmaze.com/people/11207"
                }
            }
        },
        "character": {
            "id": 45530,
            "url": "https://www.tvmaze.com/characters/45530/breaking-bad-skyler-white",
            "name": "Skyler White",
            "image": {
                "medium": "https://static.tvmaze.com/uploads/images/medium_portrait/0/2409.jpg",
                "original": "https://static.tvmaze.com/uploads/images/original_untouched/0/2409.jpg"
            },
            "_links": {
                "self": {
                    "href": "https://api.tvmaze.com/characters/45530"
                }
            }
        },
        "self": false,
        "voice": false
    },
    {
        "person": {
            "id": 31023,
            "url": "https://www.tvmaze.com/people/31023/rj-mitte",
            "name": "RJ Mitte",
            "country": {
                "name": "United States",
                "code": "US",
                "timezone": "America/New_York"
            },
            "birthday": "1992-08-21",
            "deathday": null,
            "gender": "Male",
            "image": {
                "medium": "https://static.tvmaze.com/uploads/images/medium_portrait/3/8601.jpg",
                "original": "https://static.tvmaze.com/uploads/images/original_untouched/3/8601.jpg"
            },
            "updated": 1646171663,
            "_links": {
                "self": {
                    "href": "https://api.tvmaze.com/people/31023"
                }
            }
        },
        "character": {
            "id": 45534,
            "url": "https://www.tvmaze.com/characters/45534/breaking-bad-walter-white-jr",
            "name": "Walter White Jr.",
            "image": {
                "medium": "https://static.tvmaze.com/uploads/images/medium_portrait/0/2405.jpg",
                "original": "https://static.tvmaze.com/uploads/images/original_untouched/0/2405.jpg"
            },
            "_links": {
                "self": {
                    "href": "https://api.tvmaze.com/characters/45534"
                }
            }
        },
        "self": false,
        "voice": false
    },
    {
        "person": {
            "id": 9,
            "url": "https://www.tvmaze.com/people/9/dean-norris",
            "name": "Dean Norris",
            "country": {
                "name": "United States",
                "code": "US",
                "timezone": "America/New_York"
            },
            "birthday": "1963-04-08",
            "deathday": null,
            "gender": "Male",
            "image": {
                "medium": "https://static.tvmaze.com/uploads/images/medium_portrait/461/1154757.jpg",
                "original": "https://static.tvmaze.com/uploads/images/original_untouched/461/1154757.jpg"
            },
            "updated": 1685800384,
            "_links": {
                "self": {
                    "href": "https://api.tvmaze.com/people/9"
                }
            }
        },
        "character": {
            "id": 45532,
            "url": "https://www.tvmaze.com/characters/45532/breaking-bad-hank-schrader",
            "name": "Hank Schrader",
            "image": {
                "medium": "https://static.tvmaze.com/uploads/images/medium_portrait/0/2407.jpg",
                "original": "https://static.tvmaze.com/uploads/images/original_untouched/0/2407.jpg"
            },
            "_links": {
                "self": {
                    "href": "https://api.tvmaze.com/characters/45532"
                }
            }
        },
        "self": false,
        "voice": false
    },
    {
        "person": {
            "id": 8507,
            "url": "https://www.tvmaze.com/people/8507/betsy-brandt",
            "name": "Betsy Brandt",
            "country": {
                "name": "United States",
                "code": "US",
                "timezone": "America/New_York"
            },
            "birthday": "1973-11-14",
            "deathday": null,
            "gender": "Female",
            "image": {
                "medium": "https://static.tvmaze.com/uploads/images/medium_portrait/3/8600.jpg",
                "original": "https://static.tvmaze.com/uploads/images/original_untouched/3/8600.jpg"
            },
            "updated": 1685532220,
            "_links": {
                "self": {
                    "href": "https://api.tvmaze.com/people/8507"
                }
            }
        },
        "character": {
            "id": 45533,
            "url": "https://www.tvmaze.com/characters/45533/breaking-bad-marie-schrader",
            "name": "Marie Schrader",
            "image": {
                "medium": "https://static.tvmaze.com/uploads/images/medium_portrait/0/2406.jpg",
                "original": "https://static.tvmaze.com/uploads/images/original_untouched/0/2406.jpg"
            },
            "_links": {
                "self": {
                    "href": "https://api.tvmaze.com/characters/45533"
                }
            }
        },
        "self": false,
        "voice": false
    },
    {
        "person": {
            "id": 21268,
            "url": "https://www.tvmaze.com/people/21268/bob-odenkirk",
            "name": "Bob Odenkirk",
            "country": {
                "name": "United States",
                "code": "US",
                "timezone": "America/New_York"
            },
            "birthday": "1962-10-22",
            "deathday": null,
            "gender": "Male",
            "image": {
                "medium": "https://static.tvmaze.com/uploads/images/medium_portrait/54/136764.jpg",
                "original": "https://static.tvmaze.com/uploads/images/original_untouched/54/136764.jpg"
            },
            "updated": 1687640562,
            "_links": {
                "self": {
                    "href": "https://api.tvmaze.com/people/21268"
                }
            }
        },
        "character": {
            "id": 45535,
            "url": "https://www.tvmaze.com/characters/45535/breaking-bad-saul-goodman",
            "name": "Saul Goodman",
            "image": {
                "medium": "https://static.tvmaze.com/uploads/images/medium_portrait/0/2403.jpg",
                "original": "https://static.tvmaze.com/uploads/images/original_untouched/0/2403.jpg"
            },
            "_links": {
                "self": {
                    "href": "https://api.tvmaze.com/characters/45535"
                }
            }
        },
        "self": false,
        "voice": false
    },
    {
        "person": {
            "id": 12153,
            "url": "https://www.tvmaze.com/people/12153/jonathan-banks",
            "name": "Jonathan Banks",
            "country": {
                "name": "United States",
                "code": "US",
                "timezone": "America/New_York"
            },
            "birthday": "1947-01-31",
            "deathday": null,
            "gender": "Male",
            "image": {
                "medium": "https://static.tvmaze.com/uploads/images/medium_portrait/2/5737.jpg",
                "original": "https://static.tvmaze.com/uploads/images/original_untouched/2/5737.jpg"
            },
            "updated": 1672252081,
            "_links": {
                "self": {
                    "href": "https://api.tvmaze.com/people/12153"
                }
            }
        },
        "character": {
            "id": 45537,
            "url": "https://www.tvmaze.com/characters/45537/breaking-bad-michael-mike-ehrmantraut",
            "name": "Michael 'Mike' Ehrmantraut",
            "image": {
                "medium": "https://static.tvmaze.com/uploads/images/medium_portrait/0/2401.jpg",
                "original": "https://static.tvmaze.com/uploads/images/original_untouched/0/2401.jpg"
            },
            "_links": {
                "self": {
                    "href": "https://api.tvmaze.com/characters/45537"
                }
            }
        },
        "self": false,
        "voice": false
    },
    {
        "person": {
            "id": 2955,
            "url": "https://www.tvmaze.com/people/2955/giancarlo-esposito",
            "name": "Giancarlo Esposito",
            "country": {
                "name": "Denmark",
                "code": "DK",
                "timezone": "Europe/Copenhagen"
            },
            "birthday": "1958-04-26",
            "deathday": null,
            "gender": "Male",
            "image": {
                "medium": "https://static.tvmaze.com/uploads/images/medium_portrait/458/1145127.jpg",
                "original": "https://static.tvmaze.com/uploads/images/original_untouched/458/1145127.jpg"
            },
            "updated": 1687990522,
            "_links": {
                "self": {
                    "href": "https://api.tvmaze.com/people/2955"
                }
            }
        },
        "character": {
            "id": 45536,
            "url": "https://www.tvmaze.com/characters/45536/breaking-bad-gustavo-gus-fring",
            "name": "Gustavo 'Gus' Fring",
            "image": {
                "medium": "https://static.tvmaze.com/uploads/images/medium_portrait/0/2402.jpg",
                "original": "https://static.tvmaze.com/uploads/images/original_untouched/0/2402.jpg"
            },
            "_links": {
                "self": {
                    "href": "https://api.tvmaze.com/characters/45536"
                }
            }
        },
        "self": false,
        "voice": false
    },
    {
        "person": {
            "id": 8813,
            "url": "https://www.tvmaze.com/people/8813/jesse-plemons",
            "name": "Jesse Plemons",
            "country": {
                "name": "United States",
                "code": "US",
                "timezone": "America/New_York"
            },
            "birthday": "1988-04-02",
            "deathday": null,
            "gender": "Male",
            "image": {
                "medium": "https://static.tvmaze.com/uploads/images/medium_portrait/137/343720.jpg",
                "original": "https://static.tvmaze.com/uploads/images/original_untouched/137/343720.jpg"
            },
            "updated": 1685020246,
            "_links": {
                "self": {
                    "href": "https://api.tvmaze.com/people/8813"
                }
            }
        },
        "character": {
            "id": 45539,
            "url": "https://www.tvmaze.com/characters/45539/breaking-bad-todd-alquist",
            "name": "Todd Alquist",
            "image": {
                "medium": "https://static.tvmaze.com/uploads/images/medium_portrait/0/2411.jpg",
                "original": "https://static.tvmaze.com/uploads/images/original_untouched/0/2411.jpg"
            },
            "_links": {
                "self": {
                    "href": "https://api.tvmaze.com/characters/45539"
                }
            }
        },
        "self": false,
        "voice": false
    },
    {
        "person": {
            "id": 31024,
            "url": "https://www.tvmaze.com/people/31024/laura-fraser",
            "name": "Laura Fraser",
            "country": {
                "name": "United Kingdom",
                "code": "GB",
                "timezone": "Europe/London"
            },
            "birthday": "1976-07-24",
            "deathday": null,
            "gender": "Female",
            "image": {
                "medium": "https://static.tvmaze.com/uploads/images/medium_portrait/255/637831.jpg",
                "original": "https://static.tvmaze.com/uploads/images/original_untouched/255/637831.jpg"
            },
            "updated": 1648056280,
            "_links": {
                "self": {
                    "href": "https://api.tvmaze.com/people/31024"
                }
            }
        },
        "character": {
            "id": 45538,
            "url": "https://www.tvmaze.com/characters/45538/breaking-bad-lydia-rodarte-quayle",
            "name": "Lydia Rodarte-Quayle",
            "image": {
                "medium": "https://static.tvmaze.com/uploads/images/medium_portrait/0/2410.jpg",
                "original": "https://static.tvmaze.com/uploads/images/original_untouched/0/2410.jpg"
            },
            "_links": {
                "self": {
                    "href": "https://api.tvmaze.com/characters/45538"
                }
            }
        },
        "self": false,
        "voice": false
    }
]