[
    {
        "person": {
            "id": 31451,
            "url": "https://www.tvmaze.com/people/31451/taylor-schilling",
            "name": "Taylor Schilling",
            "country": {
                "name": "United States",
                "code": "US",
                "timezone": "America/New_York"
            },
            "birthday": "1984-07-27",
            "deathday": null,
            "gender": "Female",
            "image": {
                "medium": "https://static.tvmaze.com/uploads/images/medium_portrait/3/8328.jpg",
                "original": "https://static.tvmaze.com/uploads/images/original_untouched/3/8328.jpg"
            },
            "updated": 1685016428,
            "_links": {
                "self": {
                    "href": "https://api.tvmaze.com/people/31451"
                }
            }
        },
        "character": {
            "id": 46158,
            "url": "https://www.tvmaze.com/characters/46158/orange-is-the-new-black-piper-chapman",
            "name": "Piper Chapman",
            "image": {
                "medium": "https://static.tvmaze.com/uploads/images/medium_portrait/0/2415.jpg",
                "original": "https://static.tvmaze.com/uploads/images/original_untouched/0/2415.jpg"
            },
            "_links": {
                "self": {
                    "href": "https://api.tvmaze.com/characters/46158"
                }
            }
        },
        "self": false,
        "voice": false
    },
    {
        "person": {
            "id": 27488,
            "url": "https://www.tvmaze.com/people/27488/danielle-brooks",
            "name": "Danielle Brooks",
            "country": {
                "name": "United States",
                "code": "US",
                "timezone": "America/New_York"
            },
            "birthday": "1989-09-17",
            "deathday": null,
            "gender": "Female",
            "image": {
                "medium": "https://static.tvmaze.com/uploads/images/medium_portrait/403/1007510.jpg",
                "original": "https://static.tvmaze.com/uploads/images/original_untouched/403/1007510.jpg"
            },
            "updated": 1683805038,
            "_links": {
                "self": {
                    "href": "https://api.tvmaze.com/people/27488"
                }
            }
        },
        "character": {
            "id": 46164,
            "url": "https://www.tvmaze.com/characters/46164/orange-is-the-new-black-tasha-taystee-jefferson",
            "name": "Tasha \"Taystee\" Jefferson",
            "image": {
                "medium": "https://static.tvmaze.com/uploads/images/medium_portrait/0/2429.jpg",
                "original": "https://static.tvmaze.com/uploads/images/original_untouched/0/2429.jpg"
            },
            "_links": {
                "self": {
                    "href": "https://api.tvmaze.com/characters/46164"
                }
            }
        },
        "self": false,
        "voice": false
    },
    {
        "person": {
            "id": 23001,
            "url": "https://www.tvmaze.com/people/23001/kate-mulgrew",
            "name": "Kate Mulgrew",
            "country": {
                "name": "United States",
                "code": "US",
                "timezone": "America/New_York"
            },
            "birthday": "1955-04-29",
            "deathday": null,
            "gender": "Female",
            "image": {
                "medium": "https://static.tvmaze.com/uploads/images/medium_portrait/71/179842.jpg",
                "original": "https://static.tvmaze.com/uploads/images/original_untouched/71/179842.jpg"
            },
            "updated": 1687946047,
            "_links": {
                "self": {
                    "href": "https://api.tvmaze.com/people/23001"
                }
            }
        },
        "character": {
            "id": 46162,
            "url": "https://www.tvmaze.com/characters/46162/orange-is-the-new-black-galina-red-reznikov",
            "name": "Galina \"Red\" Reznikov",
            "image": {
                "medium": "https://static.tvmaze.com/uploads/images/medium_portrait/0/2430.jpg",
                "original": "https://static.tvmaze.com/uploads/images/original_untouched/0/2430.jpg"
            },
            "_links": {
                "self": {
                    "href": "https://api.tvmaze.com/characters/46162"
                }
            }
        },
        "self": false,
        "voice": false
    },
    {
        "person": {
            "id": 17465,
            "url": "https://www.tvmaze.com/people/17465/selenis-leyva",
            "name": "Selenis Leyva",
            "country": {
                "name": "Cuba",
                "code": "CU",
                "timezone": "America/Havana"
            },
            "birthday": "1972-05-26",
            "deathday": null,
            "gender": "Female",
            "image": {
                "medium": "https://static.tvmaze.com/uploads/images/medium_portrait/10/26367.jpg",
                "original": "https://static.tvmaze.com/uploads/images/original_untouched/10/26367.jpg"
            },
            "updated": 1683325601,
            "_links": {
                "self": {
                    "href": "https://api.tvmaze.com/people/17465"
                }
            }
        },
        "character": {
            "id": 46194,
            "url": "https://www.tvmaze.com/characters/46194/orange-is-the-new-black-gloria-mendoza",
            "name": "Gloria Mendoza",
            "image": {
                "medium": "https://static.tvmaze.com/uploads/images/medium_portrait/0/2420.jpg",
                "original": "https://static.tvmaze.com/uploads/images/original_untouched/0/2420.jpg"
            },
            "_links": {
                "self": {
                    "href": "https://api.tvmaze.com/characters/46194"
                }
            }
        },
        "self": false,
        "voice": false
    },
    {
        "person": {
            "id": 31452,
            "url": "https://www.tvmaze.com/people/31452/uzo-aduba",
            "name": "Uzo Aduba",
            "country": {
                "name": "United States",
                "code": "US",
                "timezone": "America/New_York"
            },
            "birthday": "1981-02-10",
            "deathday": null,
            "gender": "Female",
            "image": {
                "medium": "https://static.tvmaze.com/uploads/images/medium_portrait/3/8336.jpg",
                "original": "https://static.tvmaze.com/uploads/images/original_untouched/3/8336.jpg"
            },
            "updated": 1686733100,
            "_links": {
                "self": {
                    "href": "https://api.tvmaze.com/people/31452"
                }
            }
        },
        "character": {
            "id": 46167,
            "url": "https://www.tvmaze.com/characters/46167/orange-is-the-new-black-suzanne-crazy-eyes-warren",
            "name": "Suzanne \"Crazy Eyes\" Warren",
            "image": {
                "medium": "https://static.tvmaze.com/uploads/images/medium_portrait/0/2427.jpg",
                "original": "https://static.tvmaze.com/uploads/images/original_untouched/0/2427.jpg"
            },
            "_links": {
                "self": {
                    "href": "https://api.tvmaze.com/characters/46167"
                }
            }
        },
        "self": false,
        "voice": false
    },
    {
        "person": {
            "id": 15585,
            "url": "https://www.tvmaze.com/people/15585/dascha-polanco",
            "name": "Dascha Polanco",
            "country": {
                "name": "Dominican Republic",
                "code": "DO",
                "timezone": "America/Santo_Domingo"
            },
            "birthday": "1982-12-03",
            "deathday": null,
            "gender": "Female",
            "image": {
                "medium": "https://static.tvmaze.com/uploads/images/medium_portrait/11/29729.jpg",
                "original": "https://static.tvmaze.com/uploads/images/original_untouched/11/29729.jpg"
            },
            "updated": 1674743030,
            "_links": {
                "self": {
                    "href": "https://api.tvmaze.com/people/15585"
                }
            }
        },
        "character": {
            "id": 46178,
            "url": "https://www.tvmaze.com/characters/46178/orange-is-the-new-black-dayanara-diaz",
            "name": "Dayanara Diaz",
            "image": {
                "medium": "https://static.tvmaze.com/uploads/images/medium_portrait/0/2423.jpg",
                "original": "https://static.tvmaze.com/uploads/images/original_untouched/0/2423.jpg"
            },
            "_links": {
                "self": {
                    "href": "https://api.tvmaze.com/characters/46178"
                }
            }
        },
        "self": false,
        "voice": false
    },
    {
        "person": {
            "id": 15601,
            "url": "https://www.tvmaze.com/people/15601/nick-sandow",
            "name": "Nick Sandow",
            "country": {
                "name": "United States",
                "code": "US",
                "timezone": "America/New_York"
            },
            "birthday": "1966-08-03",
            "deathday": null,
            "gender": "Male",
            "image": {
                "medium": "https://static.tvmaze.com/uploads/images/medium_portrait/11/29730.jpg",
                "original": "https://static.tvmaze.com/uploads/images/original_untouched/11/29730.jpg"
            },
            "updated": 1661686059,
            "_links": {
                "self": {
                    "href": "https://api.tvmaze.com/people/15601"
                }
            }
        },
        "character": {
            "id": 46171,
            "url": "https://www.tvmaze.com/characters/46171/orange-is-the-new-black-joe-caputo",
            "name": "Joe Caputo",
            "image": {
                "medium": "https://static.tvmaze.com/uploads/images/medium_portrait/10/25127.jpg",
                "original": "https://static.tvmaze.com/uploads/images/original_untouched/10/25127.jpg"
            },
            "_links": {
                "self": {
                    "href": "https://api.tvmaze.com/characters/46171"
                }
            }
        },
        "self": false,
        "voice": false
    },
    {
        "person": {
            "id": 7744,
            "url": "https://www.tvmaze.com/people/7744/natasha-lyonne",
            "name": "Natasha Lyonne",
            "country": {
                "name": "United States",
                "code": "US",
                "timezone": "America/New_York"
            },
            "birthday": "1979-04-04",
            "deathday": null,
            "gender": "Female",
            "image": {
                "medium": "https://static.tvmaze.com/uploads/images/medium_portrait/269/673069.jpg",
                "original": "https://static.tvmaze.com/uploads/images/original_untouched/269/673069.jpg"
            },
            "updated": 1686956226,
            "_links": {
                "self": {
                    "href": "https://api.tvmaze.com/people/7744"
                }
            }
        },
        "character": {
            "id": 46165,
            "url": "https://www.tvmaze.com/characters/46165/orange-is-the-new-black-nicky-nichols",
            "name": "Nicky Nichols",
            "image": {
                "medium": "https://static.tvmaze.com/uploads/images/medium_portrait/0/2428.jpg",
                "original": "https://static.tvmaze.com/uploads/images/original_untouched/0/2428.jpg"
            },
            "_links": {
                "self": {
                    "href": "https://api.tvmaze.com/characters/46165"
                }
            }
        },
        "self": false,
        "voice": false
    },
    {
        "person": {
            "id": 31459,
            "url": "https://www.tvmaze.com/people/31459/yael-stone",
            "name": "Yael Stone",
            "country": {
                "name": "Australia",
                "code": "AU",
                "timezone": "Australia/Sydney"
            },
            "birthday": "1985-03-06",
            "deathday": null,
            "gender": "Female",
            "image": {
                "medium": "https://static.tvmaze.com/uploads/images/medium_portrait/387/967857.jpg",
                "original": "https://static.tvmaze.com/uploads/images/original_untouched/387/967857.jpg"
            },
            "updated": 1680114572,
            "_links": {
                "self": {
                    "href": "https://api.tvmaze.com/people/31459"
                }
            }
        },
        "character": {
            "id": 46196,
            "url": "https://www.tvmaze.com/characters/46196/orange-is-the-new-black-lorna-morello",
            "name": "Lorna Morello",
            "image": {
                "medium": "https://static.tvmaze.com/uploads/images/medium_portrait/0/2424.jpg",
                "original": "https://static.tvmaze.com/uploads/images/original_untouched/0/2424.jpg"
            },
            "_links": {
                "self": {
                    "href": "https://api.tvmaze.com/characters/46196"
                }
            }
        },
        "self": false,
        "voice": false
    },
    {
        "person": {
            "id": 26000,
            "url": "https://www.tvmaze.com/people/26000/laura-prepon",
            "name": "Laura Prepon",
            "country": {
                "name": "United States",
                "code": "US",
                "timezone": "America/New_York"
            },
            "birthday": "1980-03-07",
            "deathday": null,
            "gender": "Female",
            "image": {
                "medium": "https://static.tvmaze.com/uploads/images/medium_portrait/3/8329.jpg",
                "original": "https://static.tvmaze.com/uploads/images/original_untouched/3/8329.jpg"
            },
            "updated": 1680642053,
            "_links": {
                "self": {
                    "href": "https://api.tvmaze.com/people/26000"
                }
            }
        },
        "character": {
            "id": 46159,
            "url": "https://www.tvmaze.com/characters/46159/orange-is-the-new-black-alex-vause",
            "name": "Alex Vause",
            "image": {
                "medium": "https://static.tvmaze.com/uploads/images/medium_portrait/0/2416.jpg",
                "original": "https://static.tvmaze.com/uploads/images/original_untouched/0/2416.jpg"
            },
            "_links": {
                "self": {
                    "href": "https://api.tvmaze.com/characters/46159"
                }
            }
        },
        "self": false,
        "voice": false
    },
    {
        "person": {
            "id": 5502,
            "url": "https://www.tvmaze.com/people/5502/taryn-manning",
            "name": "Taryn Manning",
            "country": {
                "name": "United States",
                "code": "US",
                "timezone": "America/New_York"
            },
            "birthday": "1978-11-06",
            "deathday": null,
            "gender": "Female",
            "image": {
                "medium": "https://static.tvmaze.com/uploads/images/medium_portrait/3/8335.jpg",
                "original": "https://static.tvmaze.com/uploads/images/original_untouched/3/8335.jpg"
            },
            "updated": 1687136133,
            "_links": {
                "self": {
                    "href": "https://api.tvmaze.com/people/5502"
                }
            }
        },
        "character": {
            "id": 46166,
            "url": "https://www.tvmaze.com/characters/46166/orange-is-the-new-black-tiffany-pennsatucky-doggett",
            "name": "Tiffany \"Pennsatucky\" Doggett",
            "image": {
                "medium": "https://static.tvmaze.com/uploads/images/medium_portrait/0/2426.jpg",
                "original": "https://static.tvmaze.com/uploads/images/original_untouched/0/2426.jpg"
            },
            "_links": {
                "self": {
                    "href": "https://api.tvmaze.com/characters/46166"
                }
            }
        },
        "self": false,
        "voice": false
    },
    {
        "person": {
            "id": 31504,
            "url": "https://www.tvmaze.com/people/31504/adrienne-c-moore",
            "name": "Adrienne C. Moore",
            "country": {
                "name": "United States",
                "code": "US",
                "timezone": "America/New_York"
            },
            "birthday": "1980-08-14",
            "deathday": null,
            "gender": "Female",
            "image": {
                "medium": "https://static.tvmaze.com/uploads/images/medium_portrait/11/29728.jpg",
                "original": "https://static.tvmaze.com/uploads/images/original_untouched/11/29728.jpg"
            },
            "updated": 1688696635,
            "_links": {
                "self": {
                    "href": "https://api.tvmaze.com/people/31504"
                }
            }
        },
        "character": {
            "id": 130708,
            "url": "https://www.tvmaze.com/characters/130708/orange-is-the-new-black-cindy-black-cindy-hayes",
            "name": "Cindy \"Black Cindy\" Hayes",
            "image": {
                "medium": "https://static.tvmaze.com/uploads/images/medium_portrait/16/40148.jpg",
                "original": "https://static.tvmaze.com/uploads/images/original_untouched/16/40148.jpg"
            },
            "_links": {
                "self": {
                    "href": "https://api.tvmaze.com/characters/130708"
                }
            }
        },
        "self": false,
        "voice": false
    },
    {
        "person": {
            "id": 15899,
            "url": "https://www.tvmaze.com/people/15899/jackie-cruz",
            "name": "Jackie Cruz",
            "country": {
                "name": "United States",
                "code": "US",
                "timezone": "America/New_York"
            },
            "birthday": "1986-08-08",
            "deathday": null,
            "gender": "Female",
            "image": {
                "medium": "https://static.tvmaze.com/uploads/images/medium_portrait/52/131703.jpg",
                "original": "https://static.tvmaze.com/uploads/images/original_untouched/52/131703.jpg"
            },
            "updated": 1534601383,
            "_links": {
                "self": {
                    "href": "https://api.tvmaze.com/people/15899"
                }
            }
        },
        "character": {
            "id": 46256,
            "url": "https://www.tvmaze.com/characters/46256/orange-is-the-new-black-marisol-flaca-gonzales",
            "name": "Marisol \"Flaca\" Gonzales",
            "image": {
                "medium": "https://static.tvmaze.com/uploads/images/medium_portrait/11/29867.jpg",
                "original": "https://static.tvmaze.com/uploads/images/original_untouched/11/29867.jpg"
            },
            "_links": {
                "self": {
                    "href": "https://api.tvmaze.com/characters/46256"
                }
            }
        },
        "self": false,
        "voice": false
    },
    {
        "person": {
            "id": 22356,
            "url": "https://www.tvmaze.com/people/22356/jessica-pimentel",
            "name": "Jessica Pimentel",
            "country": null,
            "birthday": null,
            "deathday": null,
            "gender": "Female",
            "image": {
                "medium": "https://static.tvmaze.com/uploads/images/medium_portrait/4/10503.jpg",
                "original": "https://static.tvmaze.com/uploads/images/original_untouched/4/10503.jpg"
            },
            "updated": 1688766591,
            "_links": {
                "self": {
                    "href": "https://api.tvmaze.com/people/22356"
                }
            }
        },
        "character": {
            "id": 46206,
            "url": "https://www.tvmaze.com/characters/46206/orange-is-the-new-black-maria-ruiz",
            "name": "Maria Ruiz",
            "image": {
                "medium": "https://static.tvmaze.com/uploads/images/medium_portrait/10/25117.jpg",
                "original": "https://static.tvmaze.com/uploads/images/original_untouched/10/25117.jpg"
            },
            "_links": {
                "self": {
                    "href": "https://api.tvmaze.com/characters/46206"
                }
            }
        },
        "self": false,
        "voice": false
    },
    {
        "person": {
            "id": 25267,
            "url": "https://www.tvmaze.com/people/25267/laura-gomez",
            "name": "Laura Gomez",
            "country": {
                "name": "United States",
                "code": "US",
                "timezone": "America/New_York"
            },
            "birthday": null,
            "deathday": null,
            "gender": "Female",
            "image": {
                "medium": "https://static.tvmaze.com/uploads/images/medium_portrait/11/29869.jpg",
                "original": "https://static.tvmaze.com/uploads/images/original_untouched/11/29869.jpg"
            },
            "updated": 1534168577,
            "_links": {
                "self": {
                    "href": "https://api.tvmaze.com/people/25267"
                }
            }
        },
        "character": {
            "id": 46184,
            "url": "https://www.tvmaze.com/characters/46184/orange-is-the-new-black-blanca-flores",
            "name": "Blanca Flores",
            "image": {
                "medium": "https://static.tvmaze.com/uploads/images/medium_portrait/109/273368.jpg",
                "original": "https://static.tvmaze.com/uploads/images/original_untouched/109/273368.jpg"
            },
            "_links": {
                "self": {
                    "href": "https://api.tvmaze.com/characters/46184"
                }
            }
        },
        "self": false,
        "voice": false
    },
    {
        "person": {
            "id": 14709,
            "url": "https://www.tvmaze.com/people/14709/lea-delaria",
            "name": "Lea DeLaria",
            "country": {
                "name": "United States",
                "code": "US",
                "timezone": "America/New_York"
            },
            "birthday": "1958-05-23",
            "deathday": null,
            "gender": "Female",
            "image": {
                "medium": "https://static.tvmaze.com/uploads/images/medium_portrait/11/29860.jpg",
                "original": "https://static.tvmaze.com/uploads/images/original_untouched/11/29860.jpg"
            },
            "updated": 1686317868,
            "_links": {
                "self": {
                    "href": "https://api.tvmaze.com/people/14709"
                }
            }
        },
        "character": {
            "id": 46186,
            "url": "https://www.tvmaze.com/characters/46186/orange-is-the-new-black-big-boo",
            "name": "Big Boo",
            "image": {
                "medium": "https://static.tvmaze.com/uploads/images/medium_portrait/10/25128.jpg",
                "original": "https://static.tvmaze.com/uploads/images/original_untouched/10/25128.jpg"
            },
            "_links": {
                "self": {
                    "href": "https://api.tvmaze.com/characters/46186"
                }
            }
        },
        "self": false,
        "voice": false
    },
    {
        "person": {
            "id": 24901,
            "url": "https://www.tvmaze.com/people/24901/elizabeth-rodriguez",
            "name": "Elizabeth Rodriguez",
            "country": {
                "name": "United States",
                "code": "US",
                "timezone": "America/New_York"
            },
            "birthday": "1968-12-27",
            "deathday": null,
            "gender": "Female",
            "image": {
                "medium": "https://static.tvmaze.com/uploads/images/medium_portrait/10/26260.jpg",
                "original": "https://static.tvmaze.com/uploads/images/original_untouched/10/26260.jpg"
            },
            "updated": 1685817628,
            "_links": {
                "self": {
                    "href": "https://api.tvmaze.com/people/24901"
                }
            }
        },
        "character": {
            "id": 46179,
            "url": "https://www.tvmaze.com/characters/46179/orange-is-the-new-black-aleida-diaz",
            "name": "Aleida Diaz",
            "image": {
                "medium": "https://static.tvmaze.com/uploads/images/medium_portrait/0/2421.jpg",
                "original": "https://static.tvmaze.com/uploads/images/original_untouched/0/2421.jpg"
            },
            "_links": {
                "self": {
                    "href": "https://api.tvmaze.com/characters/46179"
                }
            }
        },
        "self": false,
        "voice": false
    },
    {
        "person": {
            "id": 29610,
            "url": "https://www.tvmaze.com/people/29610/matt-peters",
            "name": "Matt Peters",
            "country": null,
            "birthday": null,
            "deathday": null,
            "gender": "Male",
            "image": {
                "medium": "https://static.tvmaze.com/uploads/images/medium_portrait/68/172426.jpg",
                "original": "https://static.tvmaze.com/uploads/images/original_untouched/68/172426.jpg"
            },
            "updated": 1657552981,
            "_links": {
                "self": {
                    "href": "https://api.tvmaze.com/people/29610"
                }
            }
        },
        "character": {
            "id": 46259,
            "url": "https://www.tvmaze.com/characters/46259/orange-is-the-new-black-joel-luschek",
            "name": "Joel Luschek",
            "image": {
                "medium": "https://static.tvmaze.com/uploads/images/medium_portrait/109/273367.jpg",
                "original": "https://static.tvmaze.com/uploads/images/original_untouched/109/273367.jpg"
            },
            "_links": {
                "self": {
                    "href": "https://api.tvmaze.com/characters/46259"
                }
            }
        },
        "self": false,
        "voice": false
    },
    {
        "person": {
            "id": 15455,
            "url": "https://www.tvmaze.com/people/15455/samira-wiley",
            "name": "Samira Wiley",
            "country": {
                "name": "United States",
                "code": "US",
                "timezone": "America/New_York"
            },
            "birthday": "1987-04-15",
            "deathday": null,
            "gender": "Female",
            "image": {
                "medium": "https://static.tvmaze.com/uploads/images/medium_portrait/168/421642.jpg",
                "original": "https://static.tvmaze.com/uploads/images/original_untouched/168/421642.jpg"
            },
            "updated": 1679013547,
            "_links": {
                "self": {
                    "href": "https://api.tvmaze.com/people/15455"
                }
            }
        },
        "character": {
            "id": 46260,
            "url": "https://www.tvmaze.com/characters/46260/orange-is-the-new-black-poussey-washington",
            "name": "Poussey Washington",
            "image": {
                "medium": "https://static.tvmaze.com/uploads/images/medium_portrait/10/25126.jpg",
                "original": "https://static.tvmaze.com/uploads/images/original_untouched/10/25126.jpg"
            },
            "_links": {
                "self": {
                    "href": "https://api.tvmaze.com/characters/46260"
                }
            }
        },
        "self": false,
        "voice": false
    },
    {
        "person": {
            "id": 31531,
            "url": "https://www.tvmaze.com/people/31531/dale-soules",
            "name": "Dale Soules",
            "country": {
                "name": "United States",
                "code": "US",
                "timezone": "America/New_York"
            },
            "birthday": "1946-10-02",
            "deathday": null,
            "gender": "Female",
            "image": {
                "medium": "https://static.tvmaze.com/uploads/images/medium_portrait/11/29874.jpg",
                "original": "https://static.tvmaze.com/uploads/images/original_untouched/11/29874.jpg"
            },
            "updated": 1684884699,
            "_links": {
                "self": {
                    "href": "https://api.tvmaze.com/people/31531"
                }
            }
        },
        "character": {
            "id": 46344,
            "url": "https://www.tvmaze.com/characters/46344/orange-is-the-new-black-frieda-berlin",
            "name": "Frieda Berlin",
            "image": {
                "medium": "https://static.tvmaze.com/uploads/images/medium_portrait/109/273363.jpg",
                "original": "https://static.tvmaze.com/uploads/images/original_untouched/109/273363.jpg"
            },
            "_links": {
                "self": {
                    "href": "https://api.tvmaze.com/characters/46344"
                }
            }
        },
        "self": false,
        "voice": false
    },
    {
        "person": {
            "id": 12712,
            "url": "https://www.tvmaze.com/people/12712/michael-harney",
            "name": "Michael Harney",
            "country": {
                "name": "United States",
                "code": "US",
                "timezone": "America/New_York"
            },
            "birthday": "1956-03-27",
            "deathday": null,
            "gender": "Male",
            "image": {
                "medium": "https://static.tvmaze.com/uploads/images/medium_portrait/11/29727.jpg",
                "original": "https://static.tvmaze.com/uploads/images/original_untouched/11/29727.jpg"
            },
            "updated": 1687701072,
            "_links": {
                "self": {
                    "href": "https://api.tvmaze.com/people/12712"
                }
            }
        },
        "character": {
            "id": 46160,
            "url": "https://www.tvmaze.com/characters/46160/orange-is-the-new-black-sam-healy",
            "name": "Sam Healy",
            "image": {
                "medium": "https://static.tvmaze.com/uploads/images/medium_portrait/10/25114.jpg",
                "original": "https://static.tvmaze.com/uploads/images/original_untouched/10/25114.jpg"
            },
            "_links": {
                "self": {
                    "href": "https://api.tvmaze.com/characters/46160"
                }
            }
        },
        "self": false,
        "voice": false
    },
    {
        "person": {
            "id": 6026,
            "url": "https://www.tvmaze.com/people/6026/alysia-reiner",
            "name": "Alysia Reiner",
            "country": {
                "name": "United States",
                "code": "US",
                "timezone": "America/New_York"
            },
            "birthday": "1970-07-21",
            "deathday": null,
            "gender": "Female",
            "image": {
                "medium": "https://static.tvmaze.com/uploads/images/medium_portrait/2/5154.jpg",
                "original": "https://static.tvmaze.com/uploads/images/original_untouched/2/5154.jpg"
            },
            "updated": 1687175548,
            "_links": {
                "self": {
                    "href": "https://api.tvmaze.com/people/6026"
                }
            }
        },
        "character": {
            "id": 46202,
            "url": "https://www.tvmaze.com/characters/46202/orange-is-the-new-black-natalie-figueroa",
            "name": "Natalie Figueroa",
            "image": {
                "medium": "https://static.tvmaze.com/uploads/images/medium_portrait/10/25122.jpg",
                "original": "https://static.tvmaze.com/uploads/images/original_untouched/10/25122.jpg"
            },
            "_links": {
                "self": {
                    "href": "https://api.tvmaze.com/characters/46202"
                }
            }
        },
        "self": false,
        "voice": false
    },
    {
        "person": {
            "id": 20511,
            "url": "https://www.tvmaze.com/people/20511/jason-biggs",
            "name": "Jason Biggs",
            "country": {
                "name": "United States",
                "code": "US",
                "timezone": "America/New_York"
            },
            "birthday": "1978-05-12",
            "deathday": null,
            "gender": "Male",
            "image": {
                "medium": "https://static.tvmaze.com/uploads/images/medium_portrait/107/268623.jpg",
                "original": "https://static.tvmaze.com/uploads/images/original_untouched/107/268623.jpg"
            },
            "updated": 1675366338,
            "_links": {
                "self": {
                    "href": "https://api.tvmaze.com/people/20511"
                }
            }
        },
        "character": {
            "id": 46163,
            "url": "https://www.tvmaze.com/characters/46163/orange-is-the-new-black-larry-bloom",
            "name": "Larry Bloom",
            "image": {
                "medium": "https://static.tvmaze.com/uploads/images/medium_portrait/0/2417.jpg",
                "original": "https://static.tvmaze.com/uploads/images/original_untouched/0/2417.jpg"
            },
            "_links": {
                "self": {
                    "href": "https://api.tvmaze.com/characters/46163"
                }
            }
        },
        "self": false,
        "voice": false
    },
    {
        "person": {
            "id": 17386,
            "url": "https://www.tvmaze.com/people/17386/michelle-hurst",
            "name": "Michelle Hurst",
            "country": {
                "name": "United States",
                "code": "US",
                "timezone": "America/New_York"
            },
            "birthday": null,
            "deathday": null,
            "gender": "Female",
            "image": {
                "medium": "https://static.tvmaze.com/uploads/images/medium_portrait/3/8330.jpg",
                "original": "https://static.tvmaze.com/uploads/images/original_untouched/3/8330.jpg"
            },
            "updated": 1634236203,
            "_links": {
                "self": {
                    "href": "https://api.tvmaze.com/people/17386"
                }
            }
        },
        "character": {
            "id": 46161,
            "url": "https://www.tvmaze.com/characters/46161/orange-is-the-new-black-miss-claudette-pelage",
            "name": "Miss Claudette Pelage",
            "image": {
                "medium": "https://static.tvmaze.com/uploads/images/medium_portrait/0/2418.jpg",
                "original": "https://static.tvmaze.com/uploads/images/original_untouched/0/2418.jpg"
            },
            "_links": {
                "self": {
                    "href": "https://api.tvmaze.com/characters/46161"
                }
            }
        },
        "self": false,
        "voice": false
    }
]