[
    {
        "person": {
            "id": 23485,
            "url": "https://www.tvmaze.com/people/23485/david-tennant",
            "name": "David Tennant",
            "country": {
                "name": "United Kingdom",
                "code": "GB",
                "timezone": "Europe/London"
            },
            "birthday": "1971-04-18",
            "deathday": null,
            "gender": "Male",
            "image": {
                "medium": "https://static.tvmaze.com/uploads/images/medium_portrait/2/6595.jpg",
                "original": "https://static.tvmaze.com/uploads/images/original_untouched/2/6595.jpg"
            },
            "updated": 1687805426,
            "_links": {
                "self": {
                    "href": "https://api.tvmaze.com/people/23485"
                }
            }
        },
        "character": {
            "id": 53338,
            "url": "https://www.tvmaze.com/characters/53338/doctor-who-the-tenth-doctor",
            "name": "The Tenth Doctor",
            "image": {
                "medium": "https://static.tvmaze.com/uploads/images/medium_portrait/1/3183.jpg",
                "original": "https://static.tvmaze.com/uploads/images/original_untouched/1/3183.jpg"
            },
            "_links": {
                "self": {
                    "href": "https://api.tvmaze.com/characters/53338"
                }
            }
        },
        "self": false,
        "voice": false
    },
    {
        "person": {
            "id": 34550,
            "url": "https://www.tvmaze.com/people/34550/matt-smith",
            "name": "Matt Smith",
            "country": {
                "name": "United Kingdom",
                "code": "GB",
                "timezone": "Europe/London"
            },
            "birthday": "1982-10-28",
            "deathday": null,
            "gender": "Male",
            "image": {
                "medium": "https://static.tvmaze.com/uploads/images/medium_portrait/4/10540.jpg",
                "original": "https://static.tvmaze.com/uploads/images/original_untouched/4/10540.jpg"
            },
            "updated": 1683805201,
            "_links": {
                "self": {
                    "href": "https://api.tvmaze.com/people/34550"
                }
            }
        },
        "character": {
            "id": 161649,
            "url": "https://www.tvmaze.com/characters/161649/doctor-who-the-eleventh-doctor",
            "name": "The Eleventh Doctor",
            "image": {
                "medium": "https://static.tvmaze.com/uploads/images/medium_portrait/14/36499.jpg",
                "original": "https://static.tvmaze.com/uploads/images/original_untouched/14/36499.jpg"
            },
            "_links": {
                "self": {
                    "href": "https://api.tvmaze.com/characters/161649"
                }
            }
        },
        "self": false,
        "voice": false
    },
    {
        "person": {
            "id": 34548,
            "url": "https://www.tvmaze.com/people/34548/peter-capaldi",
            "name": "Peter Capaldi",
            "country": {
                "name": "United Kingdom",
                "code": "GB",
                "timezone": "Europe/London"
            },
            "birthday": "1958-04-14",
            "deathday": null,
            "gender": "Male",
            "image": {
                "medium": "https://static.tvmaze.com/uploads/images/medium_portrait/73/184753.jpg",
                "original": "https://static.tvmaze.com/uploads/images/original_untouched/73/184753.jpg"
            },
            "updated": 1673263849,
            "_links": {
                "self": {
                    "href": "https://api.tvmaze.com/people/34548"
                }
            }
        },
        "character": {
            "id": 161648,
            "url": "https://www.tvmaze.com/characters/161648/doctor-who-the-twelfth-doctor",
            "name": "The Twelfth Doctor",
            "image": {
                "medium": "https://static.tvmaze.com/uploads/images/medium_portrait/107/268354.jpg",
                "original": "https://static.tvmaze.com/uploads/images/original_untouched/107/268354.jpg"
            },
            "_links": {
                "self": {
                    "href": "https://api.tvmaze.com/characters/161648"
                }
            }
        },
        "self": false,
        "voice": false
    },
    {
        "person": {
            "id": 102062,
            "url": "https://www.tvmaze.com/people/102062/jenna-coleman",
            "name": "Jenna Coleman",
            "country": {
                "name": "United Kingdom",
                "code": "GB",
                "timezone": "Europe/London"
            },
            "birthday": "1986-04-27",
            "deathday": null,
            "gender": "Female",
            "image": {
                "medium": "https://static.tvmaze.com/uploads/images/medium_portrait/215/539608.jpg",
                "original": "https://static.tvmaze.com/uploads/images/original_untouched/215/539608.jpg"
            },
            "updated": 1660307760,
            "_links": {
                "self": {
                    "href": "https://api.tvmaze.com/people/102062"
                }
            }
        },
        "character": {
            "id": 53334,
            "url": "https://www.tvmaze.com/characters/53334/doctor-who-clara-oswald",
            "name": "Clara Oswald",
            "image": {
                "medium": "https://static.tvmaze.com/uploads/images/medium_portrait/1/3185.jpg",
                "original": "https://static.tvmaze.com/uploads/images/original_untouched/1/3185.jpg"
            },
            "_links": {
                "self": {
                    "href": "https://api.tvmaze.com/characters/53334"
                }
            }
        },
        "self": false,
        "voice": false
    },
    {
        "person": {
            "id": 2829,
            "url": "https://www.tvmaze.com/people/2829/billie-piper",
            "name": "Billie Piper",
            "country": {
                "name": "United Kingdom",
                "code": "GB",
                "timezone": "Europe/London"
            },
            "birthday": "1982-09-22",
            "deathday": null,
            "gender": "Female",
            "image": {
                "medium": "https://static.tvmaze.com/uploads/images/medium_portrait/3/8174.jpg",
                "original": "https://static.tvmaze.com/uploads/images/original_untouched/3/8174.jpg"
            },
            "updated": 1678628465,
            "_links": {
                "self": {
                    "href": "https://api.tvmaze.com/people/2829"
                }
            }
        },
        "character": {
            "id": 53340,
            "url": "https://www.tvmaze.com/characters/53340/doctor-who-rose-tyler",
            "name": "Rose Tyler",
            "image": {
                "medium": "https://static.tvmaze.com/uploads/images/medium_portrait/1/3190.jpg",
                "original": "https://static.tvmaze.com/uploads/images/original_untouched/1/3190.jpg"
            },
            "_links": {
                "self": {
                    "href": "https://api.tvmaze.com/characters/53340"
                }
            }
        },
        "self": false,
        "voice": false
    },
    {
        "person": {
            "id": 26905,
            "url": "https://www.tvmaze.com/people/26905/karen-gillan",
            "name": "Karen Gillan",
            "country": {
                "name": "United Kingdom",
                "code": "GB",
                "timezone": "Europe/London"
            },
            "birthday": "1987-11-28",
            "deathday": null,
            "gender": "Female",
            "image": {
                "medium": "https://static.tvmaze.com/uploads/images/medium_portrait/241/603071.jpg",
                "original": "https://static.tvmaze.com/uploads/images/original_untouched/241/603071.jpg"
            },
            "updated": 1683224592,
            "_links": {
                "self": {
                    "href": "https://api.tvmaze.com/people/26905"
                }
            }
        },
        "character": {
            "id": 53336,
            "url": "https://www.tvmaze.com/characters/53336/doctor-who-amelia-amy-pond",
            "name": "Amelia \"Amy\" Pond",
            "image": {
                "medium": "https://static.tvmaze.com/uploads/images/medium_portrait/1/3186.jpg",
                "original": "https://static.tvmaze.com/uploads/images/original_untouched/1/3186.jpg"
            },
            "_links": {
                "self": {
                    "href": "https://api.tvmaze.com/characters/53336"
                }
            }
        },
        "self": false,
        "voice": false
    },
    {
        "person": {
            "id": 39034,
            "url": "https://www.tvmaze.com/people/39034/jodie-whittaker",
            "name": "Jodie Whittaker",
            "country": {
                "name": "United Kingdom",
                "code": "GB",
                "timezone": "Europe/London"
            },
            "birthday": "1982-01-03",
            "deathday": null,
            "gender": "Female",
            "image": {
                "medium": "https://static.tvmaze.com/uploads/images/medium_portrait/255/638875.jpg",
                "original": "https://static.tvmaze.com/uploads/images/original_untouched/255/638875.jpg"
            },
            "updated": 1688167688,
            "_links": {
                "self": {
                    "href": "https://api.tvmaze.com/people/39034"
                }
            }
        },
        "character": {
            "id": 445312,
            "url": "https://www.tvmaze.com/characters/445312/doctor-who-the-thirteenth-doctor",
            "name": "The Thirteenth Doctor",
            "image": {
                "medium": "https://static.tvmaze.com/uploads/images/medium_portrait/135/337804.jpg",
                "original": "https://static.tvmaze.com/uploads/images/original_untouched/135/337804.jpg"
            },
            "_links": {
                "self": {
                    "href": "https://api.tvmaze.com/characters/445312"
                }
            }
        },
        "self": false,
        "voice": false
    },
    {
        "person": {
            "id": 167477,
            "url": "https://www.tvmaze.com/people/167477/mandip-gill",
            "name": "Mandip Gill",
            "country": {
                "name": "United Kingdom",
                "code": "GB",
                "timezone": "Europe/London"
            },
            "birthday": "1988-01-05",
            "deathday": null,
            "gender": "Female",
            "image": {
                "medium": "https://static.tvmaze.com/uploads/images/medium_portrait/241/603065.jpg",
                "original": "https://static.tvmaze.com/uploads/images/original_untouched/241/603065.jpg"
            },
            "updated": 1675208173,
            "_links": {
                "self": {
                    "href": "https://api.tvmaze.com/people/167477"
                }
            }
        },
        "character": {
            "id": 509660,
            "url": "https://www.tvmaze.com/characters/509660/doctor-who-yasmin-khan",
            "name": "Yasmin Khan",
            "image": {
                "medium": "https://static.tvmaze.com/uploads/images/medium_portrait/161/404450.jpg",
                "original": "https://static.tvmaze.com/uploads/images/original_untouched/161/404450.jpg"
            },
            "_links": {
                "self": {
                    "href": "https://api.tvmaze.com/characters/509660"
                }
            }
        },
        "self": false,
        "voice": false
    },
    {
        "person": {
            "id": 34551,
            "url": "https://www.tvmaze.com/people/34551/arthur-darvill",
            "name": "Arthur Darvill",
            "country": {
                "name": "United Kingdom",
                "code": "GB",
                "timezone": "Europe/London"
            },
            "birthday": "1982-06-17",
            "deathday": null,
            "gender": "Male",
            "image": {
                "medium": "https://static.tvmaze.com/uploads/images/medium_portrait/160/401513.jpg",
                "original": "https://static.tvmaze.com/uploads/images/original_untouched/160/401513.jpg"
            },
            "updated": 1660898391,
            "_links": {
                "self": {
                    "href": "https://api.tvmaze.com/people/34551"
                }
            }
        },
        "character": {
            "id": 53337,
            "url": "https://www.tvmaze.com/characters/53337/doctor-who-rory-williams",
            "name": "Rory Williams",
            "image": {
                "medium": "https://static.tvmaze.com/uploads/images/medium_portrait/1/3191.jpg",
                "original": "https://static.tvmaze.com/uploads/images/original_untouched/1/3191.jpg"
            },
            "_links": {
                "self": {
                    "href": "https://api.tvmaze.com/characters/53337"
                }
            }
        },
        "self": false,
        "voice": false
    },
    {
        "person": {
            "id": 15097,
            "url": "https://www.tvmaze.com/people/15097/bradley-walsh",
            "name": "Bradley Walsh",
            "country": {
                "name": "United Kingdom",
                "code": "GB",
                "timezone": "Europe/London"
            },
            "birthday": "1960-06-04",
            "deathday": null,
            "gender": "Male",
            "image": {
                "medium": "https://static.tvmaze.com/uploads/images/medium_portrait/18/46810.jpg",
                "original": "https://static.tvmaze.com/uploads/images/original_untouched/18/46810.jpg"
            },
            "updated": 1688169320,
            "_links": {
                "self": {
                    "href": "https://api.tvmaze.com/people/15097"
                }
            }
        },
        "character": {
            "id": 509659,
            "url": "https://www.tvmaze.com/characters/509659/doctor-who-graham-obrien",
            "name": "Graham O'Brien",
            "image": {
                "medium": "https://static.tvmaze.com/uploads/images/medium_portrait/161/404451.jpg",
                "original": "https://static.tvmaze.com/uploads/images/original_untouched/161/404451.jpg"
            },
            "_links": {
                "self": {
                    "href": "https://api.tvmaze.com/characters/509659"
                }
            }
        },
        "self": false,
        "voice": false
    },
    {
        "person": {
            "id": 100229,
            "url": "https://www.tvmaze.com/people/100229/tosin-cole",
            "name": "Tosin Cole",
            "country": {
                "name": "United States",
                "code": "US",
                "timezone": "America/New_York"
            },
            "birthday": "1992-07-23",
            "deathday": null,
            "gender": "Male",
            "image": {
                "medium": "https://static.tvmaze.com/uploads/images/medium_portrait/29/74009.jpg",
                "original": "https://static.tvmaze.com/uploads/images/original_untouched/29/74009.jpg"
            },
            "updated": 1671963928,
            "_links": {
                "self": {
                    "href": "https://api.tvmaze.com/people/100229"
                }
            }
        },
        "character": {
            "id": 509661,
            "url": "https://www.tvmaze.com/characters/509661/doctor-who-ryan-sinclair",
            "name": "Ryan Sinclair",
            "image": {
                "medium": "https://static.tvmaze.com/uploads/images/medium_portrait/161/404452.jpg",
                "original": "https://static.tvmaze.com/uploads/images/original_untouched/161/404452.jpg"
            },
            "_links": {
                "self": {
                    "href": "https://api.tvmaze.com/characters/509661"
                }
            }
        },
        "self": false,
        "voice": false
    },
    {
        "person": {
            "id": 33972,
            "url": "https://www.tvmaze.com/people/33972/freema-agyeman",
            "name": "Freema Agyeman",
            "country": {
                "name": "United Kingdom",
                "code": "GB",
                "timezone": "Europe/London"
            },
            "birthday": "1979-03-20",
            "deathday": null,
            "gender": "Female",
            "image": {
                "medium": "https://static.tvmaze.com/uploads/images/medium_portrait/155/388760.jpg",
                "original": "https://static.tvmaze.com/uploads/images/original_untouched/155/388760.jpg"
            },
            "updated": 1680971685,
            "_links": {
                "self": {
                    "href": "https://api.tvmaze.com/people/33972"
                }
            }
        },
        "character": {
            "id": 53341,
            "url": "https://www.tvmaze.com/characters/53341/doctor-who-martha-jones",
            "name": "Martha Jones",
            "image": {
                "medium": "https://static.tvmaze.com/uploads/images/medium_portrait/1/3189.jpg",
                "original": "https://static.tvmaze.com/uploads/images/original_untouched/1/3189.jpg"
            },
            "_links": {
                "self": {
                    "href": "https://api.tvmaze.com/characters/53341"
                }
            }
        },
        "self": false,
        "voice": false
    },
    {
        "person": {
            "id": 34552,
            "url": "https://www.tvmaze.com/people/34552/catherine-tate",
            "name": "Catherine Tate",
            "country": {
                "name": "United Kingdom",
                "code": "GB",
                "timezone": "Europe/London"
            },
            "birthday": "1968-05-12",
            "deathday": null,
            "gender": "Female",
            "image": {
                "medium": "https://static.tvmaze.com/uploads/images/medium_portrait/4/10533.jpg",
                "original": "https://static.tvmaze.com/uploads/images/original_untouched/4/10533.jpg"
            },
            "updated": 1687033515,
            "_links": {
                "self": {
                    "href": "https://api.tvmaze.com/people/34552"
                }
            }
        },
        "character": {
            "id": 53342,
            "url": "https://www.tvmaze.com/characters/53342/doctor-who-donna-noble",
            "name": "Donna Noble",
            "image": {
                "medium": "https://static.tvmaze.com/uploads/images/medium_portrait/1/3187.jpg",
                "original": "https://static.tvmaze.com/uploads/images/original_untouched/1/3187.jpg"
            },
            "_links": {
                "self": {
                    "href": "https://api.tvmaze.com/characters/53342"
                }
            }
        },
        "self": false,
        "voice": false
    },
    {
        "person": {
            "id": 444,
            "url": "https://www.tvmaze.com/people/444/alex-kingston",
            "name": "Alex Kingston",
            "country": {
                "name": "United Kingdom",
                "code": "GB",
                "timezone": "Europe/London"
            },
            "birthday": "1963-03-11",
            "deathday": null,
            "gender": "Female",
            "image": {
                "medium": "https://static.tvmaze.com/uploads/images/medium_portrait/127/318348.jpg",
                "original": "https://static.tvmaze.com/uploads/images/original_untouched/127/318348.jpg"
            },
            "updated": 1672079550,
            "_links": {
                "self": {
                    "href": "https://api.tvmaze.com/people/444"
                }
            }
        },
        "character": {
            "id": 161375,
            "url": "https://www.tvmaze.com/characters/161375/doctor-who-professor-river-song",
            "name": "Professor River Song",
            "image": {
                "medium": "https://static.tvmaze.com/uploads/images/medium_portrait/139/349807.jpg",
                "original": "https://static.tvmaze.com/uploads/images/original_untouched/139/349807.jpg"
            },
            "_links": {
                "self": {
                    "href": "https://api.tvmaze.com/characters/161375"
                }
            }
        },
        "self": false,
        "voice": false
    },
    {
        "person": {
            "id": 39328,
            "url": "https://www.tvmaze.com/people/39328/matt-lucas",
            "name": "Matt Lucas",
            "country": {
                "name": "United Kingdom",
                "code": "GB",
                "timezone": "Europe/London"
            },
            "birthday": "1974-03-05",
            "deathday": null,
            "gender": "Male",
            "image": {
                "medium": "https://static.tvmaze.com/uploads/images/medium_portrait/213/534233.jpg",
                "original": "https://static.tvmaze.com/uploads/images/original_untouched/213/534233.jpg"
            },
            "updated": 1684417628,
            "_links": {
                "self": {
                    "href": "https://api.tvmaze.com/people/39328"
                }
            }
        },
        "character": {
            "id": 212523,
            "url": "https://www.tvmaze.com/characters/212523/doctor-who-nardole",
            "name": "Nardole",
            "image": {
                "medium": "https://static.tvmaze.com/uploads/images/medium_portrait/107/268356.jpg",
                "original": "https://static.tvmaze.com/uploads/images/original_untouched/107/268356.jpg"
            },
            "_links": {
                "self": {
                    "href": "https://api.tvmaze.com/characters/212523"
                }
            }
        },
        "self": false,
        "voice": false
    },
    {
        "person": {
            "id": 128679,
            "url": "https://www.tvmaze.com/people/128679/pearl-mackie",
            "name": "Pearl Mackie",
            "country": {
                "name": "United Kingdom",
                "code": "GB",
                "timezone": "Europe/London"
            },
            "birthday": "1987-05-29",
            "deathday": null,
            "gender": "Female",
            "image": {
                "medium": "https://static.tvmaze.com/uploads/images/medium_portrait/54/136656.jpg",
                "original": "https://static.tvmaze.com/uploads/images/original_untouched/54/136656.jpg"
            },
            "updated": 1683339454,
            "_links": {
                "self": {
                    "href": "https://api.tvmaze.com/people/128679"
                }
            }
        },
        "character": {
            "id": 275960,
            "url": "https://www.tvmaze.com/characters/275960/doctor-who-bill-potts",
            "name": "Bill Potts",
            "image": {
                "medium": "https://static.tvmaze.com/uploads/images/medium_portrait/107/268355.jpg",
                "original": "https://static.tvmaze.com/uploads/images/original_untouched/107/268355.jpg"
            },
            "_links": {
                "self": {
                    "href": "https://api.tvmaze.com/characters/275960"
                }
            }
        },
        "self": false,
        "voice": false
    },
    {
        "person": {
            "id": 27330,
            "url": "https://www.tvmaze.com/people/27330/christopher-eccleston",
            "name": "Christopher Eccleston",
            "country": {
                "name": "United Kingdom",
                "code": "GB",
                "timezone": "Europe/London"
            },
            "birthday": "1964-02-16",
            "deathday": null,
            "gender": "Male",
            "image": {
                "medium": "https://static.tvmaze.com/uploads/images/medium_portrait/4/10259.jpg",
                "original": "https://static.tvmaze.com/uploads/images/original_untouched/4/10259.jpg"
            },
            "updated": 1681029625,
            "_links": {
                "self": {
                    "href": "https://api.tvmaze.com/people/27330"
                }
            }
        },
        "character": {
            "id": 53339,
            "url": "https://www.tvmaze.com/characters/53339/doctor-who-the-ninth-doctor",
            "name": "The Ninth Doctor",
            "image": {
                "medium": "https://static.tvmaze.com/uploads/images/medium_portrait/1/3184.jpg",
                "original": "https://static.tvmaze.com/uploads/images/original_untouched/1/3184.jpg"
            },
            "_links": {
                "self": {
                    "href": "https://api.tvmaze.com/characters/53339"
                }
            }
        },
        "self": false,
        "voice": false
    },
    {
        "person": {
            "id": 281,
            "url": "https://www.tvmaze.com/people/281/john-barrowman",
            "name": "John Barrowman",
            "country": {
                "name": "United Kingdom",
                "code": "GB",
                "timezone": "Europe/London"
            },
            "birthday": "1967-03-11",
            "deathday": null,
            "gender": "Male",
            "image": {
                "medium": "https://static.tvmaze.com/uploads/images/medium_portrait/360/900213.jpg",
                "original": "https://static.tvmaze.com/uploads/images/original_untouched/360/900213.jpg"
            },
            "updated": 1648414929,
            "_links": {
                "self": {
                    "href": "https://api.tvmaze.com/people/281"
                }
            }
        },
        "character": {
            "id": 53343,
            "url": "https://www.tvmaze.com/characters/53343/doctor-who-captain-jack-harkness",
            "name": "Captain Jack Harkness",
            "image": {
                "medium": "https://static.tvmaze.com/uploads/images/medium_portrait/1/3188.jpg",
                "original": "https://static.tvmaze.com/uploads/images/original_untouched/1/3188.jpg"
            },
            "_links": {
                "self": {
                    "href": "https://api.tvmaze.com/characters/53343"
                }
            }
        },
        "self": false,
        "voice": false
    },
    {
        "person": {
            "id": 48600,
            "url": "https://www.tvmaze.com/people/48600/jemma-redgrave",
            "name": "Jemma Redgrave",
            "country": {
                "name": "United Kingdom",
                "code": "GB",
                "timezone": "Europe/London"
            },
            "birthday": "1965-01-14",
            "deathday": null,
            "gender": "Female",
            "image": {
                "medium": "https://static.tvmaze.com/uploads/images/medium_portrait/157/393090.jpg",
                "original": "https://static.tvmaze.com/uploads/images/original_untouched/157/393090.jpg"
            },
            "updated": 1686968794,
            "_links": {
                "self": {
                    "href": "https://api.tvmaze.com/people/48600"
                }
            }
        },
        "character": {
            "id": 123522,
            "url": "https://www.tvmaze.com/characters/123522/doctor-who-kate-stewart",
            "name": "Kate Stewart",
            "image": {
                "medium": "https://static.tvmaze.com/uploads/images/medium_portrait/140/351177.jpg",
                "original": "https://static.tvmaze.com/uploads/images/original_untouched/140/351177.jpg"
            },
            "_links": {
                "self": {
                    "href": "https://api.tvmaze.com/characters/123522"
                }
            }
        },
        "self": false,
        "voice": false
    },
    {
        "person": {
            "id": 70417,
            "url": "https://www.tvmaze.com/people/70417/bernard-cribbins",
            "name": "Bernard Cribbins",
            "country": {
                "name": "United Kingdom",
                "code": "GB",
                "timezone": "Europe/London"
            },
            "birthday": "1928-12-29",
            "deathday": "2022-07-28",
            "gender": "Male",
            "image": {
                "medium": "https://static.tvmaze.com/uploads/images/medium_portrait/186/467336.jpg",
                "original": "https://static.tvmaze.com/uploads/images/original_untouched/186/467336.jpg"
            },
            "updated": 1659015316,
            "_links": {
                "self": {
                    "href": "https://api.tvmaze.com/people/70417"
                }
            }
        },
        "character": {
            "id": 161316,
            "url": "https://www.tvmaze.com/characters/161316/doctor-who-wilfred-mott",
            "name": "Wilfred Mott",
            "image": {
                "medium": "https://static.tvmaze.com/uploads/images/medium_portrait/14/36474.jpg",
                "original": "https://static.tvmaze.com/uploads/images/original_untouched/14/36474.jpg"
            },
            "_links": {
                "self": {
                    "href": "https://api.tvmaze.com/characters/161316"
                }
            }
        },
        "self": false,
        "voice": false
    },
    {
        "person": {
            "id": 87792,
            "url": "https://www.tvmaze.com/people/87792/john-bishop",
            "name": "John Bishop",
            "country": {
                "name": "United Kingdom",
                "code": "GB",
                "timezone": "Europe/London"
            },
            "birthday": "1966-11-30",
            "deathday": null,
            "gender": "Male",
            "image": {
                "medium": "https://static.tvmaze.com/uploads/images/medium_portrait/89/223236.jpg",
                "original": "https://static.tvmaze.com/uploads/images/original_untouched/89/223236.jpg"
            },
            "updated": 1678047796,
            "_links": {
                "self": {
                    "href": "https://api.tvmaze.com/people/87792"
                }
            }
        },
        "character": {
            "id": 824935,
            "url": "https://www.tvmaze.com/characters/824935/doctor-who-dan-lewis",
            "name": "Dan Lewis",
            "image": {
                "medium": "https://static.tvmaze.com/uploads/images/medium_portrait/291/729246.jpg",
                "original": "https://static.tvmaze.com/uploads/images/original_untouched/291/729246.jpg"
            },
            "_links": {
                "self": {
                    "href": "https://api.tvmaze.com/characters/824935"
                }
            }
        },
        "self": false,
        "voice": false
    },
    {
        "person": {
            "id": 14417,
            "url": "https://www.tvmaze.com/people/14417/jacob-anderson",
            "name": "Jacob Anderson",
            "country": {
                "name": "United Kingdom",
                "code": "GB",
                "timezone": "Europe/London"
            },
            "birthday": "1990-06-18",
            "deathday": null,
            "gender": "Male",
            "image": {
                "medium": "https://static.tvmaze.com/uploads/images/medium_portrait/8/20737.jpg",
                "original": "https://static.tvmaze.com/uploads/images/original_untouched/8/20737.jpg"
            },
            "updated": 1667735711,
            "_links": {
                "self": {
                    "href": "https://api.tvmaze.com/people/14417"
                }
            }
        },
        "character": {
            "id": 893045,
            "url": "https://www.tvmaze.com/characters/893045/doctor-who-inston-vee-vinder",
            "name": "Inston-Vee Vinder",
            "image": {
                "medium": "https://static.tvmaze.com/uploads/images/medium_portrait/369/922649.jpg",
                "original": "https://static.tvmaze.com/uploads/images/original_untouched/369/922649.jpg"
            },
            "_links": {
                "self": {
                    "href": "https://api.tvmaze.com/characters/893045"
                }
            }
        },
        "self": false,
        "voice": false
    },
    {
        "person": {
            "id": 6287,
            "url": "https://www.tvmaze.com/people/6287/john-simm",
            "name": "John Simm",
            "country": {
                "name": "United Kingdom",
                "code": "GB",
                "timezone": "Europe/London"
            },
            "birthday": "1970-07-10",
            "deathday": null,
            "gender": "Male",
            "image": {
                "medium": "https://static.tvmaze.com/uploads/images/medium_portrait/130/326690.jpg",
                "original": "https://static.tvmaze.com/uploads/images/original_untouched/130/326690.jpg"
            },
            "updated": 1680478339,
            "_links": {
                "self": {
                    "href": "https://api.tvmaze.com/people/6287"
                }
            }
        },
        "character": {
            "id": 161287,
            "url": "https://www.tvmaze.com/characters/161287/doctor-who-the-master",
            "name": "The Master",
            "image": {
                "medium": "https://static.tvmaze.com/uploads/images/medium_portrait/117/293735.jpg",
                "original": "https://static.tvmaze.com/uploads/images/original_untouched/117/293735.jpg"
            },
            "_links": {
                "self": {
                    "href": "https://api.tvmaze.com/characters/161287"
                }
            }
        },
        "self": false,
        "voice": false
    },
    {
        "person": {
            "id": 30789,
            "url": "https://www.tvmaze.com/people/30789/sacha-dhawan",
            "name": "Sacha Dhawan",
            "country": {
                "name": "United Kingdom",
                "code": "GB",
                "timezone": "Europe/London"
            },
            "birthday": "1984-05-01",
            "deathday": null,
            "gender": "Male",
            "image": {
                "medium": "https://static.tvmaze.com/uploads/images/medium_portrait/9/24927.jpg",
                "original": "https://static.tvmaze.com/uploads/images/original_untouched/9/24927.jpg"
            },
            "updated": 1683994276,
            "_links": {
                "self": {
                    "href": "https://api.tvmaze.com/people/30789"
                }
            }
        },
        "character": {
            "id": 686695,
            "url": "https://www.tvmaze.com/characters/686695/doctor-who-the-master",
            "name": "The Master",
            "image": {
                "medium": "https://static.tvmaze.com/uploads/images/medium_portrait/235/588015.jpg",
                "original": "https://static.tvmaze.com/uploads/images/original_untouched/235/588015.jpg"
            },
            "_links": {
                "self": {
                    "href": "https://api.tvmaze.com/characters/686695"
                }
            }
        },
        "self": false,
        "voice": false
    },
    {
        "person": {
            "id": 42230,
            "url": "https://www.tvmaze.com/people/42230/jo-martin",
            "name": "Jo Martin",
            "country": {
                "name": "United Kingdom",
                "code": "GB",
                "timezone": "Europe/London"
            },
            "birthday": null,
            "deathday": null,
            "gender": "Female",
            "image": {
                "medium": "https://static.tvmaze.com/uploads/images/medium_portrait/196/492406.jpg",
                "original": "https://static.tvmaze.com/uploads/images/original_untouched/196/492406.jpg"
            },
            "updated": 1688488112,
            "_links": {
                "self": {
                    "href": "https://api.tvmaze.com/people/42230"
                }
            }
        },
        "character": {
            "id": 693015,
            "url": "https://www.tvmaze.com/characters/693015/doctor-who-the-doctor",
            "name": "The Doctor",
            "image": {
                "medium": "https://static.tvmaze.com/uploads/images/medium_portrait/379/948653.jpg",
                "original": "https://static.tvmaze.com/uploads/images/original_untouched/379/948653.jpg"
            },
            "_links": {
                "self": {
                    "href": "https://api.tvmaze.com/characters/693015"
                }
            }
        },
        "self": false,
        "voice": false
    },
    {
        "person": {
            "id": 50384,
            "url": "https://www.tvmaze.com/people/50384/elisabeth-sladen",
            "name": "Elisabeth Sladen",
            "country": {
                "name": "United Kingdom",
                "code": "GB",
                "timezone": "Europe/London"
            },
            "birthday": "1946-02-01",
            "deathday": "2011-04-19",
            "gender": "Female",
            "image": {
                "medium": "https://static.tvmaze.com/uploads/images/medium_portrait/121/303641.jpg",
                "original": "https://static.tvmaze.com/uploads/images/original_untouched/121/303641.jpg"
            },
            "updated": 1661344628,
            "_links": {
                "self": {
                    "href": "https://api.tvmaze.com/people/50384"
                }
            }
        },
        "character": {
            "id": 161104,
            "url": "https://www.tvmaze.com/characters/161104/doctor-who-sarah-jane-smith",
            "name": "Sarah Jane Smith",
            "image": {
                "medium": "https://static.tvmaze.com/uploads/images/medium_portrait/121/303668.jpg",
                "original": "https://static.tvmaze.com/uploads/images/original_untouched/121/303668.jpg"
            },
            "_links": {
                "self": {
                    "href": "https://api.tvmaze.com/characters/161104"
                }
            }
        },
        "self": false,
        "voice": false
    },
    {
        "person": {
            "id": 4731,
            "url": "https://www.tvmaze.com/people/4731/david-bradley",
            "name": "David Bradley",
            "country": {
                "name": "United Kingdom",
                "code": "GB",
                "timezone": "Europe/London"
            },
            "birthday": "1942-04-17",
            "deathday": null,
            "gender": "Male",
            "image": {
                "medium": "https://static.tvmaze.com/uploads/images/medium_portrait/3/8205.jpg",
                "original": "https://static.tvmaze.com/uploads/images/original_untouched/3/8205.jpg"
            },
            "updated": 1683371599,
            "_links": {
                "self": {
                    "href": "https://api.tvmaze.com/people/4731"
                }
            }
        },
        "character": {
            "id": 441025,
            "url": "https://www.tvmaze.com/characters/441025/doctor-who-the-first-doctor",
            "name": "The First Doctor",
            "image": {
                "medium": "https://static.tvmaze.com/uploads/images/medium_portrait/139/349556.jpg",
                "original": "https://static.tvmaze.com/uploads/images/original_untouched/139/349556.jpg"
            },
            "_links": {
                "self": {
                    "href": "https://api.tvmaze.com/characters/441025"
                }
            }
        },
        "self": false,
        "voice": false
    },
    {
        "person": {
            "id": 52404,
            "url": "https://www.tvmaze.com/people/52404/nick-frost",
            "name": "Nick Frost",
            "country": {
                "name": "United Kingdom",
                "code": "GB",
                "timezone": "Europe/London"
            },
            "birthday": "1972-03-28",
            "deathday": null,
            "gender": "Male",
            "image": {
                "medium": "https://static.tvmaze.com/uploads/images/medium_portrait/207/518383.jpg",
                "original": "https://static.tvmaze.com/uploads/images/original_untouched/207/518383.jpg"
            },
            "updated": 1676841210,
            "_links": {
                "self": {
                    "href": "https://api.tvmaze.com/people/52404"
                }
            }
        },
        "character": {
            "id": 122231,
            "url": "https://www.tvmaze.com/characters/122231/doctor-who-santa-claus",
            "name": "Santa Claus",
            "image": {
                "medium": "https://static.tvmaze.com/uploads/images/medium_portrait/25/62580.jpg",
                "original": "https://static.tvmaze.com/uploads/images/original_untouched/25/62580.jpg"
            },
            "_links": {
                "self": {
                    "href": "https://api.tvmaze.com/characters/122231"
                }
            }
        },
        "self": false,
        "voice": false
    },
    {
        "person": {
            "id": 38150,
            "url": "https://www.tvmaze.com/people/38150/peter-davison",
            "name": "Peter Davison",
            "country": {
                "name": "United Kingdom",
                "code": "GB",
                "timezone": "Europe/London"
            },
            "birthday": "1951-04-13",
            "deathday": null,
            "gender": "Male",
            "image": {
                "medium": "https://static.tvmaze.com/uploads/images/medium_portrait/10/25759.jpg",
                "original": "https://static.tvmaze.com/uploads/images/original_untouched/10/25759.jpg"
            },
            "updated": 1683459361,
            "_links": {
                "self": {
                    "href": "https://api.tvmaze.com/people/38150"
                }
            }
        },
        "character": {
            "id": 665953,
            "url": "https://www.tvmaze.com/characters/665953/doctor-who-the-fifth-doctor",
            "name": "The Fifth Doctor",
            "image": {
                "medium": "https://static.tvmaze.com/uploads/images/medium_portrait/215/539242.jpg",
                "original": "https://static.tvmaze.com/uploads/images/original_untouched/215/539242.jpg"
            },
            "_links": {
                "self": {
                    "href": "https://api.tvmaze.com/characters/665953"
                }
            }
        },
        "self": false,
        "voice": false
    },
    {
        "person": {
            "id": 50372,
            "url": "https://www.tvmaze.com/people/50372/colin-baker",
            "name": "Colin Baker",
            "country": {
                "name": "United Kingdom",
                "code": "GB",
                "timezone": "Europe/London"
            },
            "birthday": "1943-06-08",
            "deathday": null,
            "gender": "Male",
            "image": {
                "medium": "https://static.tvmaze.com/uploads/images/medium_portrait/10/25754.jpg",
                "original": "https://static.tvmaze.com/uploads/images/original_untouched/10/25754.jpg"
            },
            "updated": 1666884915,
            "_links": {
                "self": {
                    "href": "https://api.tvmaze.com/people/50372"
                }
            }
        },
        "character": {
            "id": 1042832,
            "url": "https://www.tvmaze.com/characters/1042832/doctor-who-the-sixth-doctor",
            "name": "The Sixth Doctor",
            "image": null,
            "_links": {
                "self": {
                    "href": "https://api.tvmaze.com/characters/1042832"
                }
            }
        },
        "self": false,
        "voice": false
    },
    {
        "person": {
            "id": 41808,
            "url": "https://www.tvmaze.com/people/41808/paul-mcgann",
            "name": "Paul McGann",
            "country": {
                "name": "United Kingdom",
                "code": "GB",
                "timezone": "Europe/London"
            },
            "birthday": "1959-11-14",
            "deathday": null,
            "gender": "Male",
            "image": {
                "medium": "https://static.tvmaze.com/uploads/images/medium_portrait/114/285700.jpg",
                "original": "https://static.tvmaze.com/uploads/images/original_untouched/114/285700.jpg"
            },
            "updated": 1666884965,
            "_links": {
                "self": {
                    "href": "https://api.tvmaze.com/people/41808"
                }
            }
        },
        "character": {
            "id": 1042834,
            "url": "https://www.tvmaze.com/characters/1042834/doctor-who-the-eighth-doctor",
            "name": "The Eighth Doctor",
            "image": null,
            "_links": {
                "self": {
                    "href": "https://api.tvmaze.com/characters/1042834"
                }
            }
        },
        "self": false,
        "voice": false
    },
    {
        "person": {
            "id": 50369,
            "url": "https://www.tvmaze.com/people/50369/sylvester-mccoy",
            "name": "Sylvester McCoy",
            "country": {
                "name": "United Kingdom",
                "code": "GB",
                "timezone": "Europe/London"
            },
            "birthday": "1943-08-20",
            "deathday": null,
            "gender": "Male",
            "image": {
                "medium": "https://static.tvmaze.com/uploads/images/medium_portrait/8/20197.jpg",
                "original": "https://static.tvmaze.com/uploads/images/original_untouched/8/20197.jpg"
            },
            "updated": 1666884978,
            "_links": {
                "self": {
                    "href": "https://api.tvmaze.com/people/50369"
                }
            }
        },
        "character": {
            "id": 1042836,
            "url": "https://www.tvmaze.com/characters/1042836/doctor-who-the-seventh-doctor",
            "name": "The Seventh Doctor",
            "image": null,
            "_links": {
                "self": {
                    "href": "https://api.tvmaze.com/characters/1042836"
                }
            }
        },
        "self": false,
        "voice": false
    },
    {
        "person": {
            "id": 81898,
            "url": "https://www.tvmaze.com/people/81898/claire-skinner",
            "name": "Claire Skinner",
            "country": {
                "name": "United Kingdom",
                "code": "GB",
                "timezone": "Europe/London"
            },
            "birthday": null,
            "deathday": null,
            "gender": "Female",
            "image": {
                "medium": "https://static.tvmaze.com/uploads/images/medium_portrait/348/871736.jpg",
                "original": "https://static.tvmaze.com/uploads/images/original_untouched/348/871736.jpg"
            },
            "updated": 1675867670,
            "_links": {
                "self": {
                    "href": "https://api.tvmaze.com/people/81898"
                }
            }
        },
        "character": {
            "id": 237606,
            "url": "https://www.tvmaze.com/characters/237606/doctor-who-madge-arwell",
            "name": "Madge Arwell",
            "image": {
                "medium": "https://static.tvmaze.com/uploads/images/medium_portrait/163/407594.jpg",
                "original": "https://static.tvmaze.com/uploads/images/original_untouched/163/407594.jpg"
            },
            "_links": {
                "self": {
                    "href": "https://api.tvmaze.com/characters/237606"
                }
            }
        },
        "self": false,
        "voice": false
    },
    {
        "person": {
            "id": 60221,
            "url": "https://www.tvmaze.com/people/60221/kylie-minogue",
            "name": "Kylie Minogue",
            "country": {
                "name": "Australia",
                "code": "AU",
                "timezone": "Australia/Sydney"
            },
            "birthday": "1968-05-28",
            "deathday": null,
            "gender": "Female",
            "image": {
                "medium": "https://static.tvmaze.com/uploads/images/medium_portrait/28/70159.jpg",
                "original": "https://static.tvmaze.com/uploads/images/original_untouched/28/70159.jpg"
            },
            "updated": 1688670063,
            "_links": {
                "self": {
                    "href": "https://api.tvmaze.com/people/60221"
                }
            }
        },
        "character": {
            "id": 335514,
            "url": "https://www.tvmaze.com/characters/335514/doctor-who-astrid-peth",
            "name": "Astrid Peth",
            "image": {
                "medium": "https://static.tvmaze.com/uploads/images/medium_portrait/123/308747.jpg",
                "original": "https://static.tvmaze.com/uploads/images/original_untouched/123/308747.jpg"
            },
            "_links": {
                "self": {
                    "href": "https://api.tvmaze.com/characters/335514"
                }
            }
        },
        "self": false,
        "voice": false
    },
    {
        "person": {
            "id": 39008,
            "url": "https://www.tvmaze.com/people/39008/lindsay-duncan",
            "name": "Lindsay Duncan",
            "country": {
                "name": "United Kingdom",
                "code": "GB",
                "timezone": "Europe/London"
            },
            "birthday": "1950-11-07",
            "deathday": null,
            "gender": "Female",
            "image": {
                "medium": "https://static.tvmaze.com/uploads/images/medium_portrait/7/19610.jpg",
                "original": "https://static.tvmaze.com/uploads/images/original_untouched/7/19610.jpg"
            },
            "updated": 1677592543,
            "_links": {
                "self": {
                    "href": "https://api.tvmaze.com/people/39008"
                }
            }
        },
        "character": {
            "id": 361792,
            "url": "https://www.tvmaze.com/characters/361792/doctor-who-adelaide-brooke",
            "name": "Adelaide Brooke",
            "image": {
                "medium": "https://static.tvmaze.com/uploads/images/medium_portrait/129/324771.jpg",
                "original": "https://static.tvmaze.com/uploads/images/original_untouched/129/324771.jpg"
            },
            "_links": {
                "self": {
                    "href": "https://api.tvmaze.com/characters/361792"
                }
            }
        },
        "self": false,
        "voice": false
    },
    {
        "person": {
            "id": 14887,
            "url": "https://www.tvmaze.com/people/14887/mark-gatiss",
            "name": "Mark Gatiss",
            "country": {
                "name": "United Kingdom",
                "code": "GB",
                "timezone": "Europe/London"
            },
            "birthday": "1966-10-17",
            "deathday": null,
            "gender": "Male",
            "image": {
                "medium": "https://static.tvmaze.com/uploads/images/medium_portrait/8/20404.jpg",
                "original": "https://static.tvmaze.com/uploads/images/original_untouched/8/20404.jpg"
            },
            "updated": 1675454502,
            "_links": {
                "self": {
                    "href": "https://api.tvmaze.com/people/14887"
                }
            }
        },
        "character": {
            "id": 447610,
            "url": "https://www.tvmaze.com/characters/447610/doctor-who-the-captain",
            "name": "The Captain",
            "image": {
                "medium": "https://static.tvmaze.com/uploads/images/medium_portrait/139/349555.jpg",
                "original": "https://static.tvmaze.com/uploads/images/original_untouched/139/349555.jpg"
            },
            "_links": {
                "self": {
                    "href": "https://api.tvmaze.com/characters/447610"
                }
            }
        },
        "self": false,
        "voice": false
    },
    {
        "person": {
            "id": 10264,
            "url": "https://www.tvmaze.com/people/10264/david-morrissey",
            "name": "David Morrissey",
            "country": {
                "name": "United Kingdom",
                "code": "GB",
                "timezone": "Europe/London"
            },
            "birthday": "1964-06-21",
            "deathday": null,
            "gender": "Male",
            "image": {
                "medium": "https://static.tvmaze.com/uploads/images/medium_portrait/2/5801.jpg",
                "original": "https://static.tvmaze.com/uploads/images/original_untouched/2/5801.jpg"
            },
            "updated": 1687214204,
            "_links": {
                "self": {
                    "href": "https://api.tvmaze.com/people/10264"
                }
            }
        },
        "character": {
            "id": 448143,
            "url": "https://www.tvmaze.com/characters/448143/doctor-who-jackson-lake",
            "name": "Jackson Lake",
            "image": {
                "medium": "https://static.tvmaze.com/uploads/images/medium_portrait/125/314858.jpg",
                "original": "https://static.tvmaze.com/uploads/images/original_untouched/125/314858.jpg"
            },
            "_links": {
                "self": {
                    "href": "https://api.tvmaze.com/characters/448143"
                }
            }
        },
        "self": false,
        "voice": false
    },
    {
        "person": {
            "id": 30371,
            "url": "https://www.tvmaze.com/people/30371/michelle-ryan",
            "name": "Michelle Ryan",
            "country": {
                "name": "United Kingdom",
                "code": "GB",
                "timezone": "Europe/London"
            },
            "birthday": "1984-04-22",
            "deathday": null,
            "gender": "Female",
            "image": {
                "medium": "https://static.tvmaze.com/uploads/images/medium_portrait/162/406561.jpg",
                "original": "https://static.tvmaze.com/uploads/images/original_untouched/162/406561.jpg"
            },
            "updated": 1541040087,
            "_links": {
                "self": {
                    "href": "https://api.tvmaze.com/people/30371"
                }
            }
        },
        "character": {
            "id": 448489,
            "url": "https://www.tvmaze.com/characters/448489/doctor-who-christina-de-souza",
            "name": "Christina de Souza",
            "image": {
                "medium": "https://static.tvmaze.com/uploads/images/medium_portrait/123/309855.jpg",
                "original": "https://static.tvmaze.com/uploads/images/original_untouched/123/309855.jpg"
            },
            "_links": {
                "self": {
                    "href": "https://api.tvmaze.com/characters/448489"
                }
            }
        },
        "self": false,
        "voice": false
    },
    {
        "person": {
            "id": 23485,
            "url": "https://www.tvmaze.com/people/23485/david-tennant",
            "name": "David Tennant",
            "country": {
                "name": "United Kingdom",
                "code": "GB",
                "timezone": "Europe/London"
            },
            "birthday": "1971-04-18",
            "deathday": null,
            "gender": "Male",
            "image": {
                "medium": "https://static.tvmaze.com/uploads/images/medium_portrait/2/6595.jpg",
                "original": "https://static.tvmaze.com/uploads/images/original_untouched/2/6595.jpg"
            },
            "updated": 1687805426,
            "_links": {
                "self": {
                    "href": "https://api.tvmaze.com/people/23485"
                }
            }
        },
        "character": {
            "id": 987373,
            "url": "https://www.tvmaze.com/characters/987373/doctor-who-the-fourteenth-doctor",
            "name": "The Fourteenth Doctor",
            "image": null,
            "_links": {
                "self": {
                    "href": "https://api.tvmaze.com/characters/987373"
                }
            }
        },
        "self": false,
        "voice": false
    },
    {
        "person": {
            "id": 50374,
            "url": "https://www.tvmaze.com/people/50374/janet-fielding",
            "name": "Janet Fielding",
            "country": {
                "name": "Australia",
                "code": "AU",
                "timezone": "Australia/Sydney"
            },
            "birthday": "1953-09-09",
            "deathday": null,
            "gender": "Female",
            "image": {
                "medium": "https://static.tvmaze.com/uploads/images/medium_portrait/10/25761.jpg",
                "original": "https://static.tvmaze.com/uploads/images/original_untouched/10/25761.jpg"
            },
            "updated": 1666606858,
            "_links": {
                "self": {
                    "href": "https://api.tvmaze.com/people/50374"
                }
            }
        },
        "character": {
            "id": 1028865,
            "url": "https://www.tvmaze.com/characters/1028865/doctor-who-tegan-jovanka",
            "name": "Tegan Jovanka",
            "image": null,
            "_links": {
                "self": {
                    "href": "https://api.tvmaze.com/characters/1028865"
                }
            }
        },
        "self": false,
        "voice": false
    },
    {
        "person": {
            "id": 50370,
            "url": "https://www.tvmaze.com/people/50370/sophie-aldred",
            "name": "Sophie Aldred",
            "country": {
                "name": "United Kingdom",
                "code": "GB",
                "timezone": "Europe/London"
            },
            "birthday": "1962-08-20",
            "deathday": null,
            "gender": "Female",
            "image": {
                "medium": "https://static.tvmaze.com/uploads/images/medium_portrait/8/21745.jpg",
                "original": "https://static.tvmaze.com/uploads/images/original_untouched/8/21745.jpg"
            },
            "updated": 1666606858,
            "_links": {
                "self": {
                    "href": "https://api.tvmaze.com/people/50370"
                }
            }
        },
        "character": {
            "id": 1028866,
            "url": "https://www.tvmaze.com/characters/1028866/doctor-who-ace",
            "name": "Ace",
            "image": null,
            "_links": {
                "self": {
                    "href": "https://api.tvmaze.com/characters/1028866"
                }
            }
        },
        "self": false,
        "voice": false
    },
    {
        "person": {
            "id": 224611,
            "url": "https://www.tvmaze.com/people/224611/ncuti-gatwa",
            "name": "Ncuti Gatwa",
            "country": {
                "name": "Rwanda",
                "code": "RW",
                "timezone": "Africa/Kigali"
            },
            "birthday": "1992-10-15",
            "deathday": null,
            "gender": "Male",
            "image": {
                "medium": "https://static.tvmaze.com/uploads/images/medium_portrait/315/789306.jpg",
                "original": "https://static.tvmaze.com/uploads/images/original_untouched/315/789306.jpg"
            },
            "updated": 1686263604,
            "_links": {
                "self": {
                    "href": "https://api.tvmaze.com/people/224611"
                }
            }
        },
        "character": {
            "id": 1042838,
            "url": "https://www.tvmaze.com/characters/1042838/doctor-who-the-fifteenth-doctor",
            "name": "The Fifteenth Doctor",
            "image": null,
            "_links": {
                "self": {
                    "href": "https://api.tvmaze.com/characters/1042838"
                }
            }
        },
        "self": false,
        "voice": false
    },
    {
        "person": {
            "id": 341466,
            "url": "https://www.tvmaze.com/people/341466/millie-gibson",
            "name": "Millie Gibson",
            "country": {
                "name": "United Kingdom",
                "code": "GB",
                "timezone": "Europe/London"
            },
            "birthday": "2004-06-19",
            "deathday": null,
            "gender": "Female",
            "image": {
                "medium": "https://static.tvmaze.com/uploads/images/medium_portrait/431/1078310.jpg",
                "original": "https://static.tvmaze.com/uploads/images/original_untouched/431/1078310.jpg"
            },
            "updated": 1668813406,
            "_links": {
                "self": {
                    "href": "https://api.tvmaze.com/people/341466"
                }
            }
        },
        "character": {
            "id": 1051015,
            "url": "https://www.tvmaze.com/characters/1051015/doctor-who-ruby-sunday",
            "name": "Ruby Sunday",
            "image": {
                "medium": "https://static.tvmaze.com/uploads/images/medium_portrait/431/1078265.jpg",
                "original": "https://static.tvmaze.com/uploads/images/original_untouched/431/1078265.jpg"
            },
            "_links": {
                "self": {
                    "href": "https://api.tvmaze.com/characters/1051015"
                }
            }
        },
        "self": false,
        "voice": false
    }
]