[
    {
        "person": {
            "id": 97029,
            "url": "https://www.tvmaze.com/people/97029/johnny-gilbert",
            "name": "Johnny Gilbert",
            "country": {
                "name": "United States",
                "code": "US",
                "timezone": "America/New_York"
            },
            "birthday": "1928-07-13",
            "deathday": null,
            "gender": "Male",
            "image": {
                "medium": "https://static.tvmaze.com/uploads/images/medium_portrait/65/164629.jpg",
                "original": "https://static.tvmaze.com/uploads/images/original_untouched/65/164629.jpg"
            },
            "updated": 1688996905,
            "_links": {
                "self": {
                    "href": "https://api.tvmaze.com/people/97029"
                }
            }
        },
        "character": {
            "id": 304562,
            "url": "https://www.tvmaze.com/characters/304562/jeopardy-announcer",
            "name": "Announcer",
            "image": {
                "medium": "https://static.tvmaze.com/uploads/images/medium_portrait/414/1036905.jpg",
                "original": "https://static.tvmaze.com/uploads/images/original_untouched/414/1036905.jpg"
            },
            "_links": {
                "self": {
                    "href": "https://api.tvmaze.com/characters/304562"
                }
            }
        },
        "self": true,
        "voice": true
    },
    {
        "person": {
            "id": 45057,
            "url": "https://www.tvmaze.com/people/45057/alex-trebek",
            "name": "Alex Trebek",
            "country": {
                "name": "Canada",
                "code": "CA",
                "timezone": "America/Halifax"
            },
            "birthday": "1940-07-22",
            "deathday": "2020-11-08",
            "gender": "Male",
            "image": {
                "medium": "https://static.tvmaze.com/uploads/images/medium_portrait/12/30388.jpg",
                "original": "https://static.tvmaze.com/uploads/images/original_untouched/12/30388.jpg"
            },
            "updated": 1687201213,
            "_links": {
                "self": {
                    "href": "https://api.tvmaze.com/people/45057"
                }
            }
        },
        "character": {
            "id": 135940,
            "url": "https://www.tvmaze.com/characters/135940/jeopardy-host",
            "name": "Host",
            "image": {
                "medium": "https://static.tvmaze.com/uploads/images/medium_portrait/414/1036902.jpg",
                "original": "https://static.tvmaze.com/uploads/images/original_untouched/414/1036902.jpg"
            },
            "_links": {
                "self": {
                    "href": "https://api.tvmaze.com/characters/135940"
                }
            }
        },
        "self": true,
        "voice": false
    },
    {
        "person": {
            "id": 116872,
            "url": "https://www.tvmaze.com/people/116872/ken-jennings",
            "name": "Ken Jennings",
            "country": {
                "name": "United States",
                "code": "US",
                "timezone": "America/New_York"
            },
            "birthday": "1974-05-23",
            "deathday": null,
            "gender": "Male",
            "image": {
                "medium": "https://static.tvmaze.com/uploads/images/medium_portrait/410/1026314.jpg",
                "original": "https://static.tvmaze.com/uploads/images/original_untouched/410/1026314.jpg"
            },
            "updated": 1688717133,
            "_links": {
                "self": {
                    "href": "https://api.tvmaze.com/people/116872"
                }
            }
        },
        "character": {
            "id": 910169,
            "url": "https://www.tvmaze.com/characters/910169/jeopardy-host",
            "name": "Host",
            "image": {
                "medium": "https://static.tvmaze.com/uploads/images/medium_portrait/414/1036904.jpg",
                "original": "https://static.tvmaze.com/uploads/images/original_untouched/414/1036904.jpg"
            },
            "_links": {
                "self": {
                    "href": "https://api.tvmaze.com/characters/910169"
                }
            }
        },
        "self": true,
        "voice": false
    },
    {
        "person": {
            "id": 8684,
            "url": "https://www.tvmaze.com/people/8684/mayim-bialik",
            "name": "Mayim Bialik",
            "country": {
                "name": "United States",
                "code": "US",
                "timezone": "America/New_York"
            },
            "birthday": "1975-12-12",
            "deathday": null,
            "gender": "Female",
            "image": {
                "medium": "https://static.tvmaze.com/uploads/images/medium_portrait/410/1026312.jpg",
                "original": "https://static.tvmaze.com/uploads/images/original_untouched/410/1026312.jpg"
            },
            "updated": 1687975965,
            "_links": {
                "self": {
                    "href": "https://api.tvmaze.com/people/8684"
                }
            }
        },
        "character": {
            "id": 860516,
            "url": "https://www.tvmaze.com/characters/860516/jeopardy-host",
            "name": "Host",
            "image": {
                "medium": "https://static.tvmaze.com/uploads/images/medium_portrait/410/1027350.jpg",
                "original": "https://static.tvmaze.com/uploads/images/original_untouched/410/1027350.jpg"
            },
            "_links": {
                "self": {
                    "href": "https://api.tvmaze.com/characters/860516"
                }
            }
        },
        "self": true,
        "voice": false
    },
    {
        "person": {
            "id": 57053,
            "url": "https://www.tvmaze.com/people/57053/mike-richards",
            "name": "Mike Richards",
            "country": {
                "name": "United States",
                "code": "US",
                "timezone": "America/New_York"
            },
            "birthday": "1975-07-05",
            "deathday": null,
            "gender": "Male",
            "image": {
                "medium": "https://static.tvmaze.com/uploads/images/medium_portrait/410/1026308.jpg",
                "original": "https://static.tvmaze.com/uploads/images/original_untouched/410/1026308.jpg"
            },
            "updated": 1686205128,
            "_links": {
                "self": {
                    "href": "https://api.tvmaze.com/people/57053"
                }
            }
        },
        "character": {
            "id": 840817,
            "url": "https://www.tvmaze.com/characters/840817/jeopardy-host",
            "name": "Host",
            "image": {
                "medium": "https://static.tvmaze.com/uploads/images/medium_portrait/414/1037043.jpg",
                "original": "https://static.tvmaze.com/uploads/images/original_untouched/414/1037043.jpg"
            },
            "_links": {
                "self": {
                    "href": "https://api.tvmaze.com/characters/840817"
                }
            }
        },
        "self": true,
        "voice": false
    },
    {
        "person": {
            "id": 349572,
            "url": "https://www.tvmaze.com/people/349572/art-fleming",
            "name": "Art Fleming",
            "country": {
                "name": "United States",
                "code": "US",
                "timezone": "America/New_York"
            },
            "birthday": "1924-05-01",
            "deathday": "1995-04-25",
            "gender": "Male",
            "image": {
                "medium": "https://static.tvmaze.com/uploads/images/medium_portrait/415/1037879.jpg",
                "original": "https://static.tvmaze.com/uploads/images/original_untouched/415/1037879.jpg"
            },
            "updated": 1664836622,
            "_links": {
                "self": {
                    "href": "https://api.tvmaze.com/people/349572"
                }
            }
        },
        "character": {
            "id": 995675,
            "url": "https://www.tvmaze.com/characters/995675/jeopardy-host",
            "name": "Host",
            "image": {
                "medium": "https://static.tvmaze.com/uploads/images/medium_portrait/414/1036903.jpg",
                "original": "https://static.tvmaze.com/uploads/images/original_untouched/414/1036903.jpg"
            },
            "_links": {
                "self": {
                    "href": "https://api.tvmaze.com/characters/995675"
                }
            }
        },
        "self": true,
        "voice": false
    }
]