[
    {
        "person": {
            "id": 23447,
            "url": "https://www.tvmaze.com/people/23447/elizabeth-mcgovern",
            "name": "Elizabeth McGovern",
            "country": {
                "name": "United Kingdom",
                "code": "GB",
                "timezone": "Europe/London"
            },
            "birthday": "1961-07-18",
            "deathday": null,
            "gender": "Female",
            "image": {
                "medium": "https://static.tvmaze.com/uploads/images/medium_portrait/2/7262.jpg",
                "original": "https://static.tvmaze.com/uploads/images/original_untouched/2/7262.jpg"
            },
            "updated": 1679343408,
            "_links": {
                "self": {
                    "href": "https://api.tvmaze.com/people/23447"
                }
            }
        },
        "character": {
            "id": 60495,
            "url": "https://www.tvmaze.com/characters/60495/downton-abbey-cora-crawley-countess-of-grantham",
            "name": "Cora Crawley, Countess of Grantham",
            "image": {
                "medium": "https://static.tvmaze.com/uploads/images/medium_portrait/1/4603.jpg",
                "original": "https://static.tvmaze.com/uploads/images/original_untouched/1/4603.jpg"
            },
            "_links": {
                "self": {
                    "href": "https://api.tvmaze.com/characters/60495"
                }
            }
        },
        "self": false,
        "voice": false
    },
    {
        "person": {
            "id": 37261,
            "url": "https://www.tvmaze.com/people/37261/michelle-dockery",
            "name": "Michelle Dockery",
            "country": {
                "name": "United Kingdom",
                "code": "GB",
                "timezone": "Europe/London"
            },
            "birthday": "1981-12-15",
            "deathday": null,
            "gender": "Female",
            "image": {
                "medium": "https://static.tvmaze.com/uploads/images/medium_portrait/13/33637.jpg",
                "original": "https://static.tvmaze.com/uploads/images/original_untouched/13/33637.jpg"
            },
            "updated": 1685018066,
            "_links": {
                "self": {
                    "href": "https://api.tvmaze.com/people/37261"
                }
            }
        },
        "character": {
            "id": 60496,
            "url": "https://www.tvmaze.com/characters/60496/downton-abbey-lady-mary-crawley",
            "name": "Lady Mary Crawley",
            "image": {
                "medium": "https://static.tvmaze.com/uploads/images/medium_portrait/1/4602.jpg",
                "original": "https://static.tvmaze.com/uploads/images/original_untouched/1/4602.jpg"
            },
            "_links": {
                "self": {
                    "href": "https://api.tvmaze.com/characters/60496"
                }
            }
        },
        "self": false,
        "voice": false
    },
    {
        "person": {
            "id": 37262,
            "url": "https://www.tvmaze.com/people/37262/laura-carmichael",
            "name": "Laura Carmichael",
            "country": {
                "name": "United Kingdom",
                "code": "GB",
                "timezone": "Europe/London"
            },
            "birthday": "1986-07-16",
            "deathday": null,
            "gender": "Female",
            "image": {
                "medium": "https://static.tvmaze.com/uploads/images/medium_portrait/296/741684.jpg",
                "original": "https://static.tvmaze.com/uploads/images/original_untouched/296/741684.jpg"
            },
            "updated": 1658166147,
            "_links": {
                "self": {
                    "href": "https://api.tvmaze.com/people/37262"
                }
            }
        },
        "character": {
            "id": 60497,
            "url": "https://www.tvmaze.com/characters/60497/downton-abbey-lady-edith-crawley",
            "name": "Lady Edith Crawley",
            "image": {
                "medium": "https://static.tvmaze.com/uploads/images/medium_portrait/1/4614.jpg",
                "original": "https://static.tvmaze.com/uploads/images/original_untouched/1/4614.jpg"
            },
            "_links": {
                "self": {
                    "href": "https://api.tvmaze.com/characters/60497"
                }
            }
        },
        "self": false,
        "voice": false
    },
    {
        "person": {
            "id": 37266,
            "url": "https://www.tvmaze.com/people/37266/penelope-wilton",
            "name": "Penelope Wilton",
            "country": {
                "name": "United Kingdom",
                "code": "GB",
                "timezone": "Europe/London"
            },
            "birthday": "1946-06-03",
            "deathday": null,
            "gender": "Female",
            "image": {
                "medium": "https://static.tvmaze.com/uploads/images/medium_portrait/108/270291.jpg",
                "original": "https://static.tvmaze.com/uploads/images/original_untouched/108/270291.jpg"
            },
            "updated": 1682538481,
            "_links": {
                "self": {
                    "href": "https://api.tvmaze.com/people/37266"
                }
            }
        },
        "character": {
            "id": 60501,
            "url": "https://www.tvmaze.com/characters/60501/downton-abbey-isobel-crawley",
            "name": "Isobel Crawley",
            "image": {
                "medium": "https://static.tvmaze.com/uploads/images/medium_portrait/1/4612.jpg",
                "original": "https://static.tvmaze.com/uploads/images/original_untouched/1/4612.jpg"
            },
            "_links": {
                "self": {
                    "href": "https://api.tvmaze.com/characters/60501"
                }
            }
        },
        "self": false,
        "voice": false
    },
    {
        "person": {
            "id": 37267,
            "url": "https://www.tvmaze.com/people/37267/jim-carter",
            "name": "Jim Carter",
            "country": {
                "name": "United Kingdom",
                "code": "GB",
                "timezone": "Europe/London"
            },
            "birthday": "1948-08-19",
            "deathday": null,
            "gender": "Male",
            "image": {
                "medium": "https://static.tvmaze.com/uploads/images/medium_portrait/178/446213.jpg",
                "original": "https://static.tvmaze.com/uploads/images/original_untouched/178/446213.jpg"
            },
            "updated": 1686254997,
            "_links": {
                "self": {
                    "href": "https://api.tvmaze.com/people/37267"
                }
            }
        },
        "character": {
            "id": 60502,
            "url": "https://www.tvmaze.com/characters/60502/downton-abbey-charles-carson",
            "name": "Charles Carson",
            "image": {
                "medium": "https://static.tvmaze.com/uploads/images/medium_portrait/1/4609.jpg",
                "original": "https://static.tvmaze.com/uploads/images/original_untouched/1/4609.jpg"
            },
            "_links": {
                "self": {
                    "href": "https://api.tvmaze.com/characters/60502"
                }
            }
        },
        "self": false,
        "voice": false
    },
    {
        "person": {
            "id": 37268,
            "url": "https://www.tvmaze.com/people/37268/phyllis-logan",
            "name": "Phyllis Logan",
            "country": {
                "name": "United Kingdom",
                "code": "GB",
                "timezone": "Europe/London"
            },
            "birthday": "1956-01-11",
            "deathday": null,
            "gender": "Female",
            "image": {
                "medium": "https://static.tvmaze.com/uploads/images/medium_portrait/159/397888.jpg",
                "original": "https://static.tvmaze.com/uploads/images/original_untouched/159/397888.jpg"
            },
            "updated": 1682888068,
            "_links": {
                "self": {
                    "href": "https://api.tvmaze.com/people/37268"
                }
            }
        },
        "character": {
            "id": 60503,
            "url": "https://www.tvmaze.com/characters/60503/downton-abbey-elsie-hughes",
            "name": "Elsie Hughes",
            "image": {
                "medium": "https://static.tvmaze.com/uploads/images/medium_portrait/1/4608.jpg",
                "original": "https://static.tvmaze.com/uploads/images/original_untouched/1/4608.jpg"
            },
            "_links": {
                "self": {
                    "href": "https://api.tvmaze.com/characters/60503"
                }
            }
        },
        "self": false,
        "voice": false
    },
    {
        "person": {
            "id": 37271,
            "url": "https://www.tvmaze.com/people/37271/rob-james-collier",
            "name": "Rob James Collier",
            "country": {
                "name": "United Kingdom",
                "code": "GB",
                "timezone": "Europe/London"
            },
            "birthday": "1976-09-23",
            "deathday": null,
            "gender": "Male",
            "image": {
                "medium": "https://static.tvmaze.com/uploads/images/medium_portrait/422/1056873.jpg",
                "original": "https://static.tvmaze.com/uploads/images/original_untouched/422/1056873.jpg"
            },
            "updated": 1663595681,
            "_links": {
                "self": {
                    "href": "https://api.tvmaze.com/people/37271"
                }
            }
        },
        "character": {
            "id": 60506,
            "url": "https://www.tvmaze.com/characters/60506/downton-abbey-thomas-barrow",
            "name": "Thomas Barrow",
            "image": {
                "medium": "https://static.tvmaze.com/uploads/images/medium_portrait/1/4621.jpg",
                "original": "https://static.tvmaze.com/uploads/images/original_untouched/1/4621.jpg"
            },
            "_links": {
                "self": {
                    "href": "https://api.tvmaze.com/characters/60506"
                }
            }
        },
        "self": false,
        "voice": false
    },
    {
        "person": {
            "id": 37272,
            "url": "https://www.tvmaze.com/people/37272/joanne-froggatt",
            "name": "Joanne Froggatt",
            "country": {
                "name": "United Kingdom",
                "code": "GB",
                "timezone": "Europe/London"
            },
            "birthday": "1980-08-23",
            "deathday": null,
            "gender": "Female",
            "image": {
                "medium": "https://static.tvmaze.com/uploads/images/medium_portrait/2/7275.jpg",
                "original": "https://static.tvmaze.com/uploads/images/original_untouched/2/7275.jpg"
            },
            "updated": 1686793471,
            "_links": {
                "self": {
                    "href": "https://api.tvmaze.com/people/37272"
                }
            }
        },
        "character": {
            "id": 60507,
            "url": "https://www.tvmaze.com/characters/60507/downton-abbey-anna-smith",
            "name": "Anna Smith",
            "image": {
                "medium": "https://static.tvmaze.com/uploads/images/medium_portrait/1/4606.jpg",
                "original": "https://static.tvmaze.com/uploads/images/original_untouched/1/4606.jpg"
            },
            "_links": {
                "self": {
                    "href": "https://api.tvmaze.com/characters/60507"
                }
            }
        },
        "self": false,
        "voice": false
    },
    {
        "person": {
            "id": 3258,
            "url": "https://www.tvmaze.com/people/3258/lesley-nicol",
            "name": "Lesley Nicol",
            "country": {
                "name": "United Kingdom",
                "code": "GB",
                "timezone": "Europe/London"
            },
            "birthday": null,
            "deathday": null,
            "gender": "Female",
            "image": {
                "medium": "https://static.tvmaze.com/uploads/images/medium_portrait/2/7276.jpg",
                "original": "https://static.tvmaze.com/uploads/images/original_untouched/2/7276.jpg"
            },
            "updated": 1641953969,
            "_links": {
                "self": {
                    "href": "https://api.tvmaze.com/people/3258"
                }
            }
        },
        "character": {
            "id": 60508,
            "url": "https://www.tvmaze.com/characters/60508/downton-abbey-beryl-patmore",
            "name": "Beryl Patmore",
            "image": {
                "medium": "https://static.tvmaze.com/uploads/images/medium_portrait/1/4622.jpg",
                "original": "https://static.tvmaze.com/uploads/images/original_untouched/1/4622.jpg"
            },
            "_links": {
                "self": {
                    "href": "https://api.tvmaze.com/characters/60508"
                }
            }
        },
        "self": false,
        "voice": false
    },
    {
        "person": {
            "id": 37273,
            "url": "https://www.tvmaze.com/people/37273/sophie-mcshera",
            "name": "Sophie McShera",
            "country": {
                "name": "United Kingdom",
                "code": "GB",
                "timezone": "Europe/London"
            },
            "birthday": "1985-01-01",
            "deathday": null,
            "gender": "Female",
            "image": {
                "medium": "https://static.tvmaze.com/uploads/images/medium_portrait/2/7277.jpg",
                "original": "https://static.tvmaze.com/uploads/images/original_untouched/2/7277.jpg"
            },
            "updated": 1685564042,
            "_links": {
                "self": {
                    "href": "https://api.tvmaze.com/people/37273"
                }
            }
        },
        "character": {
            "id": 60509,
            "url": "https://www.tvmaze.com/characters/60509/downton-abbey-daisy-robinson",
            "name": "Daisy Robinson",
            "image": {
                "medium": "https://static.tvmaze.com/uploads/images/medium_portrait/1/4610.jpg",
                "original": "https://static.tvmaze.com/uploads/images/original_untouched/1/4610.jpg"
            },
            "_links": {
                "self": {
                    "href": "https://api.tvmaze.com/characters/60509"
                }
            }
        },
        "self": false,
        "voice": false
    },
    {
        "person": {
            "id": 37260,
            "url": "https://www.tvmaze.com/people/37260/hugh-bonneville",
            "name": "Hugh Bonneville",
            "country": {
                "name": "United Kingdom",
                "code": "GB",
                "timezone": "Europe/London"
            },
            "birthday": "1963-11-10",
            "deathday": null,
            "gender": "Male",
            "image": {
                "medium": "https://static.tvmaze.com/uploads/images/medium_portrait/162/406096.jpg",
                "original": "https://static.tvmaze.com/uploads/images/original_untouched/162/406096.jpg"
            },
            "updated": 1685367654,
            "_links": {
                "self": {
                    "href": "https://api.tvmaze.com/people/37260"
                }
            }
        },
        "character": {
            "id": 60519,
            "url": "https://www.tvmaze.com/characters/60519/downton-abbey-robert-crawley-earl-of-grantham",
            "name": "Robert Crawley, Earl of Grantham",
            "image": {
                "medium": "https://static.tvmaze.com/uploads/images/medium_portrait/1/4604.jpg",
                "original": "https://static.tvmaze.com/uploads/images/original_untouched/1/4604.jpg"
            },
            "_links": {
                "self": {
                    "href": "https://api.tvmaze.com/characters/60519"
                }
            }
        },
        "self": false,
        "voice": false
    },
    {
        "person": {
            "id": 37264,
            "url": "https://www.tvmaze.com/people/37264/maggie-smith",
            "name": "Maggie Smith",
            "country": {
                "name": "United Kingdom",
                "code": "GB",
                "timezone": "Europe/London"
            },
            "birthday": "1934-12-28",
            "deathday": null,
            "gender": "Female",
            "image": {
                "medium": "https://static.tvmaze.com/uploads/images/medium_portrait/26/66847.jpg",
                "original": "https://static.tvmaze.com/uploads/images/original_untouched/26/66847.jpg"
            },
            "updated": 1506827655,
            "_links": {
                "self": {
                    "href": "https://api.tvmaze.com/people/37264"
                }
            }
        },
        "character": {
            "id": 60520,
            "url": "https://www.tvmaze.com/characters/60520/downton-abbey-violet-crawley-dowager-countess-of-grantham",
            "name": "Violet Crawley, Dowager Countess of Grantham",
            "image": {
                "medium": "https://static.tvmaze.com/uploads/images/medium_portrait/1/4605.jpg",
                "original": "https://static.tvmaze.com/uploads/images/original_untouched/1/4605.jpg"
            },
            "_links": {
                "self": {
                    "href": "https://api.tvmaze.com/characters/60520"
                }
            }
        },
        "self": false,
        "voice": false
    },
    {
        "person": {
            "id": 37269,
            "url": "https://www.tvmaze.com/people/37269/brendan-coyle",
            "name": "Brendan Coyle",
            "country": {
                "name": "United Kingdom",
                "code": "GB",
                "timezone": "Europe/London"
            },
            "birthday": "1963-12-02",
            "deathday": null,
            "gender": "Male",
            "image": {
                "medium": "https://static.tvmaze.com/uploads/images/medium_portrait/2/7272.jpg",
                "original": "https://static.tvmaze.com/uploads/images/original_untouched/2/7272.jpg"
            },
            "updated": 1670091879,
            "_links": {
                "self": {
                    "href": "https://api.tvmaze.com/people/37269"
                }
            }
        },
        "character": {
            "id": 60504,
            "url": "https://www.tvmaze.com/characters/60504/downton-abbey-john-bates",
            "name": "John Bates",
            "image": {
                "medium": "https://static.tvmaze.com/uploads/images/medium_portrait/1/4607.jpg",
                "original": "https://static.tvmaze.com/uploads/images/original_untouched/1/4607.jpg"
            },
            "_links": {
                "self": {
                    "href": "https://api.tvmaze.com/characters/60504"
                }
            }
        },
        "self": false,
        "voice": false
    },
    {
        "person": {
            "id": 5733,
            "url": "https://www.tvmaze.com/people/5733/kevin-doyle",
            "name": "Kevin Doyle",
            "country": {
                "name": "United Kingdom",
                "code": "GB",
                "timezone": "Europe/London"
            },
            "birthday": "1960-04-10",
            "deathday": null,
            "gender": "Male",
            "image": {
                "medium": "https://static.tvmaze.com/uploads/images/medium_portrait/178/446513.jpg",
                "original": "https://static.tvmaze.com/uploads/images/original_untouched/178/446513.jpg"
            },
            "updated": 1676849325,
            "_links": {
                "self": {
                    "href": "https://api.tvmaze.com/people/5733"
                }
            }
        },
        "character": {
            "id": 122202,
            "url": "https://www.tvmaze.com/characters/122202/downton-abbey-joseph-molesley",
            "name": "Joseph Molesley",
            "image": {
                "medium": "https://static.tvmaze.com/uploads/images/medium_portrait/29/74545.jpg",
                "original": "https://static.tvmaze.com/uploads/images/original_untouched/29/74545.jpg"
            },
            "_links": {
                "self": {
                    "href": "https://api.tvmaze.com/characters/122202"
                }
            }
        },
        "self": false,
        "voice": false
    },
    {
        "person": {
            "id": 37277,
            "url": "https://www.tvmaze.com/people/37277/allen-leech",
            "name": "Allen Leech",
            "country": {
                "name": "Ireland",
                "code": "IE",
                "timezone": "Europe/Dublin"
            },
            "birthday": "1981-05-18",
            "deathday": null,
            "gender": "Male",
            "image": {
                "medium": "https://static.tvmaze.com/uploads/images/medium_portrait/2/7282.jpg",
                "original": "https://static.tvmaze.com/uploads/images/original_untouched/2/7282.jpg"
            },
            "updated": 1653441198,
            "_links": {
                "self": {
                    "href": "https://api.tvmaze.com/people/37277"
                }
            }
        },
        "character": {
            "id": 60535,
            "url": "https://www.tvmaze.com/characters/60535/downton-abbey-tom-branson",
            "name": "Tom Branson",
            "image": {
                "medium": "https://static.tvmaze.com/uploads/images/medium_portrait/1/4611.jpg",
                "original": "https://static.tvmaze.com/uploads/images/original_untouched/1/4611.jpg"
            },
            "_links": {
                "self": {
                    "href": "https://api.tvmaze.com/characters/60535"
                }
            }
        },
        "self": false,
        "voice": false
    },
    {
        "person": {
            "id": 37295,
            "url": "https://www.tvmaze.com/people/37295/david-robb",
            "name": "David Robb",
            "country": {
                "name": "United Kingdom",
                "code": "GB",
                "timezone": "Europe/London"
            },
            "birthday": "1947-08-23",
            "deathday": null,
            "gender": "Male",
            "image": {
                "medium": "https://static.tvmaze.com/uploads/images/medium_portrait/13/33126.jpg",
                "original": "https://static.tvmaze.com/uploads/images/original_untouched/13/33126.jpg"
            },
            "updated": 1529939670,
            "_links": {
                "self": {
                    "href": "https://api.tvmaze.com/people/37295"
                }
            }
        },
        "character": {
            "id": 131559,
            "url": "https://www.tvmaze.com/characters/131559/downton-abbey-dr-richard-clarkson",
            "name": "Dr. Richard Clarkson",
            "image": {
                "medium": "https://static.tvmaze.com/uploads/images/medium_portrait/29/74543.jpg",
                "original": "https://static.tvmaze.com/uploads/images/original_untouched/29/74543.jpg"
            },
            "_links": {
                "self": {
                    "href": "https://api.tvmaze.com/characters/131559"
                }
            }
        },
        "self": false,
        "voice": false
    },
    {
        "person": {
            "id": 37265,
            "url": "https://www.tvmaze.com/people/37265/dan-stevens",
            "name": "Dan Stevens",
            "country": {
                "name": "United Kingdom",
                "code": "GB",
                "timezone": "Europe/London"
            },
            "birthday": "1982-10-10",
            "deathday": null,
            "gender": "Male",
            "image": {
                "medium": "https://static.tvmaze.com/uploads/images/medium_portrait/98/247157.jpg",
                "original": "https://static.tvmaze.com/uploads/images/original_untouched/98/247157.jpg"
            },
            "updated": 1679356308,
            "_links": {
                "self": {
                    "href": "https://api.tvmaze.com/people/37265"
                }
            }
        },
        "character": {
            "id": 60500,
            "url": "https://www.tvmaze.com/characters/60500/downton-abbey-matthew-crawley",
            "name": "Matthew Crawley",
            "image": {
                "medium": "https://static.tvmaze.com/uploads/images/medium_portrait/1/4624.jpg",
                "original": "https://static.tvmaze.com/uploads/images/original_untouched/1/4624.jpg"
            },
            "_links": {
                "self": {
                    "href": "https://api.tvmaze.com/characters/60500"
                }
            }
        },
        "self": false,
        "voice": false
    },
    {
        "person": {
            "id": 37270,
            "url": "https://www.tvmaze.com/people/37270/siobhan-finneran",
            "name": "Siobhan Finneran",
            "country": {
                "name": "United Kingdom",
                "code": "GB",
                "timezone": "Europe/London"
            },
            "birthday": "1966-04-27",
            "deathday": null,
            "gender": "Female",
            "image": {
                "medium": "https://static.tvmaze.com/uploads/images/medium_portrait/174/435075.jpg",
                "original": "https://static.tvmaze.com/uploads/images/original_untouched/174/435075.jpg"
            },
            "updated": 1685214570,
            "_links": {
                "self": {
                    "href": "https://api.tvmaze.com/people/37270"
                }
            }
        },
        "character": {
            "id": 60505,
            "url": "https://www.tvmaze.com/characters/60505/downton-abbey-sarah-obrien",
            "name": "Sarah O'Brien",
            "image": {
                "medium": "https://static.tvmaze.com/uploads/images/medium_portrait/1/4619.jpg",
                "original": "https://static.tvmaze.com/uploads/images/original_untouched/1/4619.jpg"
            },
            "_links": {
                "self": {
                    "href": "https://api.tvmaze.com/characters/60505"
                }
            }
        },
        "self": false,
        "voice": false
    },
    {
        "person": {
            "id": 37279,
            "url": "https://www.tvmaze.com/people/37279/raquel-cassidy",
            "name": "Raquel Cassidy",
            "country": {
                "name": "United Kingdom",
                "code": "GB",
                "timezone": "Europe/London"
            },
            "birthday": "1968-01-22",
            "deathday": null,
            "gender": "Female",
            "image": {
                "medium": "https://static.tvmaze.com/uploads/images/medium_portrait/143/359745.jpg",
                "original": "https://static.tvmaze.com/uploads/images/original_untouched/143/359745.jpg"
            },
            "updated": 1645305064,
            "_links": {
                "self": {
                    "href": "https://api.tvmaze.com/people/37279"
                }
            }
        },
        "character": {
            "id": 131558,
            "url": "https://www.tvmaze.com/characters/131558/downton-abbey-phyllis-baxter",
            "name": "Phyllis Baxter",
            "image": {
                "medium": "https://static.tvmaze.com/uploads/images/medium_portrait/29/74546.jpg",
                "original": "https://static.tvmaze.com/uploads/images/original_untouched/29/74546.jpg"
            },
            "_links": {
                "self": {
                    "href": "https://api.tvmaze.com/characters/131558"
                }
            }
        },
        "self": false,
        "voice": false
    },
    {
        "person": {
            "id": 37278,
            "url": "https://www.tvmaze.com/people/37278/lily-james",
            "name": "Lily James",
            "country": {
                "name": "United Kingdom",
                "code": "GB",
                "timezone": "Europe/London"
            },
            "birthday": "1989-04-05",
            "deathday": null,
            "gender": "Female",
            "image": {
                "medium": "https://static.tvmaze.com/uploads/images/medium_portrait/2/7283.jpg",
                "original": "https://static.tvmaze.com/uploads/images/original_untouched/2/7283.jpg"
            },
            "updated": 1684411602,
            "_links": {
                "self": {
                    "href": "https://api.tvmaze.com/people/37278"
                }
            }
        },
        "character": {
            "id": 60515,
            "url": "https://www.tvmaze.com/characters/60515/downton-abbey-lady-rose-macclare",
            "name": "Lady Rose MacClare",
            "image": {
                "medium": "https://static.tvmaze.com/uploads/images/medium_portrait/1/4616.jpg",
                "original": "https://static.tvmaze.com/uploads/images/original_untouched/1/4616.jpg"
            },
            "_links": {
                "self": {
                    "href": "https://api.tvmaze.com/characters/60515"
                }
            }
        },
        "self": false,
        "voice": false
    },
    {
        "person": {
            "id": 37263,
            "url": "https://www.tvmaze.com/people/37263/jessica-brown-findlay",
            "name": "Jessica Brown Findlay",
            "country": {
                "name": "United Kingdom",
                "code": "GB",
                "timezone": "Europe/London"
            },
            "birthday": "1989-09-14",
            "deathday": null,
            "gender": "Female",
            "image": {
                "medium": "https://static.tvmaze.com/uploads/images/medium_portrait/2/7266.jpg",
                "original": "https://static.tvmaze.com/uploads/images/original_untouched/2/7266.jpg"
            },
            "updated": 1674895479,
            "_links": {
                "self": {
                    "href": "https://api.tvmaze.com/people/37263"
                }
            }
        },
        "character": {
            "id": 60498,
            "url": "https://www.tvmaze.com/characters/60498/downton-abbey-lady-sybil-crawley",
            "name": "Lady Sybil Crawley",
            "image": {
                "medium": "https://static.tvmaze.com/uploads/images/medium_portrait/1/4613.jpg",
                "original": "https://static.tvmaze.com/uploads/images/original_untouched/1/4613.jpg"
            },
            "_links": {
                "self": {
                    "href": "https://api.tvmaze.com/characters/60498"
                }
            }
        },
        "self": false,
        "voice": false
    },
    {
        "person": {
            "id": 37276,
            "url": "https://www.tvmaze.com/people/37276/ed-speleers",
            "name": "Ed Speleers",
            "country": {
                "name": "United Kingdom",
                "code": "GB",
                "timezone": "Europe/London"
            },
            "birthday": "1988-04-07",
            "deathday": null,
            "gender": "Male",
            "image": {
                "medium": "https://static.tvmaze.com/uploads/images/medium_portrait/444/1111204.jpg",
                "original": "https://static.tvmaze.com/uploads/images/original_untouched/444/1111204.jpg"
            },
            "updated": 1681990565,
            "_links": {
                "self": {
                    "href": "https://api.tvmaze.com/people/37276"
                }
            }
        },
        "character": {
            "id": 60513,
            "url": "https://www.tvmaze.com/characters/60513/downton-abbey-james-jimmy-kent",
            "name": "James \"Jimmy\" Kent",
            "image": {
                "medium": "https://static.tvmaze.com/uploads/images/medium_portrait/1/4618.jpg",
                "original": "https://static.tvmaze.com/uploads/images/original_untouched/1/4618.jpg"
            },
            "_links": {
                "self": {
                    "href": "https://api.tvmaze.com/characters/60513"
                }
            }
        },
        "self": false,
        "voice": false
    },
    {
        "person": {
            "id": 69426,
            "url": "https://www.tvmaze.com/people/69426/matt-milne",
            "name": "Matt Milne",
            "country": {
                "name": "United Kingdom",
                "code": "GB",
                "timezone": "Europe/London"
            },
            "birthday": "1990-01-01",
            "deathday": null,
            "gender": "Male",
            "image": {
                "medium": "https://static.tvmaze.com/uploads/images/medium_portrait/13/33124.jpg",
                "original": "https://static.tvmaze.com/uploads/images/original_untouched/13/33124.jpg"
            },
            "updated": 1564663876,
            "_links": {
                "self": {
                    "href": "https://api.tvmaze.com/people/69426"
                }
            }
        },
        "character": {
            "id": 131557,
            "url": "https://www.tvmaze.com/characters/131557/downton-abbey-alfred-nugent",
            "name": "Alfred Nugent",
            "image": {
                "medium": "https://static.tvmaze.com/uploads/images/medium_portrait/14/36907.jpg",
                "original": "https://static.tvmaze.com/uploads/images/original_untouched/14/36907.jpg"
            },
            "_links": {
                "self": {
                    "href": "https://api.tvmaze.com/characters/131557"
                }
            }
        },
        "self": false,
        "voice": false
    },
    {
        "person": {
            "id": 37275,
            "url": "https://www.tvmaze.com/people/37275/amy-nuttall",
            "name": "Amy Nuttall",
            "country": {
                "name": "United Kingdom",
                "code": "GB",
                "timezone": "Europe/London"
            },
            "birthday": "1982-06-07",
            "deathday": null,
            "gender": "Female",
            "image": {
                "medium": "https://static.tvmaze.com/uploads/images/medium_portrait/98/246061.jpg",
                "original": "https://static.tvmaze.com/uploads/images/original_untouched/98/246061.jpg"
            },
            "updated": 1676559343,
            "_links": {
                "self": {
                    "href": "https://api.tvmaze.com/people/37275"
                }
            }
        },
        "character": {
            "id": 60512,
            "url": "https://www.tvmaze.com/characters/60512/downton-abbey-ethel-parks",
            "name": "Ethel Parks",
            "image": {
                "medium": "https://static.tvmaze.com/uploads/images/medium_portrait/129/323728.jpg",
                "original": "https://static.tvmaze.com/uploads/images/original_untouched/129/323728.jpg"
            },
            "_links": {
                "self": {
                    "href": "https://api.tvmaze.com/characters/60512"
                }
            }
        },
        "self": false,
        "voice": false
    },
    {
        "person": {
            "id": 65115,
            "url": "https://www.tvmaze.com/people/65115/cara-theobold",
            "name": "Cara Theobold",
            "country": {
                "name": "United Kingdom",
                "code": "GB",
                "timezone": "Europe/London"
            },
            "birthday": "1990-01-25",
            "deathday": null,
            "gender": "Female",
            "image": {
                "medium": "https://static.tvmaze.com/uploads/images/medium_portrait/162/406553.jpg",
                "original": "https://static.tvmaze.com/uploads/images/original_untouched/162/406553.jpg"
            },
            "updated": 1676689762,
            "_links": {
                "self": {
                    "href": "https://api.tvmaze.com/people/65115"
                }
            }
        },
        "character": {
            "id": 131556,
            "url": "https://www.tvmaze.com/characters/131556/downton-abbey-ivy-stuart",
            "name": "Ivy Stuart",
            "image": {
                "medium": "https://static.tvmaze.com/uploads/images/medium_portrait/14/36908.jpg",
                "original": "https://static.tvmaze.com/uploads/images/original_untouched/14/36908.jpg"
            },
            "_links": {
                "self": {
                    "href": "https://api.tvmaze.com/characters/131556"
                }
            }
        },
        "self": false,
        "voice": false
    },
    {
        "person": {
            "id": 37274,
            "url": "https://www.tvmaze.com/people/37274/thomas-howes",
            "name": "Thomas Howes",
            "country": {
                "name": "United Kingdom",
                "code": "GB",
                "timezone": "Europe/London"
            },
            "birthday": null,
            "deathday": null,
            "gender": "Male",
            "image": {
                "medium": "https://static.tvmaze.com/uploads/images/medium_portrait/2/7278.jpg",
                "original": "https://static.tvmaze.com/uploads/images/original_untouched/2/7278.jpg"
            },
            "updated": 1654238229,
            "_links": {
                "self": {
                    "href": "https://api.tvmaze.com/people/37274"
                }
            }
        },
        "character": {
            "id": 60510,
            "url": "https://www.tvmaze.com/characters/60510/downton-abbey-william-mason",
            "name": "William Mason",
            "image": {
                "medium": "https://static.tvmaze.com/uploads/images/medium_portrait/1/4620.jpg",
                "original": "https://static.tvmaze.com/uploads/images/original_untouched/1/4620.jpg"
            },
            "_links": {
                "self": {
                    "href": "https://api.tvmaze.com/characters/60510"
                }
            }
        },
        "self": false,
        "voice": false
    },
    {
        "person": {
            "id": 37280,
            "url": "https://www.tvmaze.com/people/37280/tom-cullen",
            "name": "Tom Cullen",
            "country": {
                "name": "United Kingdom",
                "code": "GB",
                "timezone": "Europe/London"
            },
            "birthday": "1985-07-17",
            "deathday": null,
            "gender": "Male",
            "image": {
                "medium": "https://static.tvmaze.com/uploads/images/medium_portrait/120/301792.jpg",
                "original": "https://static.tvmaze.com/uploads/images/original_untouched/120/301792.jpg"
            },
            "updated": 1676310509,
            "_links": {
                "self": {
                    "href": "https://api.tvmaze.com/people/37280"
                }
            }
        },
        "character": {
            "id": 60518,
            "url": "https://www.tvmaze.com/characters/60518/downton-abbey-anthony-foyle-lord-gillingham",
            "name": "Anthony Foyle, Lord Gillingham",
            "image": {
                "medium": "https://static.tvmaze.com/uploads/images/medium_portrait/29/74547.jpg",
                "original": "https://static.tvmaze.com/uploads/images/original_untouched/29/74547.jpg"
            },
            "_links": {
                "self": {
                    "href": "https://api.tvmaze.com/characters/60518"
                }
            }
        },
        "self": false,
        "voice": false
    },
    {
        "person": {
            "id": 148755,
            "url": "https://www.tvmaze.com/people/148755/michael-fox",
            "name": "Michael Fox",
            "country": {
                "name": "United Kingdom",
                "code": "GB",
                "timezone": "Europe/London"
            },
            "birthday": "1989-01-05",
            "deathday": null,
            "gender": "Male",
            "image": {
                "medium": "https://static.tvmaze.com/uploads/images/medium_portrait/187/469117.jpg",
                "original": "https://static.tvmaze.com/uploads/images/original_untouched/187/469117.jpg"
            },
            "updated": 1552489363,
            "_links": {
                "self": {
                    "href": "https://api.tvmaze.com/people/148755"
                }
            }
        },
        "character": {
            "id": 122201,
            "url": "https://www.tvmaze.com/characters/122201/downton-abbey-andrew-andy-parker",
            "name": "Andrew \"Andy\" Parker",
            "image": {
                "medium": "https://static.tvmaze.com/uploads/images/medium_portrait/187/469118.jpg",
                "original": "https://static.tvmaze.com/uploads/images/original_untouched/187/469118.jpg"
            },
            "_links": {
                "self": {
                    "href": "https://api.tvmaze.com/characters/122201"
                }
            }
        },
        "self": false,
        "voice": false
    },
    {
        "person": {
            "id": 22598,
            "url": "https://www.tvmaze.com/people/22598/julian-ovenden",
            "name": "Julian Ovenden",
            "country": {
                "name": "United Kingdom",
                "code": "GB",
                "timezone": "Europe/London"
            },
            "birthday": "1976-11-29",
            "deathday": null,
            "gender": "Male",
            "image": {
                "medium": "https://static.tvmaze.com/uploads/images/medium_portrait/186/466455.jpg",
                "original": "https://static.tvmaze.com/uploads/images/original_untouched/186/466455.jpg"
            },
            "updated": 1668519884,
            "_links": {
                "self": {
                    "href": "https://api.tvmaze.com/people/22598"
                }
            }
        },
        "character": {
            "id": 131555,
            "url": "https://www.tvmaze.com/characters/131555/downton-abbey-charles-blake",
            "name": "Charles Blake",
            "image": {
                "medium": "https://static.tvmaze.com/uploads/images/medium_portrait/14/36906.jpg",
                "original": "https://static.tvmaze.com/uploads/images/original_untouched/14/36906.jpg"
            },
            "_links": {
                "self": {
                    "href": "https://api.tvmaze.com/characters/131555"
                }
            }
        },
        "self": false,
        "voice": false
    },
    {
        "person": {
            "id": 14094,
            "url": "https://www.tvmaze.com/people/14094/rose-leslie",
            "name": "Rose Leslie",
            "country": {
                "name": "United Kingdom",
                "code": "GB",
                "timezone": "Europe/London"
            },
            "birthday": "1987-02-09",
            "deathday": null,
            "gender": "Female",
            "image": {
                "medium": "https://static.tvmaze.com/uploads/images/medium_portrait/107/267661.jpg",
                "original": "https://static.tvmaze.com/uploads/images/original_untouched/107/267661.jpg"
            },
            "updated": 1679343663,
            "_links": {
                "self": {
                    "href": "https://api.tvmaze.com/people/14094"
                }
            }
        },
        "character": {
            "id": 60511,
            "url": "https://www.tvmaze.com/characters/60511/downton-abbey-gwen-dawson",
            "name": "Gwen Dawson",
            "image": {
                "medium": "https://static.tvmaze.com/uploads/images/medium_portrait/1/4615.jpg",
                "original": "https://static.tvmaze.com/uploads/images/original_untouched/1/4615.jpg"
            },
            "_links": {
                "self": {
                    "href": "https://api.tvmaze.com/characters/60511"
                }
            }
        },
        "self": false,
        "voice": false
    },
    {
        "person": {
            "id": 21049,
            "url": "https://www.tvmaze.com/people/21049/matthew-goode",
            "name": "Matthew Goode",
            "country": {
                "name": "United Kingdom",
                "code": "GB",
                "timezone": "Europe/London"
            },
            "birthday": "1978-04-03",
            "deathday": null,
            "gender": "Male",
            "image": {
                "medium": "https://static.tvmaze.com/uploads/images/medium_portrait/7/17773.jpg",
                "original": "https://static.tvmaze.com/uploads/images/original_untouched/7/17773.jpg"
            },
            "updated": 1657819267,
            "_links": {
                "self": {
                    "href": "https://api.tvmaze.com/people/21049"
                }
            }
        },
        "character": {
            "id": 262038,
            "url": "https://www.tvmaze.com/characters/262038/downton-abbey-henry-talbot",
            "name": "Henry Talbot",
            "image": {
                "medium": "https://static.tvmaze.com/uploads/images/medium_portrait/129/324645.jpg",
                "original": "https://static.tvmaze.com/uploads/images/original_untouched/129/324645.jpg"
            },
            "_links": {
                "self": {
                    "href": "https://api.tvmaze.com/characters/262038"
                }
            }
        },
        "self": false,
        "voice": false
    },
    {
        "person": {
            "id": 40506,
            "url": "https://www.tvmaze.com/people/40506/harry-hadden-paton",
            "name": "Harry Hadden-Paton",
            "country": {
                "name": "United Kingdom",
                "code": "GB",
                "timezone": "Europe/London"
            },
            "birthday": "1981-04-10",
            "deathday": null,
            "gender": "Male",
            "image": {
                "medium": "https://static.tvmaze.com/uploads/images/medium_portrait/186/467020.jpg",
                "original": "https://static.tvmaze.com/uploads/images/original_untouched/186/467020.jpg"
            },
            "updated": 1684758147,
            "_links": {
                "self": {
                    "href": "https://api.tvmaze.com/people/40506"
                }
            }
        },
        "character": {
            "id": 644032,
            "url": "https://www.tvmaze.com/characters/644032/downton-abbey-herbert-bertie-pelham",
            "name": "Herbert \"Bertie\" Pelham",
            "image": {
                "medium": "https://static.tvmaze.com/uploads/images/medium_portrait/221/554786.jpg",
                "original": "https://static.tvmaze.com/uploads/images/original_untouched/221/554786.jpg"
            },
            "_links": {
                "self": {
                    "href": "https://api.tvmaze.com/characters/644032"
                }
            }
        },
        "self": false,
        "voice": false
    }
]