[
    {
        "person": {
            "id": 37423,
            "url": "https://www.tvmaze.com/people/37423/david-letterman",
            "name": "David Letterman",
            "country": {
                "name": "United States",
                "code": "US",
                "timezone": "America/New_York"
            },
            "birthday": "1947-04-12",
            "deathday": null,
            "gender": "Male",
            "image": {
                "medium": "https://static.tvmaze.com/uploads/images/medium_portrait/143/358907.jpg",
                "original": "https://static.tvmaze.com/uploads/images/original_untouched/143/358907.jpg"
            },
            "updated": 1684928620,
            "_links": {
                "self": {
                    "href": "https://api.tvmaze.com/people/37423"
                }
            }
        },
        "character": {
            "id": 119991,
            "url": "https://www.tvmaze.com/characters/119991/the-late-show-with-david-letterman-david-letterman",
            "name": "David Letterman",
            "image": null,
            "_links": {
                "self": {
                    "href": "https://api.tvmaze.com/characters/119991"
                }
            }
        },
        "self": true,
        "voice": false
    },
    {
        "person": {
            "id": 63403,
            "url": "https://www.tvmaze.com/people/63403/paul-shaffer",
            "name": "Paul Shaffer",
            "country": {
                "name": "Canada",
                "code": "CA",
                "timezone": "America/Halifax"
            },
            "birthday": "1949-11-28",
            "deathday": null,
            "gender": "Male",
            "image": {
                "medium": "https://static.tvmaze.com/uploads/images/medium_portrait/178/445978.jpg",
                "original": "https://static.tvmaze.com/uploads/images/original_untouched/178/445978.jpg"
            },
            "updated": 1684029824,
            "_links": {
                "self": {
                    "href": "https://api.tvmaze.com/people/63403"
                }
            }
        },
        "character": {
            "id": 119992,
            "url": "https://www.tvmaze.com/characters/119992/the-late-show-with-david-letterman-paul-shaffer",
            "name": "Paul Shaffer",
            "image": null,
            "_links": {
                "self": {
                    "href": "https://api.tvmaze.com/characters/119992"
                }
            }
        },
        "self": true,
        "voice": false
    },
    {
        "person": {
            "id": 63806,
            "url": "https://www.tvmaze.com/people/63806/alan-kalter",
            "name": "Alan Kalter",
            "country": null,
            "birthday": null,
            "deathday": null,
            "gender": "Male",
            "image": {
                "medium": "https://static.tvmaze.com/uploads/images/medium_portrait/35/89706.jpg",
                "original": "https://static.tvmaze.com/uploads/images/original_untouched/35/89706.jpg"
            },
            "updated": 1462257849,
            "_links": {
                "self": {
                    "href": "https://api.tvmaze.com/people/63806"
                }
            }
        },
        "character": {
            "id": 119993,
            "url": "https://www.tvmaze.com/characters/119993/the-late-show-with-david-letterman-alan-kalter",
            "name": "Alan Kalter",
            "image": null,
            "_links": {
                "self": {
                    "href": "https://api.tvmaze.com/characters/119993"
                }
            }
        },
        "self": true,
        "voice": false
    },
    {
        "person": {
            "id": 63807,
            "url": "https://www.tvmaze.com/people/63807/bill-wendell",
            "name": "Bill Wendell",
            "country": {
                "name": "United States",
                "code": "US",
                "timezone": "America/New_York"
            },
            "birthday": "1924-03-22",
            "deathday": "1999-04-14",
            "gender": "Male",
            "image": {
                "medium": "https://static.tvmaze.com/uploads/images/medium_portrait/12/30707.jpg",
                "original": "https://static.tvmaze.com/uploads/images/original_untouched/12/30707.jpg"
            },
            "updated": 1685244912,
            "_links": {
                "self": {
                    "href": "https://api.tvmaze.com/people/63807"
                }
            }
        },
        "character": {
            "id": 119994,
            "url": "https://www.tvmaze.com/characters/119994/the-late-show-with-david-letterman-bill-wendell",
            "name": "Bill Wendell",
            "image": null,
            "_links": {
                "self": {
                    "href": "https://api.tvmaze.com/characters/119994"
                }
            }
        },
        "self": true,
        "voice": false
    }
]