[
    {
        "person": {
            "id": 16287,
            "url": "https://www.tvmaze.com/people/16287/peter-krause",
            "name": "Peter Krause",
            "country": {
                "name": "United States",
                "code": "US",
                "timezone": "America/New_York"
            },
            "birthday": "1965-08-12",
            "deathday": null,
            "gender": "Male",
            "image": {
                "medium": "https://static.tvmaze.com/uploads/images/medium_portrait/145/364288.jpg",
                "original": "https://static.tvmaze.com/uploads/images/original_untouched/145/364288.jpg"
            },
            "updated": 1684855972,
            "_links": {
                "self": {
                    "href": "https://api.tvmaze.com/people/16287"
                }
            }
        },
        "character": {
            "id": 70154,
            "url": "https://www.tvmaze.com/characters/70154/six-feet-under-nate-fisher",
            "name": "Nate Fisher",
            "image": {
                "medium": "https://static.tvmaze.com/uploads/images/medium_portrait/2/5481.jpg",
                "original": "https://static.tvmaze.com/uploads/images/original_untouched/2/5481.jpg"
            },
            "_links": {
                "self": {
                    "href": "https://api.tvmaze.com/characters/70154"
                }
            }
        },
        "self": false,
        "voice": false
    },
    {
        "person": {
            "id": 29740,
            "url": "https://www.tvmaze.com/people/29740/michael-c-hall",
            "name": "Michael C. Hall",
            "country": {
                "name": "United States",
                "code": "US",
                "timezone": "America/New_York"
            },
            "birthday": "1971-02-01",
            "deathday": null,
            "gender": "Male",
            "image": {
                "medium": "https://static.tvmaze.com/uploads/images/medium_portrait/4/10556.jpg",
                "original": "https://static.tvmaze.com/uploads/images/original_untouched/4/10556.jpg"
            },
            "updated": 1641784596,
            "_links": {
                "self": {
                    "href": "https://api.tvmaze.com/people/29740"
                }
            }
        },
        "character": {
            "id": 70155,
            "url": "https://www.tvmaze.com/characters/70155/six-feet-under-david-fisher",
            "name": "David Fisher",
            "image": {
                "medium": "https://static.tvmaze.com/uploads/images/medium_portrait/2/5482.jpg",
                "original": "https://static.tvmaze.com/uploads/images/original_untouched/2/5482.jpg"
            },
            "_links": {
                "self": {
                    "href": "https://api.tvmaze.com/characters/70155"
                }
            }
        },
        "self": false,
        "voice": false
    },
    {
        "person": {
            "id": 5864,
            "url": "https://www.tvmaze.com/people/5864/frances-conroy",
            "name": "Frances Conroy",
            "country": {
                "name": "United States",
                "code": "US",
                "timezone": "America/New_York"
            },
            "birthday": "1953-03-15",
            "deathday": null,
            "gender": "Female",
            "image": {
                "medium": "https://static.tvmaze.com/uploads/images/medium_portrait/183/459079.jpg",
                "original": "https://static.tvmaze.com/uploads/images/original_untouched/183/459079.jpg"
            },
            "updated": 1668965961,
            "_links": {
                "self": {
                    "href": "https://api.tvmaze.com/people/5864"
                }
            }
        },
        "character": {
            "id": 70156,
            "url": "https://www.tvmaze.com/characters/70156/six-feet-under-ruth-fisher",
            "name": "Ruth Fisher",
            "image": {
                "medium": "https://static.tvmaze.com/uploads/images/medium_portrait/2/5484.jpg",
                "original": "https://static.tvmaze.com/uploads/images/original_untouched/2/5484.jpg"
            },
            "_links": {
                "self": {
                    "href": "https://api.tvmaze.com/characters/70156"
                }
            }
        },
        "self": false,
        "voice": false
    },
    {
        "person": {
            "id": 25101,
            "url": "https://www.tvmaze.com/people/25101/lauren-ambrose",
            "name": "Lauren Ambrose",
            "country": {
                "name": "United States",
                "code": "US",
                "timezone": "America/New_York"
            },
            "birthday": "1978-02-20",
            "deathday": null,
            "gender": "Female",
            "image": {
                "medium": "https://static.tvmaze.com/uploads/images/medium_portrait/308/771602.jpg",
                "original": "https://static.tvmaze.com/uploads/images/original_untouched/308/771602.jpg"
            },
            "updated": 1688660741,
            "_links": {
                "self": {
                    "href": "https://api.tvmaze.com/people/25101"
                }
            }
        },
        "character": {
            "id": 70157,
            "url": "https://www.tvmaze.com/characters/70157/six-feet-under-claire-fisher",
            "name": "Claire Fisher",
            "image": {
                "medium": "https://static.tvmaze.com/uploads/images/medium_portrait/2/5483.jpg",
                "original": "https://static.tvmaze.com/uploads/images/original_untouched/2/5483.jpg"
            },
            "_links": {
                "self": {
                    "href": "https://api.tvmaze.com/characters/70157"
                }
            }
        },
        "self": false,
        "voice": false
    },
    {
        "person": {
            "id": 41979,
            "url": "https://www.tvmaze.com/people/41979/rachel-griffiths",
            "name": "Rachel Griffiths",
            "country": {
                "name": "Australia",
                "code": "AU",
                "timezone": "Australia/Sydney"
            },
            "birthday": "1968-12-18",
            "deathday": null,
            "gender": "Female",
            "image": {
                "medium": "https://static.tvmaze.com/uploads/images/medium_portrait/375/938149.jpg",
                "original": "https://static.tvmaze.com/uploads/images/original_untouched/375/938149.jpg"
            },
            "updated": 1664147996,
            "_links": {
                "self": {
                    "href": "https://api.tvmaze.com/people/41979"
                }
            }
        },
        "character": {
            "id": 70158,
            "url": "https://www.tvmaze.com/characters/70158/six-feet-under-brenda-chenowith",
            "name": "Brenda Chenowith",
            "image": {
                "medium": "https://static.tvmaze.com/uploads/images/medium_portrait/2/5488.jpg",
                "original": "https://static.tvmaze.com/uploads/images/original_untouched/2/5488.jpg"
            },
            "_links": {
                "self": {
                    "href": "https://api.tvmaze.com/characters/70158"
                }
            }
        },
        "self": false,
        "voice": false
    },
    {
        "person": {
            "id": 41980,
            "url": "https://www.tvmaze.com/people/41980/richard-jenkins",
            "name": "Richard Jenkins",
            "country": {
                "name": "United States",
                "code": "US",
                "timezone": "America/New_York"
            },
            "birthday": "1947-05-04",
            "deathday": null,
            "gender": "Male",
            "image": {
                "medium": "https://static.tvmaze.com/uploads/images/medium_portrait/2/7333.jpg",
                "original": "https://static.tvmaze.com/uploads/images/original_untouched/2/7333.jpg"
            },
            "updated": 1663896321,
            "_links": {
                "self": {
                    "href": "https://api.tvmaze.com/people/41980"
                }
            }
        },
        "character": {
            "id": 70160,
            "url": "https://www.tvmaze.com/characters/70160/six-feet-under-nathaniel-fisher",
            "name": "Nathaniel Fisher",
            "image": {
                "medium": "https://static.tvmaze.com/uploads/images/medium_portrait/2/5487.jpg",
                "original": "https://static.tvmaze.com/uploads/images/original_untouched/2/5487.jpg"
            },
            "_links": {
                "self": {
                    "href": "https://api.tvmaze.com/characters/70160"
                }
            }
        },
        "self": false,
        "voice": false
    },
    {
        "person": {
            "id": 38713,
            "url": "https://www.tvmaze.com/people/38713/freddy-rodriguez",
            "name": "Freddy Rodriguez",
            "country": {
                "name": "United States",
                "code": "US",
                "timezone": "America/New_York"
            },
            "birthday": "1975-01-17",
            "deathday": null,
            "gender": "Male",
            "image": {
                "medium": "https://static.tvmaze.com/uploads/images/medium_portrait/396/991926.jpg",
                "original": "https://static.tvmaze.com/uploads/images/original_untouched/396/991926.jpg"
            },
            "updated": 1683818779,
            "_links": {
                "self": {
                    "href": "https://api.tvmaze.com/people/38713"
                }
            }
        },
        "character": {
            "id": 70159,
            "url": "https://www.tvmaze.com/characters/70159/six-feet-under-federico-diaz",
            "name": "Federico Diaz",
            "image": {
                "medium": "https://static.tvmaze.com/uploads/images/medium_portrait/2/5486.jpg",
                "original": "https://static.tvmaze.com/uploads/images/original_untouched/2/5486.jpg"
            },
            "_links": {
                "self": {
                    "href": "https://api.tvmaze.com/characters/70159"
                }
            }
        },
        "self": false,
        "voice": false
    },
    {
        "person": {
            "id": 10742,
            "url": "https://www.tvmaze.com/people/10742/mathew-st-patrick",
            "name": "Mathew St. Patrick",
            "country": {
                "name": "United States",
                "code": "US",
                "timezone": "America/New_York"
            },
            "birthday": "1968-03-17",
            "deathday": null,
            "gender": "Male",
            "image": {
                "medium": "https://static.tvmaze.com/uploads/images/medium_portrait/4/10812.jpg",
                "original": "https://static.tvmaze.com/uploads/images/original_untouched/4/10812.jpg"
            },
            "updated": 1539089001,
            "_links": {
                "self": {
                    "href": "https://api.tvmaze.com/people/10742"
                }
            }
        },
        "character": {
            "id": 70161,
            "url": "https://www.tvmaze.com/characters/70161/six-feet-under-keith-charles",
            "name": "Keith Charles",
            "image": {
                "medium": "https://static.tvmaze.com/uploads/images/medium_portrait/2/5489.jpg",
                "original": "https://static.tvmaze.com/uploads/images/original_untouched/2/5489.jpg"
            },
            "_links": {
                "self": {
                    "href": "https://api.tvmaze.com/characters/70161"
                }
            }
        },
        "self": false,
        "voice": false
    },
    {
        "person": {
            "id": 5862,
            "url": "https://www.tvmaze.com/people/5862/james-cromwell",
            "name": "James Cromwell",
            "country": {
                "name": "United States",
                "code": "US",
                "timezone": "America/New_York"
            },
            "birthday": "1940-01-27",
            "deathday": null,
            "gender": "Male",
            "image": {
                "medium": "https://static.tvmaze.com/uploads/images/medium_portrait/154/387248.jpg",
                "original": "https://static.tvmaze.com/uploads/images/original_untouched/154/387248.jpg"
            },
            "updated": 1685983364,
            "_links": {
                "self": {
                    "href": "https://api.tvmaze.com/people/5862"
                }
            }
        },
        "character": {
            "id": 70162,
            "url": "https://www.tvmaze.com/characters/70162/six-feet-under-george-sibley",
            "name": "George Sibley",
            "image": {
                "medium": "https://static.tvmaze.com/uploads/images/medium_portrait/142/355755.jpg",
                "original": "https://static.tvmaze.com/uploads/images/original_untouched/142/355755.jpg"
            },
            "_links": {
                "self": {
                    "href": "https://api.tvmaze.com/characters/70162"
                }
            }
        },
        "self": false,
        "voice": false
    },
    {
        "person": {
            "id": 2228,
            "url": "https://www.tvmaze.com/people/2228/lili-taylor",
            "name": "Lili Taylor",
            "country": {
                "name": "United States",
                "code": "US",
                "timezone": "America/New_York"
            },
            "birthday": "1967-02-20",
            "deathday": null,
            "gender": "Female",
            "image": {
                "medium": "https://static.tvmaze.com/uploads/images/medium_portrait/2/6132.jpg",
                "original": "https://static.tvmaze.com/uploads/images/original_untouched/2/6132.jpg"
            },
            "updated": 1685357940,
            "_links": {
                "self": {
                    "href": "https://api.tvmaze.com/people/2228"
                }
            }
        },
        "character": {
            "id": 70163,
            "url": "https://www.tvmaze.com/characters/70163/six-feet-under-lisa-kimmel-fisher",
            "name": "Lisa Kimmel Fisher",
            "image": {
                "medium": "https://static.tvmaze.com/uploads/images/medium_portrait/2/5485.jpg",
                "original": "https://static.tvmaze.com/uploads/images/original_untouched/2/5485.jpg"
            },
            "_links": {
                "self": {
                    "href": "https://api.tvmaze.com/characters/70163"
                }
            }
        },
        "self": false,
        "voice": false
    },
    {
        "person": {
            "id": 33699,
            "url": "https://www.tvmaze.com/people/33699/justina-machado",
            "name": "Justina Machado",
            "country": {
                "name": "United States",
                "code": "US",
                "timezone": "America/New_York"
            },
            "birthday": "1972-09-06",
            "deathday": null,
            "gender": "Female",
            "image": {
                "medium": "https://static.tvmaze.com/uploads/images/medium_portrait/4/10813.jpg",
                "original": "https://static.tvmaze.com/uploads/images/original_untouched/4/10813.jpg"
            },
            "updated": 1688766521,
            "_links": {
                "self": {
                    "href": "https://api.tvmaze.com/people/33699"
                }
            }
        },
        "character": {
            "id": 70164,
            "url": "https://www.tvmaze.com/characters/70164/six-feet-under-vanessa-diaz",
            "name": "Vanessa Diaz",
            "image": {
                "medium": "https://static.tvmaze.com/uploads/images/medium_portrait/142/355754.jpg",
                "original": "https://static.tvmaze.com/uploads/images/original_untouched/142/355754.jpg"
            },
            "_links": {
                "self": {
                    "href": "https://api.tvmaze.com/characters/70164"
                }
            }
        },
        "self": false,
        "voice": false
    },
    {
        "person": {
            "id": 141196,
            "url": "https://www.tvmaze.com/people/141196/jeremy-sisto",
            "name": "Jeremy Sisto",
            "country": {
                "name": "United States",
                "code": "US",
                "timezone": "America/New_York"
            },
            "birthday": "1974-10-06",
            "deathday": null,
            "gender": "Male",
            "image": {
                "medium": "https://static.tvmaze.com/uploads/images/medium_portrait/171/429920.jpg",
                "original": "https://static.tvmaze.com/uploads/images/original_untouched/171/429920.jpg"
            },
            "updated": 1682136183,
            "_links": {
                "self": {
                    "href": "https://api.tvmaze.com/people/141196"
                }
            }
        },
        "character": {
            "id": 70165,
            "url": "https://www.tvmaze.com/characters/70165/six-feet-under-billy-chenowith",
            "name": "Billy Chenowith",
            "image": {
                "medium": "https://static.tvmaze.com/uploads/images/medium_portrait/142/355756.jpg",
                "original": "https://static.tvmaze.com/uploads/images/original_untouched/142/355756.jpg"
            },
            "_links": {
                "self": {
                    "href": "https://api.tvmaze.com/characters/70165"
                }
            }
        },
        "self": false,
        "voice": false
    }
]