[
    {
        "person": {
            "id": 13235,
            "url": "https://www.tvmaze.com/people/13235/daniel-j-travanti",
            "name": "Daniel J. Travanti",
            "country": {
                "name": "United States",
                "code": "US",
                "timezone": "America/New_York"
            },
            "birthday": "1940-03-07",
            "deathday": null,
            "gender": "Male",
            "image": {
                "medium": "https://static.tvmaze.com/uploads/images/medium_portrait/156/390505.jpg",
                "original": "https://static.tvmaze.com/uploads/images/original_untouched/156/390505.jpg"
            },
            "updated": 1668953663,
            "_links": {
                "self": {
                    "href": "https://api.tvmaze.com/people/13235"
                }
            }
        },
        "character": {
            "id": 205169,
            "url": "https://www.tvmaze.com/characters/205169/hill-street-blues-frank-furillo",
            "name": "Frank Furillo",
            "image": {
                "medium": "https://static.tvmaze.com/uploads/images/medium_portrait/46/115166.jpg",
                "original": "https://static.tvmaze.com/uploads/images/original_untouched/46/115166.jpg"
            },
            "_links": {
                "self": {
                    "href": "https://api.tvmaze.com/characters/205169"
                }
            }
        },
        "self": false,
        "voice": false
    },
    {
        "person": {
            "id": 8279,
            "url": "https://www.tvmaze.com/people/8279/joe-spano",
            "name": "Joe Spano",
            "country": {
                "name": "United States",
                "code": "US",
                "timezone": "America/New_York"
            },
            "birthday": "1946-07-07",
            "deathday": null,
            "gender": "Male",
            "image": {
                "medium": "https://static.tvmaze.com/uploads/images/medium_portrait/1/2967.jpg",
                "original": "https://static.tvmaze.com/uploads/images/original_untouched/1/2967.jpg"
            },
            "updated": 1663262196,
            "_links": {
                "self": {
                    "href": "https://api.tvmaze.com/people/8279"
                }
            }
        },
        "character": {
            "id": 205178,
            "url": "https://www.tvmaze.com/characters/205178/hill-street-blues-henry-goldblume",
            "name": "Henry Goldblume",
            "image": {
                "medium": "https://static.tvmaze.com/uploads/images/medium_portrait/58/146527.jpg",
                "original": "https://static.tvmaze.com/uploads/images/original_untouched/58/146527.jpg"
            },
            "_links": {
                "self": {
                    "href": "https://api.tvmaze.com/characters/205178"
                }
            }
        },
        "self": false,
        "voice": false
    },
    {
        "person": {
            "id": 101841,
            "url": "https://www.tvmaze.com/people/101841/taurean-blacque",
            "name": "Taurean Blacque",
            "country": {
                "name": "United States",
                "code": "US",
                "timezone": "America/New_York"
            },
            "birthday": "1940-05-10",
            "deathday": "2022-07-21",
            "gender": "Male",
            "image": {
                "medium": "https://static.tvmaze.com/uploads/images/medium_portrait/104/260896.jpg",
                "original": "https://static.tvmaze.com/uploads/images/original_untouched/104/260896.jpg"
            },
            "updated": 1658492706,
            "_links": {
                "self": {
                    "href": "https://api.tvmaze.com/people/101841"
                }
            }
        },
        "character": {
            "id": 205182,
            "url": "https://www.tvmaze.com/characters/205182/hill-street-blues-neal-washington",
            "name": "Neal Washington",
            "image": {
                "medium": "https://static.tvmaze.com/uploads/images/medium_portrait/58/146525.jpg",
                "original": "https://static.tvmaze.com/uploads/images/original_untouched/58/146525.jpg"
            },
            "_links": {
                "self": {
                    "href": "https://api.tvmaze.com/characters/205182"
                }
            }
        },
        "self": false,
        "voice": false
    },
    {
        "person": {
            "id": 13274,
            "url": "https://www.tvmaze.com/people/13274/michael-warren",
            "name": "Michael Warren",
            "country": {
                "name": "United States",
                "code": "US",
                "timezone": "America/New_York"
            },
            "birthday": "1946-03-05",
            "deathday": null,
            "gender": "Male",
            "image": {
                "medium": "https://static.tvmaze.com/uploads/images/medium_portrait/84/210197.jpg",
                "original": "https://static.tvmaze.com/uploads/images/original_untouched/84/210197.jpg"
            },
            "updated": 1663761542,
            "_links": {
                "self": {
                    "href": "https://api.tvmaze.com/people/13274"
                }
            }
        },
        "character": {
            "id": 205183,
            "url": "https://www.tvmaze.com/characters/205183/hill-street-blues-bobby-hill",
            "name": "Bobby Hill",
            "image": {
                "medium": "https://static.tvmaze.com/uploads/images/medium_portrait/58/146524.jpg",
                "original": "https://static.tvmaze.com/uploads/images/original_untouched/58/146524.jpg"
            },
            "_links": {
                "self": {
                    "href": "https://api.tvmaze.com/characters/205183"
                }
            }
        },
        "self": false,
        "voice": false
    },
    {
        "person": {
            "id": 1927,
            "url": "https://www.tvmaze.com/people/1927/charles-haid",
            "name": "Charles Haid",
            "country": {
                "name": "United States",
                "code": "US",
                "timezone": "America/New_York"
            },
            "birthday": "1943-06-02",
            "deathday": null,
            "gender": "Male",
            "image": {
                "medium": "https://static.tvmaze.com/uploads/images/medium_portrait/93/232758.jpg",
                "original": "https://static.tvmaze.com/uploads/images/original_untouched/93/232758.jpg"
            },
            "updated": 1685827823,
            "_links": {
                "self": {
                    "href": "https://api.tvmaze.com/people/1927"
                }
            }
        },
        "character": {
            "id": 205185,
            "url": "https://www.tvmaze.com/characters/205185/hill-street-blues-andy-renko",
            "name": "Andy Renko",
            "image": {
                "medium": "https://static.tvmaze.com/uploads/images/medium_portrait/58/146522.jpg",
                "original": "https://static.tvmaze.com/uploads/images/original_untouched/58/146522.jpg"
            },
            "_links": {
                "self": {
                    "href": "https://api.tvmaze.com/characters/205185"
                }
            }
        },
        "self": false,
        "voice": false
    },
    {
        "person": {
            "id": 23564,
            "url": "https://www.tvmaze.com/people/23564/bruce-weitz",
            "name": "Bruce Weitz",
            "country": {
                "name": "United States",
                "code": "US",
                "timezone": "America/New_York"
            },
            "birthday": "1943-05-27",
            "deathday": null,
            "gender": "Male",
            "image": {
                "medium": "https://static.tvmaze.com/uploads/images/medium_portrait/120/301572.jpg",
                "original": "https://static.tvmaze.com/uploads/images/original_untouched/120/301572.jpg"
            },
            "updated": 1669046677,
            "_links": {
                "self": {
                    "href": "https://api.tvmaze.com/people/23564"
                }
            }
        },
        "character": {
            "id": 205176,
            "url": "https://www.tvmaze.com/characters/205176/hill-street-blues-mick-belker",
            "name": "Mick Belker",
            "image": {
                "medium": "https://static.tvmaze.com/uploads/images/medium_portrait/58/146528.jpg",
                "original": "https://static.tvmaze.com/uploads/images/original_untouched/58/146528.jpg"
            },
            "_links": {
                "self": {
                    "href": "https://api.tvmaze.com/characters/205176"
                }
            }
        },
        "self": false,
        "voice": false
    },
    {
        "person": {
            "id": 55437,
            "url": "https://www.tvmaze.com/people/55437/kiel-martin",
            "name": "Kiel Martin",
            "country": {
                "name": "United States",
                "code": "US",
                "timezone": "America/New_York"
            },
            "birthday": "1944-07-26",
            "deathday": "1990-12-28",
            "gender": "Male",
            "image": {
                "medium": "https://static.tvmaze.com/uploads/images/medium_portrait/36/92037.jpg",
                "original": "https://static.tvmaze.com/uploads/images/original_untouched/36/92037.jpg"
            },
            "updated": 1668688359,
            "_links": {
                "self": {
                    "href": "https://api.tvmaze.com/people/55437"
                }
            }
        },
        "character": {
            "id": 205186,
            "url": "https://www.tvmaze.com/characters/205186/hill-street-blues-jd-larue",
            "name": "J.D. LaRue",
            "image": {
                "medium": "https://static.tvmaze.com/uploads/images/medium_portrait/58/146521.jpg",
                "original": "https://static.tvmaze.com/uploads/images/original_untouched/58/146521.jpg"
            },
            "_links": {
                "self": {
                    "href": "https://api.tvmaze.com/characters/205186"
                }
            }
        },
        "self": false,
        "voice": false
    },
    {
        "person": {
            "id": 101921,
            "url": "https://www.tvmaze.com/people/101921/betty-thomas",
            "name": "Betty Thomas",
            "country": {
                "name": "United States",
                "code": "US",
                "timezone": "America/New_York"
            },
            "birthday": "1948-07-27",
            "deathday": null,
            "gender": "Female",
            "image": {
                "medium": "https://static.tvmaze.com/uploads/images/medium_portrait/41/103066.jpg",
                "original": "https://static.tvmaze.com/uploads/images/original_untouched/41/103066.jpg"
            },
            "updated": 1672324047,
            "_links": {
                "self": {
                    "href": "https://api.tvmaze.com/people/101921"
                }
            }
        },
        "character": {
            "id": 205188,
            "url": "https://www.tvmaze.com/characters/205188/hill-street-blues-lucille-bates",
            "name": "Lucille Bates",
            "image": {
                "medium": "https://static.tvmaze.com/uploads/images/medium_portrait/58/146518.jpg",
                "original": "https://static.tvmaze.com/uploads/images/original_untouched/58/146518.jpg"
            },
            "_links": {
                "self": {
                    "href": "https://api.tvmaze.com/characters/205188"
                }
            }
        },
        "self": false,
        "voice": false
    },
    {
        "person": {
            "id": 26437,
            "url": "https://www.tvmaze.com/people/26437/veronica-hamel",
            "name": "Veronica Hamel",
            "country": {
                "name": "United States",
                "code": "US",
                "timezone": "America/New_York"
            },
            "birthday": "1943-11-20",
            "deathday": null,
            "gender": "Female",
            "image": {
                "medium": "https://static.tvmaze.com/uploads/images/medium_portrait/101/253626.jpg",
                "original": "https://static.tvmaze.com/uploads/images/original_untouched/101/253626.jpg"
            },
            "updated": 1650325427,
            "_links": {
                "self": {
                    "href": "https://api.tvmaze.com/people/26437"
                }
            }
        },
        "character": {
            "id": 205172,
            "url": "https://www.tvmaze.com/characters/205172/hill-street-blues-joyce-davenport",
            "name": "Joyce Davenport",
            "image": {
                "medium": "https://static.tvmaze.com/uploads/images/medium_portrait/101/254268.jpg",
                "original": "https://static.tvmaze.com/uploads/images/original_untouched/101/254268.jpg"
            },
            "_links": {
                "self": {
                    "href": "https://api.tvmaze.com/characters/205172"
                }
            }
        },
        "self": false,
        "voice": false
    },
    {
        "person": {
            "id": 52628,
            "url": "https://www.tvmaze.com/people/52628/james-sikking",
            "name": "James Sikking",
            "country": {
                "name": "United States",
                "code": "US",
                "timezone": "America/New_York"
            },
            "birthday": "1934-03-05",
            "deathday": null,
            "gender": "Male",
            "image": {
                "medium": "https://static.tvmaze.com/uploads/images/medium_portrait/44/112088.jpg",
                "original": "https://static.tvmaze.com/uploads/images/original_untouched/44/112088.jpg"
            },
            "updated": 1676596495,
            "_links": {
                "self": {
                    "href": "https://api.tvmaze.com/people/52628"
                }
            }
        },
        "character": {
            "id": 205180,
            "url": "https://www.tvmaze.com/characters/205180/hill-street-blues-howard-hunter",
            "name": "Howard Hunter",
            "image": {
                "medium": "https://static.tvmaze.com/uploads/images/medium_portrait/58/146526.jpg",
                "original": "https://static.tvmaze.com/uploads/images/original_untouched/58/146526.jpg"
            },
            "_links": {
                "self": {
                    "href": "https://api.tvmaze.com/characters/205180"
                }
            }
        },
        "self": false,
        "voice": false
    },
    {
        "person": {
            "id": 91630,
            "url": "https://www.tvmaze.com/people/91630/rene-enriquez",
            "name": "Ren\u00e9 Enr\u00edquez",
            "country": {
                "name": "Nicaragua",
                "code": "NI",
                "timezone": "America/Managua"
            },
            "birthday": "1933-11-24",
            "deathday": "1990-03-23",
            "gender": "Male",
            "image": {
                "medium": "https://static.tvmaze.com/uploads/images/medium_portrait/170/426845.jpg",
                "original": "https://static.tvmaze.com/uploads/images/original_untouched/170/426845.jpg"
            },
            "updated": 1685144152,
            "_links": {
                "self": {
                    "href": "https://api.tvmaze.com/people/91630"
                }
            }
        },
        "character": {
            "id": 205190,
            "url": "https://www.tvmaze.com/characters/205190/hill-street-blues-ray-calletano",
            "name": "Ray Calletano",
            "image": {
                "medium": "https://static.tvmaze.com/uploads/images/medium_portrait/58/146516.jpg",
                "original": "https://static.tvmaze.com/uploads/images/original_untouched/58/146516.jpg"
            },
            "_links": {
                "self": {
                    "href": "https://api.tvmaze.com/characters/205190"
                }
            }
        },
        "self": false,
        "voice": false
    },
    {
        "person": {
            "id": 47519,
            "url": "https://www.tvmaze.com/people/47519/barbara-bosson",
            "name": "Barbara Bosson",
            "country": {
                "name": "United States",
                "code": "US",
                "timezone": "America/New_York"
            },
            "birthday": "1939-11-01",
            "deathday": "2023-02-18",
            "gender": "Female",
            "image": {
                "medium": "https://static.tvmaze.com/uploads/images/medium_portrait/163/408054.jpg",
                "original": "https://static.tvmaze.com/uploads/images/original_untouched/163/408054.jpg"
            },
            "updated": 1685144152,
            "_links": {
                "self": {
                    "href": "https://api.tvmaze.com/people/47519"
                }
            }
        },
        "character": {
            "id": 205189,
            "url": "https://www.tvmaze.com/characters/205189/hill-street-blues-fay-furillo",
            "name": "Fay Furillo",
            "image": {
                "medium": "https://static.tvmaze.com/uploads/images/medium_portrait/101/252887.jpg",
                "original": "https://static.tvmaze.com/uploads/images/original_untouched/101/252887.jpg"
            },
            "_links": {
                "self": {
                    "href": "https://api.tvmaze.com/characters/205189"
                }
            }
        },
        "self": false,
        "voice": false
    },
    {
        "person": {
            "id": 50201,
            "url": "https://www.tvmaze.com/people/50201/ed-marinaro",
            "name": "Ed Marinaro",
            "country": {
                "name": "United States",
                "code": "US",
                "timezone": "America/New_York"
            },
            "birthday": "1950-03-31",
            "deathday": null,
            "gender": "Male",
            "image": {
                "medium": "https://static.tvmaze.com/uploads/images/medium_portrait/7/19740.jpg",
                "original": "https://static.tvmaze.com/uploads/images/original_untouched/7/19740.jpg"
            },
            "updated": 1685144152,
            "_links": {
                "self": {
                    "href": "https://api.tvmaze.com/people/50201"
                }
            }
        },
        "character": {
            "id": 205191,
            "url": "https://www.tvmaze.com/characters/205191/hill-street-blues-joe-coffey",
            "name": "Joe Coffey",
            "image": {
                "medium": "https://static.tvmaze.com/uploads/images/medium_portrait/58/146515.jpg",
                "original": "https://static.tvmaze.com/uploads/images/original_untouched/58/146515.jpg"
            },
            "_links": {
                "self": {
                    "href": "https://api.tvmaze.com/characters/205191"
                }
            }
        },
        "self": false,
        "voice": false
    },
    {
        "person": {
            "id": 58945,
            "url": "https://www.tvmaze.com/people/58945/michael-conrad",
            "name": "Michael Conrad",
            "country": {
                "name": "United States",
                "code": "US",
                "timezone": "America/New_York"
            },
            "birthday": "1925-10-16",
            "deathday": "1983-11-22",
            "gender": "Male",
            "image": {
                "medium": "https://static.tvmaze.com/uploads/images/medium_portrait/78/196714.jpg",
                "original": "https://static.tvmaze.com/uploads/images/original_untouched/78/196714.jpg"
            },
            "updated": 1686818436,
            "_links": {
                "self": {
                    "href": "https://api.tvmaze.com/people/58945"
                }
            }
        },
        "character": {
            "id": 205175,
            "url": "https://www.tvmaze.com/characters/205175/hill-street-blues-phil-esterhaus",
            "name": "Phil Esterhaus",
            "image": {
                "medium": "https://static.tvmaze.com/uploads/images/medium_portrait/78/196715.jpg",
                "original": "https://static.tvmaze.com/uploads/images/original_untouched/78/196715.jpg"
            },
            "_links": {
                "self": {
                    "href": "https://api.tvmaze.com/characters/205175"
                }
            }
        },
        "self": false,
        "voice": false
    },
    {
        "person": {
            "id": 164731,
            "url": "https://www.tvmaze.com/people/164731/robert-hirschfeld",
            "name": "Robert Hirschfeld",
            "country": {
                "name": "United States",
                "code": "US",
                "timezone": "America/New_York"
            },
            "birthday": "1942-06-08",
            "deathday": "2009-12-04",
            "gender": "Male",
            "image": null,
            "updated": 1685145430,
            "_links": {
                "self": {
                    "href": "https://api.tvmaze.com/people/164731"
                }
            }
        },
        "character": {
            "id": 385119,
            "url": "https://www.tvmaze.com/characters/385119/hill-street-blues-leo-schnitz",
            "name": "Leo Schnitz",
            "image": {
                "medium": "https://static.tvmaze.com/uploads/images/medium_portrait/101/253619.jpg",
                "original": "https://static.tvmaze.com/uploads/images/original_untouched/101/253619.jpg"
            },
            "_links": {
                "self": {
                    "href": "https://api.tvmaze.com/characters/385119"
                }
            }
        },
        "self": false,
        "voice": false
    },
    {
        "person": {
            "id": 59864,
            "url": "https://www.tvmaze.com/people/59864/jon-cypher",
            "name": "Jon Cypher",
            "country": {
                "name": "United States",
                "code": "US",
                "timezone": "America/New_York"
            },
            "birthday": "1932-01-13",
            "deathday": null,
            "gender": "Male",
            "image": {
                "medium": "https://static.tvmaze.com/uploads/images/medium_portrait/26/65327.jpg",
                "original": "https://static.tvmaze.com/uploads/images/original_untouched/26/65327.jpg"
            },
            "updated": 1687270192,
            "_links": {
                "self": {
                    "href": "https://api.tvmaze.com/people/59864"
                }
            }
        },
        "character": {
            "id": 373255,
            "url": "https://www.tvmaze.com/characters/373255/hill-street-blues-chief-fletcher-p-daniels",
            "name": "Chief Fletcher P. Daniels",
            "image": {
                "medium": "https://static.tvmaze.com/uploads/images/medium_portrait/101/254279.jpg",
                "original": "https://static.tvmaze.com/uploads/images/original_untouched/101/254279.jpg"
            },
            "_links": {
                "self": {
                    "href": "https://api.tvmaze.com/characters/373255"
                }
            }
        },
        "self": false,
        "voice": false
    },
    {
        "person": {
            "id": 101922,
            "url": "https://www.tvmaze.com/people/101922/robert-prosky",
            "name": "Robert Prosky",
            "country": {
                "name": "United States",
                "code": "US",
                "timezone": "America/New_York"
            },
            "birthday": "1930-12-13",
            "deathday": "2008-12-08",
            "gender": "Male",
            "image": {
                "medium": "https://static.tvmaze.com/uploads/images/medium_portrait/37/93791.jpg",
                "original": "https://static.tvmaze.com/uploads/images/original_untouched/37/93791.jpg"
            },
            "updated": 1669263198,
            "_links": {
                "self": {
                    "href": "https://api.tvmaze.com/people/101922"
                }
            }
        },
        "character": {
            "id": 205192,
            "url": "https://www.tvmaze.com/characters/205192/hill-street-blues-stan-jablonski",
            "name": "Stan Jablonski",
            "image": {
                "medium": "https://static.tvmaze.com/uploads/images/medium_portrait/58/146514.jpg",
                "original": "https://static.tvmaze.com/uploads/images/original_untouched/58/146514.jpg"
            },
            "_links": {
                "self": {
                    "href": "https://api.tvmaze.com/characters/205192"
                }
            }
        },
        "self": false,
        "voice": false
    },
    {
        "person": {
            "id": 49303,
            "url": "https://www.tvmaze.com/people/49303/dennis-franz",
            "name": "Dennis Franz",
            "country": {
                "name": "United States",
                "code": "US",
                "timezone": "America/New_York"
            },
            "birthday": "1944-10-28",
            "deathday": null,
            "gender": "Male",
            "image": {
                "medium": "https://static.tvmaze.com/uploads/images/medium_portrait/5/13544.jpg",
                "original": "https://static.tvmaze.com/uploads/images/original_untouched/5/13544.jpg"
            },
            "updated": 1686880747,
            "_links": {
                "self": {
                    "href": "https://api.tvmaze.com/people/49303"
                }
            }
        },
        "character": {
            "id": 205196,
            "url": "https://www.tvmaze.com/characters/205196/hill-street-blues-norman-buntz",
            "name": "Norman Buntz",
            "image": {
                "medium": "https://static.tvmaze.com/uploads/images/medium_portrait/58/146508.jpg",
                "original": "https://static.tvmaze.com/uploads/images/original_untouched/58/146508.jpg"
            },
            "_links": {
                "self": {
                    "href": "https://api.tvmaze.com/characters/205196"
                }
            }
        },
        "self": false,
        "voice": false
    },
    {
        "person": {
            "id": 25358,
            "url": "https://www.tvmaze.com/people/25358/george-wyner",
            "name": "George Wyner",
            "country": {
                "name": "United States",
                "code": "US",
                "timezone": "America/New_York"
            },
            "birthday": "1945-10-20",
            "deathday": null,
            "gender": "Male",
            "image": {
                "medium": "https://static.tvmaze.com/uploads/images/medium_portrait/152/380165.jpg",
                "original": "https://static.tvmaze.com/uploads/images/original_untouched/152/380165.jpg"
            },
            "updated": 1685144879,
            "_links": {
                "self": {
                    "href": "https://api.tvmaze.com/people/25358"
                }
            }
        },
        "character": {
            "id": 373256,
            "url": "https://www.tvmaze.com/characters/373256/hill-street-blues-asst-da-irwin-bernstein",
            "name": "Asst. D.A. Irwin Bernstein",
            "image": {
                "medium": "https://static.tvmaze.com/uploads/images/medium_portrait/159/399551.jpg",
                "original": "https://static.tvmaze.com/uploads/images/original_untouched/159/399551.jpg"
            },
            "_links": {
                "self": {
                    "href": "https://api.tvmaze.com/characters/373256"
                }
            }
        },
        "self": false,
        "voice": false
    },
    {
        "person": {
            "id": 20924,
            "url": "https://www.tvmaze.com/people/20924/jeffrey-tambor",
            "name": "Jeffrey Tambor",
            "country": {
                "name": "United States",
                "code": "US",
                "timezone": "America/New_York"
            },
            "birthday": "1944-07-08",
            "deathday": null,
            "gender": "Male",
            "image": {
                "medium": "https://static.tvmaze.com/uploads/images/medium_portrait/0/1749.jpg",
                "original": "https://static.tvmaze.com/uploads/images/original_untouched/0/1749.jpg"
            },
            "updated": 1686783367,
            "_links": {
                "self": {
                    "href": "https://api.tvmaze.com/people/20924"
                }
            }
        },
        "character": {
            "id": 385115,
            "url": "https://www.tvmaze.com/characters/385115/hill-street-blues-alan-wachtel",
            "name": "Alan Wachtel",
            "image": {
                "medium": "https://static.tvmaze.com/uploads/images/medium_portrait/225/564373.jpg",
                "original": "https://static.tvmaze.com/uploads/images/original_untouched/225/564373.jpg"
            },
            "_links": {
                "self": {
                    "href": "https://api.tvmaze.com/characters/385115"
                }
            }
        },
        "self": false,
        "voice": false
    },
    {
        "person": {
            "id": 45207,
            "url": "https://www.tvmaze.com/people/45207/arthur-taxier",
            "name": "Arthur Taxier",
            "country": {
                "name": "United Kingdom",
                "code": "GB",
                "timezone": "Europe/London"
            },
            "birthday": "1951-01-19",
            "deathday": null,
            "gender": "Male",
            "image": {
                "medium": "https://static.tvmaze.com/uploads/images/medium_portrait/120/301832.jpg",
                "original": "https://static.tvmaze.com/uploads/images/original_untouched/120/301832.jpg"
            },
            "updated": 1672190782,
            "_links": {
                "self": {
                    "href": "https://api.tvmaze.com/people/45207"
                }
            }
        },
        "character": {
            "id": 502434,
            "url": "https://www.tvmaze.com/characters/502434/hill-street-blues-iad-jim-shipman",
            "name": "I.A.D. Jim Shipman",
            "image": null,
            "_links": {
                "self": {
                    "href": "https://api.tvmaze.com/characters/502434"
                }
            }
        },
        "self": false,
        "voice": false
    },
    {
        "person": {
            "id": 46822,
            "url": "https://www.tvmaze.com/people/46822/barbara-babcock",
            "name": "Barbara Babcock",
            "country": {
                "name": "United States",
                "code": "US",
                "timezone": "America/New_York"
            },
            "birthday": "1937-02-27",
            "deathday": null,
            "gender": "Female",
            "image": {
                "medium": "https://static.tvmaze.com/uploads/images/medium_portrait/136/342319.jpg",
                "original": "https://static.tvmaze.com/uploads/images/original_untouched/136/342319.jpg"
            },
            "updated": 1685885515,
            "_links": {
                "self": {
                    "href": "https://api.tvmaze.com/people/46822"
                }
            }
        },
        "character": {
            "id": 385030,
            "url": "https://www.tvmaze.com/characters/385030/hill-street-blues-grace-gardner",
            "name": "Grace Gardner",
            "image": {
                "medium": "https://static.tvmaze.com/uploads/images/medium_portrait/225/564375.jpg",
                "original": "https://static.tvmaze.com/uploads/images/original_untouched/225/564375.jpg"
            },
            "_links": {
                "self": {
                    "href": "https://api.tvmaze.com/characters/385030"
                }
            }
        },
        "self": false,
        "voice": false
    },
    {
        "person": {
            "id": 17066,
            "url": "https://www.tvmaze.com/people/17066/megan-gallagher",
            "name": "Megan Gallagher",
            "country": {
                "name": "United States",
                "code": "US",
                "timezone": "America/New_York"
            },
            "birthday": "1960-02-06",
            "deathday": null,
            "gender": "Female",
            "image": {
                "medium": "https://static.tvmaze.com/uploads/images/medium_portrait/189/474394.jpg",
                "original": "https://static.tvmaze.com/uploads/images/original_untouched/189/474394.jpg"
            },
            "updated": 1648981113,
            "_links": {
                "self": {
                    "href": "https://api.tvmaze.com/people/17066"
                }
            }
        },
        "character": {
            "id": 205193,
            "url": "https://www.tvmaze.com/characters/205193/hill-street-blues-tina-russo",
            "name": "Tina Russo",
            "image": {
                "medium": "https://static.tvmaze.com/uploads/images/medium_portrait/58/146513.jpg",
                "original": "https://static.tvmaze.com/uploads/images/original_untouched/58/146513.jpg"
            },
            "_links": {
                "self": {
                    "href": "https://api.tvmaze.com/characters/205193"
                }
            }
        },
        "self": false,
        "voice": false
    },
    {
        "person": {
            "id": 6546,
            "url": "https://www.tvmaze.com/people/6546/ken-olin",
            "name": "Ken Olin",
            "country": {
                "name": "United States",
                "code": "US",
                "timezone": "America/New_York"
            },
            "birthday": "1954-07-30",
            "deathday": null,
            "gender": "Male",
            "image": {
                "medium": "https://static.tvmaze.com/uploads/images/medium_portrait/20/50487.jpg",
                "original": "https://static.tvmaze.com/uploads/images/original_untouched/20/50487.jpg"
            },
            "updated": 1675625797,
            "_links": {
                "self": {
                    "href": "https://api.tvmaze.com/people/6546"
                }
            }
        },
        "character": {
            "id": 205194,
            "url": "https://www.tvmaze.com/characters/205194/hill-street-blues-harry-garibaldi",
            "name": "Harry Garibaldi",
            "image": {
                "medium": "https://static.tvmaze.com/uploads/images/medium_portrait/101/253595.jpg",
                "original": "https://static.tvmaze.com/uploads/images/original_untouched/101/253595.jpg"
            },
            "_links": {
                "self": {
                    "href": "https://api.tvmaze.com/characters/205194"
                }
            }
        },
        "self": false,
        "voice": false
    },
    {
        "person": {
            "id": 159609,
            "url": "https://www.tvmaze.com/people/159609/lisa-sutton",
            "name": "Lisa Sutton",
            "country": {
                "name": "United States",
                "code": "US",
                "timezone": "America/New_York"
            },
            "birthday": null,
            "deathday": null,
            "gender": "Female",
            "image": null,
            "updated": 1685145158,
            "_links": {
                "self": {
                    "href": "https://api.tvmaze.com/people/159609"
                }
            }
        },
        "character": {
            "id": 390900,
            "url": "https://www.tvmaze.com/characters/390900/hill-street-blues-officer-robin-tataglia",
            "name": "Officer Robin Tataglia",
            "image": null,
            "_links": {
                "self": {
                    "href": "https://api.tvmaze.com/characters/390900"
                }
            }
        },
        "self": false,
        "voice": false
    },
    {
        "person": {
            "id": 46510,
            "url": "https://www.tvmaze.com/people/46510/peter-jurasik",
            "name": "Peter Jurasik",
            "country": {
                "name": "United States",
                "code": "US",
                "timezone": "America/New_York"
            },
            "birthday": "1950-04-25",
            "deathday": null,
            "gender": "Male",
            "image": {
                "medium": "https://static.tvmaze.com/uploads/images/medium_portrait/3/9667.jpg",
                "original": "https://static.tvmaze.com/uploads/images/original_untouched/3/9667.jpg"
            },
            "updated": 1685144903,
            "_links": {
                "self": {
                    "href": "https://api.tvmaze.com/people/46510"
                }
            }
        },
        "character": {
            "id": 540030,
            "url": "https://www.tvmaze.com/characters/540030/hill-street-blues-sidney-the-snitch-thurston",
            "name": "Sidney \"The Snitch\" Thurston",
            "image": {
                "medium": "https://static.tvmaze.com/uploads/images/medium_portrait/225/564374.jpg",
                "original": "https://static.tvmaze.com/uploads/images/original_untouched/225/564374.jpg"
            },
            "_links": {
                "self": {
                    "href": "https://api.tvmaze.com/characters/540030"
                }
            }
        },
        "self": false,
        "voice": false
    },
    {
        "person": {
            "id": 15616,
            "url": "https://www.tvmaze.com/people/15616/robert-clohessy",
            "name": "Robert Clohessy",
            "country": {
                "name": "United States",
                "code": "US",
                "timezone": "America/New_York"
            },
            "birthday": "1957-06-10",
            "deathday": null,
            "gender": "Male",
            "image": {
                "medium": "https://static.tvmaze.com/uploads/images/medium_portrait/1/2756.jpg",
                "original": "https://static.tvmaze.com/uploads/images/original_untouched/1/2756.jpg"
            },
            "updated": 1685832480,
            "_links": {
                "self": {
                    "href": "https://api.tvmaze.com/people/15616"
                }
            }
        },
        "character": {
            "id": 205197,
            "url": "https://www.tvmaze.com/characters/205197/hill-street-blues-patrick-flaherty",
            "name": "Patrick Flaherty",
            "image": {
                "medium": "https://static.tvmaze.com/uploads/images/medium_portrait/58/146509.jpg",
                "original": "https://static.tvmaze.com/uploads/images/original_untouched/58/146509.jpg"
            },
            "_links": {
                "self": {
                    "href": "https://api.tvmaze.com/characters/205197"
                }
            }
        },
        "self": false,
        "voice": false
    },
    {
        "person": {
            "id": 8864,
            "url": "https://www.tvmaze.com/people/8864/mimi-kuzyk",
            "name": "Mimi Kuzyk",
            "country": {
                "name": "Canada",
                "code": "CA",
                "timezone": "America/Halifax"
            },
            "birthday": "1952-02-21",
            "deathday": null,
            "gender": "Female",
            "image": {
                "medium": "https://static.tvmaze.com/uploads/images/medium_portrait/15/37696.jpg",
                "original": "https://static.tvmaze.com/uploads/images/original_untouched/15/37696.jpg"
            },
            "updated": 1672966613,
            "_links": {
                "self": {
                    "href": "https://api.tvmaze.com/people/8864"
                }
            }
        },
        "character": {
            "id": 205195,
            "url": "https://www.tvmaze.com/characters/205195/hill-street-blues-patsy-mayo",
            "name": "Patsy Mayo",
            "image": {
                "medium": "https://static.tvmaze.com/uploads/images/medium_portrait/58/146510.jpg",
                "original": "https://static.tvmaze.com/uploads/images/original_untouched/58/146510.jpg"
            },
            "_links": {
                "self": {
                    "href": "https://api.tvmaze.com/characters/205195"
                }
            }
        },
        "self": false,
        "voice": false
    },
    {
        "person": {
            "id": 106155,
            "url": "https://www.tvmaze.com/people/106155/deborah-richter",
            "name": "Deborah Richter",
            "country": {
                "name": "United States",
                "code": "US",
                "timezone": "America/New_York"
            },
            "birthday": "1964-09-07",
            "deathday": null,
            "gender": "Female",
            "image": {
                "medium": "https://static.tvmaze.com/uploads/images/medium_portrait/108/270388.jpg",
                "original": "https://static.tvmaze.com/uploads/images/original_untouched/108/270388.jpg"
            },
            "updated": 1655014778,
            "_links": {
                "self": {
                    "href": "https://api.tvmaze.com/people/106155"
                }
            }
        },
        "character": {
            "id": 391674,
            "url": "https://www.tvmaze.com/characters/391674/hill-street-blues-daryl-ann",
            "name": "Daryl Ann",
            "image": null,
            "_links": {
                "self": {
                    "href": "https://api.tvmaze.com/characters/391674"
                }
            }
        },
        "self": false,
        "voice": false
    }
]