[
    {
        "person": {
            "id": 42348,
            "url": "https://www.tvmaze.com/people/42348/carrie-brownstein",
            "name": "Carrie Brownstein",
            "country": {
                "name": "United States",
                "code": "US",
                "timezone": "America/New_York"
            },
            "birthday": "1974-09-27",
            "deathday": null,
            "gender": "Female",
            "image": {
                "medium": "https://static.tvmaze.com/uploads/images/medium_portrait/30/75911.jpg",
                "original": "https://static.tvmaze.com/uploads/images/original_untouched/30/75911.jpg"
            },
            "updated": 1682219848,
            "_links": {
                "self": {
                    "href": "https://api.tvmaze.com/people/42348"
                }
            }
        },
        "character": {
            "id": 203842,
            "url": "https://www.tvmaze.com/characters/203842/portlandia-carrie",
            "name": "Carrie",
            "image": {
                "medium": "https://static.tvmaze.com/uploads/images/medium_portrait/109/274147.jpg",
                "original": "https://static.tvmaze.com/uploads/images/original_untouched/109/274147.jpg"
            },
            "_links": {
                "self": {
                    "href": "https://api.tvmaze.com/characters/203842"
                }
            }
        },
        "self": false,
        "voice": false
    },
    {
        "person": {
            "id": 6942,
            "url": "https://www.tvmaze.com/people/6942/fred-armisen",
            "name": "Fred Armisen",
            "country": {
                "name": "United States",
                "code": "US",
                "timezone": "America/New_York"
            },
            "birthday": "1966-12-04",
            "deathday": null,
            "gender": "Male",
            "image": {
                "medium": "https://static.tvmaze.com/uploads/images/medium_portrait/16/40133.jpg",
                "original": "https://static.tvmaze.com/uploads/images/original_untouched/16/40133.jpg"
            },
            "updated": 1688263339,
            "_links": {
                "self": {
                    "href": "https://api.tvmaze.com/people/6942"
                }
            }
        },
        "character": {
            "id": 203843,
            "url": "https://www.tvmaze.com/characters/203843/portlandia-fred",
            "name": "Fred",
            "image": {
                "medium": "https://static.tvmaze.com/uploads/images/medium_portrait/109/274146.jpg",
                "original": "https://static.tvmaze.com/uploads/images/original_untouched/109/274146.jpg"
            },
            "_links": {
                "self": {
                    "href": "https://api.tvmaze.com/characters/203843"
                }
            }
        },
        "self": false,
        "voice": false
    }
]