[
    {
        "person": {
            "id": 19396,
            "url": "https://www.tvmaze.com/people/19396/rainn-wilson",
            "name": "Rainn Wilson",
            "country": {
                "name": "United States",
                "code": "US",
                "timezone": "America/New_York"
            },
            "birthday": "1966-01-20",
            "deathday": null,
            "gender": "Male",
            "image": {
                "medium": "https://static.tvmaze.com/uploads/images/medium_portrait/5/12811.jpg",
                "original": "https://static.tvmaze.com/uploads/images/original_untouched/5/12811.jpg"
            },
            "updated": 1683881103,
            "_links": {
                "self": {
                    "href": "https://api.tvmaze.com/people/19396"
                }
            }
        },
        "character": {
            "id": 85556,
            "url": "https://www.tvmaze.com/characters/85556/the-office-dwight-kurt-schrute",
            "name": "Dwight Kurt Schrute",
            "image": {
                "medium": "https://static.tvmaze.com/uploads/images/medium_portrait/4/11326.jpg",
                "original": "https://static.tvmaze.com/uploads/images/original_untouched/4/11326.jpg"
            },
            "_links": {
                "self": {
                    "href": "https://api.tvmaze.com/characters/85556"
                }
            }
        },
        "self": false,
        "voice": false
    },
    {
        "person": {
            "id": 22173,
            "url": "https://www.tvmaze.com/people/22173/john-krasinski",
            "name": "John Krasinski",
            "country": {
                "name": "United States",
                "code": "US",
                "timezone": "America/New_York"
            },
            "birthday": "1979-10-20",
            "deathday": null,
            "gender": "Male",
            "image": {
                "medium": "https://static.tvmaze.com/uploads/images/medium_portrait/244/612236.jpg",
                "original": "https://static.tvmaze.com/uploads/images/original_untouched/244/612236.jpg"
            },
            "updated": 1688702791,
            "_links": {
                "self": {
                    "href": "https://api.tvmaze.com/people/22173"
                }
            }
        },
        "character": {
            "id": 85557,
            "url": "https://www.tvmaze.com/characters/85557/the-office-jim-halpert",
            "name": "Jim Halpert",
            "image": {
                "medium": "https://static.tvmaze.com/uploads/images/medium_portrait/4/11324.jpg",
                "original": "https://static.tvmaze.com/uploads/images/original_untouched/4/11324.jpg"
            },
            "_links": {
                "self": {
                    "href": "https://api.tvmaze.com/characters/85557"
                }
            }
        },
        "self": false,
        "voice": false
    },
    {
        "person": {
            "id": 48970,
            "url": "https://www.tvmaze.com/people/48970/leslie-david-baker",
            "name": "Leslie David Baker",
            "country": {
                "name": "United States",
                "code": "US",
                "timezone": "America/New_York"
            },
            "birthday": "1958-02-19",
            "deathday": null,
            "gender": "Male",
            "image": {
                "medium": "https://static.tvmaze.com/uploads/images/medium_portrait/463/1158860.jpg",
                "original": "https://static.tvmaze.com/uploads/images/original_untouched/463/1158860.jpg"
            },
            "updated": 1685783216,
            "_links": {
                "self": {
                    "href": "https://api.tvmaze.com/people/48970"
                }
            }
        },
        "character": {
            "id": 85560,
            "url": "https://www.tvmaze.com/characters/85560/the-office-stanley-hudson",
            "name": "Stanley Hudson",
            "image": {
                "medium": "https://static.tvmaze.com/uploads/images/medium_portrait/4/11340.jpg",
                "original": "https://static.tvmaze.com/uploads/images/original_untouched/4/11340.jpg"
            },
            "_links": {
                "self": {
                    "href": "https://api.tvmaze.com/characters/85560"
                }
            }
        },
        "self": false,
        "voice": false
    },
    {
        "person": {
            "id": 39581,
            "url": "https://www.tvmaze.com/people/39581/phyllis-smith",
            "name": "Phyllis Smith",
            "country": {
                "name": "United States",
                "code": "US",
                "timezone": "America/New_York"
            },
            "birthday": "1951-07-10",
            "deathday": null,
            "gender": "Female",
            "image": {
                "medium": "https://static.tvmaze.com/uploads/images/medium_portrait/74/186620.jpg",
                "original": "https://static.tvmaze.com/uploads/images/original_untouched/74/186620.jpg"
            },
            "updated": 1516757567,
            "_links": {
                "self": {
                    "href": "https://api.tvmaze.com/people/39581"
                }
            }
        },
        "character": {
            "id": 85565,
            "url": "https://www.tvmaze.com/characters/85565/the-office-phyllis-lapin-vance",
            "name": "Phyllis Lapin-Vance",
            "image": {
                "medium": "https://static.tvmaze.com/uploads/images/medium_portrait/4/11335.jpg",
                "original": "https://static.tvmaze.com/uploads/images/original_untouched/4/11335.jpg"
            },
            "_links": {
                "self": {
                    "href": "https://api.tvmaze.com/characters/85565"
                }
            }
        },
        "self": false,
        "voice": false
    },
    {
        "person": {
            "id": 48969,
            "url": "https://www.tvmaze.com/people/48969/jenna-fischer",
            "name": "Jenna Fischer",
            "country": {
                "name": "United States",
                "code": "US",
                "timezone": "America/New_York"
            },
            "birthday": "1974-03-07",
            "deathday": null,
            "gender": "Female",
            "image": {
                "medium": "https://static.tvmaze.com/uploads/images/medium_portrait/5/13757.jpg",
                "original": "https://static.tvmaze.com/uploads/images/original_untouched/5/13757.jpg"
            },
            "updated": 1678838519,
            "_links": {
                "self": {
                    "href": "https://api.tvmaze.com/people/48969"
                }
            }
        },
        "character": {
            "id": 85558,
            "url": "https://www.tvmaze.com/characters/85558/the-office-pam-beesly",
            "name": "Pam Beesly",
            "image": {
                "medium": "https://static.tvmaze.com/uploads/images/medium_portrait/4/11325.jpg",
                "original": "https://static.tvmaze.com/uploads/images/original_untouched/4/11325.jpg"
            },
            "_links": {
                "self": {
                    "href": "https://api.tvmaze.com/characters/85558"
                }
            }
        },
        "self": false,
        "voice": false
    },
    {
        "person": {
            "id": 15037,
            "url": "https://www.tvmaze.com/people/15037/brian-baumgartner",
            "name": "Brian Baumgartner",
            "country": {
                "name": "United States",
                "code": "US",
                "timezone": "America/New_York"
            },
            "birthday": "1972-11-29",
            "deathday": null,
            "gender": "Male",
            "image": {
                "medium": "https://static.tvmaze.com/uploads/images/medium_portrait/5/13760.jpg",
                "original": "https://static.tvmaze.com/uploads/images/original_untouched/5/13760.jpg"
            },
            "updated": 1663084956,
            "_links": {
                "self": {
                    "href": "https://api.tvmaze.com/people/15037"
                }
            }
        },
        "character": {
            "id": 85561,
            "url": "https://www.tvmaze.com/characters/85561/the-office-kevin-malone",
            "name": "Kevin Malone",
            "image": {
                "medium": "https://static.tvmaze.com/uploads/images/medium_portrait/4/11339.jpg",
                "original": "https://static.tvmaze.com/uploads/images/original_untouched/4/11339.jpg"
            },
            "_links": {
                "self": {
                    "href": "https://api.tvmaze.com/characters/85561"
                }
            }
        },
        "self": false,
        "voice": false
    },
    {
        "person": {
            "id": 8155,
            "url": "https://www.tvmaze.com/people/8155/angela-kinsey",
            "name": "Angela Kinsey",
            "country": {
                "name": "United States",
                "code": "US",
                "timezone": "America/New_York"
            },
            "birthday": "1971-06-25",
            "deathday": null,
            "gender": "Female",
            "image": {
                "medium": "https://static.tvmaze.com/uploads/images/medium_portrait/5/13762.jpg",
                "original": "https://static.tvmaze.com/uploads/images/original_untouched/5/13762.jpg"
            },
            "updated": 1657401912,
            "_links": {
                "self": {
                    "href": "https://api.tvmaze.com/people/8155"
                }
            }
        },
        "character": {
            "id": 85563,
            "url": "https://www.tvmaze.com/characters/85563/the-office-angela-martin",
            "name": "Angela Martin",
            "image": {
                "medium": "https://static.tvmaze.com/uploads/images/medium_portrait/4/11336.jpg",
                "original": "https://static.tvmaze.com/uploads/images/original_untouched/4/11336.jpg"
            },
            "_links": {
                "self": {
                    "href": "https://api.tvmaze.com/characters/85563"
                }
            }
        },
        "self": false,
        "voice": false
    },
    {
        "person": {
            "id": 8239,
            "url": "https://www.tvmaze.com/people/8239/oscar-nunez",
            "name": "Oscar Nu\u00f1ez",
            "country": {
                "name": "Cuba",
                "code": "CU",
                "timezone": "America/Havana"
            },
            "birthday": "1958-11-18",
            "deathday": null,
            "gender": "Male",
            "image": {
                "medium": "https://static.tvmaze.com/uploads/images/medium_portrait/145/364483.jpg",
                "original": "https://static.tvmaze.com/uploads/images/original_untouched/145/364483.jpg"
            },
            "updated": 1687332901,
            "_links": {
                "self": {
                    "href": "https://api.tvmaze.com/people/8239"
                }
            }
        },
        "character": {
            "id": 85564,
            "url": "https://www.tvmaze.com/characters/85564/the-office-oscar-martinez",
            "name": "Oscar Martinez",
            "image": {
                "medium": "https://static.tvmaze.com/uploads/images/medium_portrait/4/11338.jpg",
                "original": "https://static.tvmaze.com/uploads/images/original_untouched/4/11338.jpg"
            },
            "_links": {
                "self": {
                    "href": "https://api.tvmaze.com/characters/85564"
                }
            }
        },
        "self": false,
        "voice": false
    },
    {
        "person": {
            "id": 48971,
            "url": "https://www.tvmaze.com/people/48971/kate-flannery",
            "name": "Kate Flannery",
            "country": {
                "name": "United States",
                "code": "US",
                "timezone": "America/New_York"
            },
            "birthday": "1964-06-10",
            "deathday": null,
            "gender": "Female",
            "image": {
                "medium": "https://static.tvmaze.com/uploads/images/medium_portrait/5/13761.jpg",
                "original": "https://static.tvmaze.com/uploads/images/original_untouched/5/13761.jpg"
            },
            "updated": 1688081442,
            "_links": {
                "self": {
                    "href": "https://api.tvmaze.com/people/48971"
                }
            }
        },
        "character": {
            "id": 85562,
            "url": "https://www.tvmaze.com/characters/85562/the-office-meredith-palmer",
            "name": "Meredith Palmer",
            "image": {
                "medium": "https://static.tvmaze.com/uploads/images/medium_portrait/4/11333.jpg",
                "original": "https://static.tvmaze.com/uploads/images/original_untouched/4/11333.jpg"
            },
            "_links": {
                "self": {
                    "href": "https://api.tvmaze.com/characters/85562"
                }
            }
        },
        "self": false,
        "voice": false
    },
    {
        "person": {
            "id": 48972,
            "url": "https://www.tvmaze.com/people/48972/creed-bratton",
            "name": "Creed Bratton",
            "country": {
                "name": "United States",
                "code": "US",
                "timezone": "America/New_York"
            },
            "birthday": "1943-02-08",
            "deathday": null,
            "gender": "Male",
            "image": {
                "medium": "https://static.tvmaze.com/uploads/images/medium_portrait/5/13768.jpg",
                "original": "https://static.tvmaze.com/uploads/images/original_untouched/5/13768.jpg"
            },
            "updated": 1644785929,
            "_links": {
                "self": {
                    "href": "https://api.tvmaze.com/people/48972"
                }
            }
        },
        "character": {
            "id": 85570,
            "url": "https://www.tvmaze.com/characters/85570/the-office-creed-bratton",
            "name": "Creed Bratton",
            "image": {
                "medium": "https://static.tvmaze.com/uploads/images/medium_portrait/4/11331.jpg",
                "original": "https://static.tvmaze.com/uploads/images/original_untouched/4/11331.jpg"
            },
            "_links": {
                "self": {
                    "href": "https://api.tvmaze.com/characters/85570"
                }
            }
        },
        "self": false,
        "voice": false
    },
    {
        "person": {
            "id": 11094,
            "url": "https://www.tvmaze.com/people/11094/ed-helms",
            "name": "Ed Helms",
            "country": {
                "name": "United States",
                "code": "US",
                "timezone": "America/New_York"
            },
            "birthday": "1974-01-24",
            "deathday": null,
            "gender": "Male",
            "image": {
                "medium": "https://static.tvmaze.com/uploads/images/medium_portrait/5/13767.jpg",
                "original": "https://static.tvmaze.com/uploads/images/original_untouched/5/13767.jpg"
            },
            "updated": 1685367915,
            "_links": {
                "self": {
                    "href": "https://api.tvmaze.com/people/11094"
                }
            }
        },
        "character": {
            "id": 85569,
            "url": "https://www.tvmaze.com/characters/85569/the-office-andy-bernard",
            "name": "Andy Bernard",
            "image": {
                "medium": "https://static.tvmaze.com/uploads/images/medium_portrait/4/11334.jpg",
                "original": "https://static.tvmaze.com/uploads/images/original_untouched/4/11334.jpg"
            },
            "_links": {
                "self": {
                    "href": "https://api.tvmaze.com/characters/85569"
                }
            }
        },
        "self": false,
        "voice": false
    },
    {
        "person": {
            "id": 11086,
            "url": "https://www.tvmaze.com/people/11086/mindy-kaling",
            "name": "Mindy Kaling",
            "country": {
                "name": "United States",
                "code": "US",
                "timezone": "America/New_York"
            },
            "birthday": "1979-06-24",
            "deathday": null,
            "gender": "Female",
            "image": {
                "medium": "https://static.tvmaze.com/uploads/images/medium_portrait/0/1090.jpg",
                "original": "https://static.tvmaze.com/uploads/images/original_untouched/0/1090.jpg"
            },
            "updated": 1686263196,
            "_links": {
                "self": {
                    "href": "https://api.tvmaze.com/people/11086"
                }
            }
        },
        "character": {
            "id": 85567,
            "url": "https://www.tvmaze.com/characters/85567/the-office-kelly-kapoor",
            "name": "Kelly Kapoor",
            "image": {
                "medium": "https://static.tvmaze.com/uploads/images/medium_portrait/4/11332.jpg",
                "original": "https://static.tvmaze.com/uploads/images/original_untouched/4/11332.jpg"
            },
            "_links": {
                "self": {
                    "href": "https://api.tvmaze.com/characters/85567"
                }
            }
        },
        "self": false,
        "voice": false
    },
    {
        "person": {
            "id": 11091,
            "url": "https://www.tvmaze.com/people/11091/bj-novak",
            "name": "B.J. Novak",
            "country": {
                "name": "United States",
                "code": "US",
                "timezone": "America/New_York"
            },
            "birthday": "1979-07-31",
            "deathday": null,
            "gender": "Male",
            "image": {
                "medium": "https://static.tvmaze.com/uploads/images/medium_portrait/5/13758.jpg",
                "original": "https://static.tvmaze.com/uploads/images/original_untouched/5/13758.jpg"
            },
            "updated": 1679753032,
            "_links": {
                "self": {
                    "href": "https://api.tvmaze.com/people/11091"
                }
            }
        },
        "character": {
            "id": 85559,
            "url": "https://www.tvmaze.com/characters/85559/the-office-ryan-howard",
            "name": "Ryan Howard",
            "image": {
                "medium": "https://static.tvmaze.com/uploads/images/medium_portrait/4/11337.jpg",
                "original": "https://static.tvmaze.com/uploads/images/original_untouched/4/11337.jpg"
            },
            "_links": {
                "self": {
                    "href": "https://api.tvmaze.com/characters/85559"
                }
            }
        },
        "self": false,
        "voice": false
    },
    {
        "person": {
            "id": 48968,
            "url": "https://www.tvmaze.com/people/48968/steve-carell",
            "name": "Steve Carell",
            "country": {
                "name": "United States",
                "code": "US",
                "timezone": "America/New_York"
            },
            "birthday": "1962-08-16",
            "deathday": null,
            "gender": "Male",
            "image": {
                "medium": "https://static.tvmaze.com/uploads/images/medium_portrait/61/153165.jpg",
                "original": "https://static.tvmaze.com/uploads/images/original_untouched/61/153165.jpg"
            },
            "updated": 1683765373,
            "_links": {
                "self": {
                    "href": "https://api.tvmaze.com/people/48968"
                }
            }
        },
        "character": {
            "id": 85555,
            "url": "https://www.tvmaze.com/characters/85555/the-office-michael-scott",
            "name": "Michael Scott",
            "image": {
                "medium": "https://static.tvmaze.com/uploads/images/medium_portrait/4/11323.jpg",
                "original": "https://static.tvmaze.com/uploads/images/original_untouched/4/11323.jpg"
            },
            "_links": {
                "self": {
                    "href": "https://api.tvmaze.com/characters/85555"
                }
            }
        },
        "self": false,
        "voice": false
    },
    {
        "person": {
            "id": 25016,
            "url": "https://www.tvmaze.com/people/25016/paul-lieberstein",
            "name": "Paul Lieberstein",
            "country": {
                "name": "United States",
                "code": "US",
                "timezone": "America/New_York"
            },
            "birthday": "1967-02-22",
            "deathday": null,
            "gender": "Male",
            "image": {
                "medium": "https://static.tvmaze.com/uploads/images/medium_portrait/5/13766.jpg",
                "original": "https://static.tvmaze.com/uploads/images/original_untouched/5/13766.jpg"
            },
            "updated": 1683204835,
            "_links": {
                "self": {
                    "href": "https://api.tvmaze.com/people/25016"
                }
            }
        },
        "character": {
            "id": 85568,
            "url": "https://www.tvmaze.com/characters/85568/the-office-toby-flenderson",
            "name": "Toby Flenderson",
            "image": {
                "medium": "https://static.tvmaze.com/uploads/images/medium_portrait/4/11329.jpg",
                "original": "https://static.tvmaze.com/uploads/images/original_untouched/4/11329.jpg"
            },
            "_links": {
                "self": {
                    "href": "https://api.tvmaze.com/characters/85568"
                }
            }
        },
        "self": false,
        "voice": false
    },
    {
        "person": {
            "id": 7025,
            "url": "https://www.tvmaze.com/people/7025/craig-robinson",
            "name": "Craig Robinson",
            "country": {
                "name": "United States",
                "code": "US",
                "timezone": "America/New_York"
            },
            "birthday": "1971-10-25",
            "deathday": null,
            "gender": "Male",
            "image": {
                "medium": "https://static.tvmaze.com/uploads/images/medium_portrait/5/13769.jpg",
                "original": "https://static.tvmaze.com/uploads/images/original_untouched/5/13769.jpg"
            },
            "updated": 1681853227,
            "_links": {
                "self": {
                    "href": "https://api.tvmaze.com/people/7025"
                }
            }
        },
        "character": {
            "id": 85571,
            "url": "https://www.tvmaze.com/characters/85571/the-office-darryl-philbin",
            "name": "Darryl Philbin",
            "image": {
                "medium": "https://static.tvmaze.com/uploads/images/medium_portrait/4/11327.jpg",
                "original": "https://static.tvmaze.com/uploads/images/original_untouched/4/11327.jpg"
            },
            "_links": {
                "self": {
                    "href": "https://api.tvmaze.com/characters/85571"
                }
            }
        },
        "self": false,
        "voice": false
    },
    {
        "person": {
            "id": 11109,
            "url": "https://www.tvmaze.com/people/11109/ellie-kemper",
            "name": "Ellie Kemper",
            "country": {
                "name": "United States",
                "code": "US",
                "timezone": "America/New_York"
            },
            "birthday": "1980-05-02",
            "deathday": null,
            "gender": "Female",
            "image": {
                "medium": "https://static.tvmaze.com/uploads/images/medium_portrait/450/1127461.jpg",
                "original": "https://static.tvmaze.com/uploads/images/original_untouched/450/1127461.jpg"
            },
            "updated": 1686603948,
            "_links": {
                "self": {
                    "href": "https://api.tvmaze.com/people/11109"
                }
            }
        },
        "character": {
            "id": 138812,
            "url": "https://www.tvmaze.com/characters/138812/the-office-erin-hannon",
            "name": "Erin Hannon",
            "image": {
                "medium": "https://static.tvmaze.com/uploads/images/medium_portrait/64/161891.jpg",
                "original": "https://static.tvmaze.com/uploads/images/original_untouched/64/161891.jpg"
            },
            "_links": {
                "self": {
                    "href": "https://api.tvmaze.com/characters/138812"
                }
            }
        },
        "self": false,
        "voice": false
    },
    {
        "person": {
            "id": 20942,
            "url": "https://www.tvmaze.com/people/20942/zach-woods",
            "name": "Zach Woods",
            "country": {
                "name": "United States",
                "code": "US",
                "timezone": "America/New_York"
            },
            "birthday": "1984-09-25",
            "deathday": null,
            "gender": "Male",
            "image": {
                "medium": "https://static.tvmaze.com/uploads/images/medium_portrait/3/8325.jpg",
                "original": "https://static.tvmaze.com/uploads/images/original_untouched/3/8325.jpg"
            },
            "updated": 1684168526,
            "_links": {
                "self": {
                    "href": "https://api.tvmaze.com/people/20942"
                }
            }
        },
        "character": {
            "id": 144094,
            "url": "https://www.tvmaze.com/characters/144094/the-office-gabe-lewis",
            "name": "Gabe Lewis",
            "image": {
                "medium": "https://static.tvmaze.com/uploads/images/medium_portrait/220/550712.jpg",
                "original": "https://static.tvmaze.com/uploads/images/original_untouched/220/550712.jpg"
            },
            "_links": {
                "self": {
                    "href": "https://api.tvmaze.com/characters/144094"
                }
            }
        },
        "self": false,
        "voice": false
    },
    {
        "person": {
            "id": 17192,
            "url": "https://www.tvmaze.com/people/17192/melora-hardin",
            "name": "Melora Hardin",
            "country": {
                "name": "United States",
                "code": "US",
                "timezone": "America/New_York"
            },
            "birthday": "1967-06-29",
            "deathday": null,
            "gender": "Female",
            "image": {
                "medium": "https://static.tvmaze.com/uploads/images/medium_portrait/0/1748.jpg",
                "original": "https://static.tvmaze.com/uploads/images/original_untouched/0/1748.jpg"
            },
            "updated": 1673660879,
            "_links": {
                "self": {
                    "href": "https://api.tvmaze.com/people/17192"
                }
            }
        },
        "character": {
            "id": 85566,
            "url": "https://www.tvmaze.com/characters/85566/the-office-jan-levinson",
            "name": "Jan Levinson",
            "image": {
                "medium": "https://static.tvmaze.com/uploads/images/medium_portrait/4/11330.jpg",
                "original": "https://static.tvmaze.com/uploads/images/original_untouched/4/11330.jpg"
            },
            "_links": {
                "self": {
                    "href": "https://api.tvmaze.com/characters/85566"
                }
            }
        },
        "self": false,
        "voice": false
    },
    {
        "person": {
            "id": 34552,
            "url": "https://www.tvmaze.com/people/34552/catherine-tate",
            "name": "Catherine Tate",
            "country": {
                "name": "United Kingdom",
                "code": "GB",
                "timezone": "Europe/London"
            },
            "birthday": "1968-05-12",
            "deathday": null,
            "gender": "Female",
            "image": {
                "medium": "https://static.tvmaze.com/uploads/images/medium_portrait/4/10533.jpg",
                "original": "https://static.tvmaze.com/uploads/images/original_untouched/4/10533.jpg"
            },
            "updated": 1687033515,
            "_links": {
                "self": {
                    "href": "https://api.tvmaze.com/people/34552"
                }
            }
        },
        "character": {
            "id": 138807,
            "url": "https://www.tvmaze.com/characters/138807/the-office-nellie-bertram",
            "name": "Nellie Bertram",
            "image": {
                "medium": "https://static.tvmaze.com/uploads/images/medium_portrait/220/550713.jpg",
                "original": "https://static.tvmaze.com/uploads/images/original_untouched/220/550713.jpg"
            },
            "_links": {
                "self": {
                    "href": "https://api.tvmaze.com/characters/138807"
                }
            }
        },
        "self": false,
        "voice": false
    },
    {
        "person": {
            "id": 16729,
            "url": "https://www.tvmaze.com/people/16729/david-denman",
            "name": "David Denman",
            "country": {
                "name": "United States",
                "code": "US",
                "timezone": "America/New_York"
            },
            "birthday": "1973-07-25",
            "deathday": null,
            "gender": "Male",
            "image": {
                "medium": "https://static.tvmaze.com/uploads/images/medium_portrait/448/1121668.jpg",
                "original": "https://static.tvmaze.com/uploads/images/original_untouched/448/1121668.jpg"
            },
            "updated": 1677066236,
            "_links": {
                "self": {
                    "href": "https://api.tvmaze.com/people/16729"
                }
            }
        },
        "character": {
            "id": 85572,
            "url": "https://www.tvmaze.com/characters/85572/the-office-roy-anderson",
            "name": "Roy Anderson",
            "image": {
                "medium": "https://static.tvmaze.com/uploads/images/medium_portrait/4/11328.jpg",
                "original": "https://static.tvmaze.com/uploads/images/original_untouched/4/11328.jpg"
            },
            "_links": {
                "self": {
                    "href": "https://api.tvmaze.com/characters/85572"
                }
            }
        },
        "self": false,
        "voice": false
    },
    {
        "person": {
            "id": 7797,
            "url": "https://www.tvmaze.com/people/7797/clark-duke",
            "name": "Clark Duke",
            "country": {
                "name": "United States",
                "code": "US",
                "timezone": "America/New_York"
            },
            "birthday": "1985-05-05",
            "deathday": null,
            "gender": "Male",
            "image": {
                "medium": "https://static.tvmaze.com/uploads/images/medium_portrait/39/97597.jpg",
                "original": "https://static.tvmaze.com/uploads/images/original_untouched/39/97597.jpg"
            },
            "updated": 1673695145,
            "_links": {
                "self": {
                    "href": "https://api.tvmaze.com/people/7797"
                }
            }
        },
        "character": {
            "id": 138808,
            "url": "https://www.tvmaze.com/characters/138808/the-office-clark",
            "name": "Clark",
            "image": null,
            "_links": {
                "self": {
                    "href": "https://api.tvmaze.com/characters/138808"
                }
            }
        },
        "self": false,
        "voice": false
    },
    {
        "person": {
            "id": 57372,
            "url": "https://www.tvmaze.com/people/57372/jake-lacy",
            "name": "Jake Lacy",
            "country": {
                "name": "United States",
                "code": "US",
                "timezone": "America/New_York"
            },
            "birthday": "1985-02-14",
            "deathday": null,
            "gender": "Male",
            "image": {
                "medium": "https://static.tvmaze.com/uploads/images/medium_portrait/115/289181.jpg",
                "original": "https://static.tvmaze.com/uploads/images/original_untouched/115/289181.jpg"
            },
            "updated": 1679250222,
            "_links": {
                "self": {
                    "href": "https://api.tvmaze.com/people/57372"
                }
            }
        },
        "character": {
            "id": 138815,
            "url": "https://www.tvmaze.com/characters/138815/the-office-pete",
            "name": "Pete",
            "image": null,
            "_links": {
                "self": {
                    "href": "https://api.tvmaze.com/characters/138815"
                }
            }
        },
        "self": false,
        "voice": false
    },
    {
        "person": {
            "id": 9244,
            "url": "https://www.tvmaze.com/people/9244/james-spader",
            "name": "James Spader",
            "country": {
                "name": "United States",
                "code": "US",
                "timezone": "America/New_York"
            },
            "birthday": "1960-02-07",
            "deathday": null,
            "gender": "Male",
            "image": {
                "medium": "https://static.tvmaze.com/uploads/images/medium_portrait/54/136757.jpg",
                "original": "https://static.tvmaze.com/uploads/images/original_untouched/54/136757.jpg"
            },
            "updated": 1688721655,
            "_links": {
                "self": {
                    "href": "https://api.tvmaze.com/people/9244"
                }
            }
        },
        "character": {
            "id": 480013,
            "url": "https://www.tvmaze.com/characters/480013/the-office-robert-california",
            "name": "Robert California",
            "image": {
                "medium": "https://static.tvmaze.com/uploads/images/medium_portrait/220/550714.jpg",
                "original": "https://static.tvmaze.com/uploads/images/original_untouched/220/550714.jpg"
            },
            "_links": {
                "self": {
                    "href": "https://api.tvmaze.com/characters/480013"
                }
            }
        },
        "self": false,
        "voice": false
    },
    {
        "person": {
            "id": 18367,
            "url": "https://www.tvmaze.com/people/18367/amy-ryan",
            "name": "Amy Ryan",
            "country": {
                "name": "United States",
                "code": "US",
                "timezone": "America/New_York"
            },
            "birthday": "1968-05-03",
            "deathday": null,
            "gender": "Female",
            "image": {
                "medium": "https://static.tvmaze.com/uploads/images/medium_portrait/4/10297.jpg",
                "original": "https://static.tvmaze.com/uploads/images/original_untouched/4/10297.jpg"
            },
            "updated": 1682115386,
            "_links": {
                "self": {
                    "href": "https://api.tvmaze.com/people/18367"
                }
            }
        },
        "character": {
            "id": 461188,
            "url": "https://www.tvmaze.com/characters/461188/the-office-holly-flax",
            "name": "Holly Flax",
            "image": {
                "medium": "https://static.tvmaze.com/uploads/images/medium_portrait/220/550715.jpg",
                "original": "https://static.tvmaze.com/uploads/images/original_untouched/220/550715.jpg"
            },
            "_links": {
                "self": {
                    "href": "https://api.tvmaze.com/characters/461188"
                }
            }
        },
        "self": false,
        "voice": false
    }
]