[
    {
        "person": {
            "id": 49012,
            "url": "https://www.tvmaze.com/people/49012/tina-fey",
            "name": "Tina Fey",
            "country": {
                "name": "United States",
                "code": "US",
                "timezone": "America/New_York"
            },
            "birthday": "1970-05-18",
            "deathday": null,
            "gender": "Female",
            "image": {
                "medium": "https://static.tvmaze.com/uploads/images/medium_portrait/6/16902.jpg",
                "original": "https://static.tvmaze.com/uploads/images/original_untouched/6/16902.jpg"
            },
            "updated": 1683935550,
            "_links": {
                "self": {
                    "href": "https://api.tvmaze.com/people/49012"
                }
            }
        },
        "character": {
            "id": 85623,
            "url": "https://www.tvmaze.com/characters/85623/30-rock-liz-lemon",
            "name": "Liz Lemon",
            "image": {
                "medium": "https://static.tvmaze.com/uploads/images/medium_portrait/301/754588.jpg",
                "original": "https://static.tvmaze.com/uploads/images/original_untouched/301/754588.jpg"
            },
            "_links": {
                "self": {
                    "href": "https://api.tvmaze.com/characters/85623"
                }
            }
        },
        "self": false,
        "voice": false
    },
    {
        "person": {
            "id": 25225,
            "url": "https://www.tvmaze.com/people/25225/alec-baldwin",
            "name": "Alec Baldwin",
            "country": {
                "name": "United States",
                "code": "US",
                "timezone": "America/New_York"
            },
            "birthday": "1958-04-03",
            "deathday": null,
            "gender": "Male",
            "image": {
                "medium": "https://static.tvmaze.com/uploads/images/medium_portrait/7/17987.jpg",
                "original": "https://static.tvmaze.com/uploads/images/original_untouched/7/17987.jpg"
            },
            "updated": 1683696231,
            "_links": {
                "self": {
                    "href": "https://api.tvmaze.com/people/25225"
                }
            }
        },
        "character": {
            "id": 85629,
            "url": "https://www.tvmaze.com/characters/85629/30-rock-jack-donaghy",
            "name": "Jack Donaghy",
            "image": {
                "medium": "https://static.tvmaze.com/uploads/images/medium_portrait/301/754589.jpg",
                "original": "https://static.tvmaze.com/uploads/images/original_untouched/301/754589.jpg"
            },
            "_links": {
                "self": {
                    "href": "https://api.tvmaze.com/characters/85629"
                }
            }
        },
        "self": false,
        "voice": false
    },
    {
        "person": {
            "id": 11805,
            "url": "https://www.tvmaze.com/people/11805/jack-mcbrayer",
            "name": "Jack McBrayer",
            "country": {
                "name": "United States",
                "code": "US",
                "timezone": "America/New_York"
            },
            "birthday": "1973-05-27",
            "deathday": null,
            "gender": "Male",
            "image": {
                "medium": "https://static.tvmaze.com/uploads/images/medium_portrait/7/17984.jpg",
                "original": "https://static.tvmaze.com/uploads/images/original_untouched/7/17984.jpg"
            },
            "updated": 1687316755,
            "_links": {
                "self": {
                    "href": "https://api.tvmaze.com/people/11805"
                }
            }
        },
        "character": {
            "id": 85626,
            "url": "https://www.tvmaze.com/characters/85626/30-rock-kenneth-parcell",
            "name": "Kenneth Parcell",
            "image": {
                "medium": "https://static.tvmaze.com/uploads/images/medium_portrait/301/754590.jpg",
                "original": "https://static.tvmaze.com/uploads/images/original_untouched/301/754590.jpg"
            },
            "_links": {
                "self": {
                    "href": "https://api.tvmaze.com/characters/85626"
                }
            }
        },
        "self": false,
        "voice": false
    },
    {
        "person": {
            "id": 49013,
            "url": "https://www.tvmaze.com/people/49013/tracy-morgan",
            "name": "Tracy Morgan",
            "country": {
                "name": "United States",
                "code": "US",
                "timezone": "America/New_York"
            },
            "birthday": "1968-11-10",
            "deathday": null,
            "gender": "Male",
            "image": {
                "medium": "https://static.tvmaze.com/uploads/images/medium_portrait/6/16903.jpg",
                "original": "https://static.tvmaze.com/uploads/images/original_untouched/6/16903.jpg"
            },
            "updated": 1687175544,
            "_links": {
                "self": {
                    "href": "https://api.tvmaze.com/people/49013"
                }
            }
        },
        "character": {
            "id": 85624,
            "url": "https://www.tvmaze.com/characters/85624/30-rock-tracy-jordan",
            "name": "Tracy Jordan",
            "image": {
                "medium": "https://static.tvmaze.com/uploads/images/medium_portrait/301/754591.jpg",
                "original": "https://static.tvmaze.com/uploads/images/original_untouched/301/754591.jpg"
            },
            "_links": {
                "self": {
                    "href": "https://api.tvmaze.com/characters/85624"
                }
            }
        },
        "self": false,
        "voice": false
    },
    {
        "person": {
            "id": 14517,
            "url": "https://www.tvmaze.com/people/14517/jane-krakowski",
            "name": "Jane Krakowski",
            "country": {
                "name": "United States",
                "code": "US",
                "timezone": "America/New_York"
            },
            "birthday": "1968-10-11",
            "deathday": null,
            "gender": "Female",
            "image": {
                "medium": "https://static.tvmaze.com/uploads/images/medium_portrait/5/13301.jpg",
                "original": "https://static.tvmaze.com/uploads/images/original_untouched/5/13301.jpg"
            },
            "updated": 1683135692,
            "_links": {
                "self": {
                    "href": "https://api.tvmaze.com/people/14517"
                }
            }
        },
        "character": {
            "id": 85625,
            "url": "https://www.tvmaze.com/characters/85625/30-rock-jenna-maroney",
            "name": "Jenna Maroney",
            "image": {
                "medium": "https://static.tvmaze.com/uploads/images/medium_portrait/301/754592.jpg",
                "original": "https://static.tvmaze.com/uploads/images/original_untouched/301/754592.jpg"
            },
            "_links": {
                "self": {
                    "href": "https://api.tvmaze.com/characters/85625"
                }
            }
        },
        "self": false,
        "voice": false
    },
    {
        "person": {
            "id": 49014,
            "url": "https://www.tvmaze.com/people/49014/judah-friedlander",
            "name": "Judah Friedlander",
            "country": {
                "name": "United States",
                "code": "US",
                "timezone": "America/New_York"
            },
            "birthday": "1969-03-16",
            "deathday": null,
            "gender": "Male",
            "image": {
                "medium": "https://static.tvmaze.com/uploads/images/medium_portrait/7/17986.jpg",
                "original": "https://static.tvmaze.com/uploads/images/original_untouched/7/17986.jpg"
            },
            "updated": 1678657089,
            "_links": {
                "self": {
                    "href": "https://api.tvmaze.com/people/49014"
                }
            }
        },
        "character": {
            "id": 85628,
            "url": "https://www.tvmaze.com/characters/85628/30-rock-frank-rossitano",
            "name": "Frank Rossitano",
            "image": {
                "medium": "https://static.tvmaze.com/uploads/images/medium_portrait/301/754593.jpg",
                "original": "https://static.tvmaze.com/uploads/images/original_untouched/301/754593.jpg"
            },
            "_links": {
                "self": {
                    "href": "https://api.tvmaze.com/characters/85628"
                }
            }
        },
        "self": false,
        "voice": false
    },
    {
        "person": {
            "id": 23745,
            "url": "https://www.tvmaze.com/people/23745/scott-adsit",
            "name": "Scott Adsit",
            "country": {
                "name": "United States",
                "code": "US",
                "timezone": "America/New_York"
            },
            "birthday": "1965-11-26",
            "deathday": null,
            "gender": "Male",
            "image": {
                "medium": "https://static.tvmaze.com/uploads/images/medium_portrait/7/17985.jpg",
                "original": "https://static.tvmaze.com/uploads/images/original_untouched/7/17985.jpg"
            },
            "updated": 1687136667,
            "_links": {
                "self": {
                    "href": "https://api.tvmaze.com/people/23745"
                }
            }
        },
        "character": {
            "id": 85627,
            "url": "https://www.tvmaze.com/characters/85627/30-rock-pete-hornberger",
            "name": "Pete Hornberger",
            "image": {
                "medium": "https://static.tvmaze.com/uploads/images/medium_portrait/301/754594.jpg",
                "original": "https://static.tvmaze.com/uploads/images/original_untouched/301/754594.jpg"
            },
            "_links": {
                "self": {
                    "href": "https://api.tvmaze.com/characters/85627"
                }
            }
        },
        "self": false,
        "voice": false
    },
    {
        "person": {
            "id": 27086,
            "url": "https://www.tvmaze.com/people/27086/keith-powell",
            "name": "Keith Powell",
            "country": {
                "name": "United States",
                "code": "US",
                "timezone": "America/New_York"
            },
            "birthday": null,
            "deathday": null,
            "gender": "Male",
            "image": {
                "medium": "https://static.tvmaze.com/uploads/images/medium_portrait/96/241397.jpg",
                "original": "https://static.tvmaze.com/uploads/images/original_untouched/96/241397.jpg"
            },
            "updated": 1680297752,
            "_links": {
                "self": {
                    "href": "https://api.tvmaze.com/people/27086"
                }
            }
        },
        "character": {
            "id": 85631,
            "url": "https://www.tvmaze.com/characters/85631/30-rock-james-toofer-spurlock",
            "name": "James \"Toofer\" Spurlock",
            "image": {
                "medium": "https://static.tvmaze.com/uploads/images/medium_portrait/301/754595.jpg",
                "original": "https://static.tvmaze.com/uploads/images/original_untouched/301/754595.jpg"
            },
            "_links": {
                "self": {
                    "href": "https://api.tvmaze.com/characters/85631"
                }
            }
        },
        "self": false,
        "voice": false
    },
    {
        "person": {
            "id": 39819,
            "url": "https://www.tvmaze.com/people/39819/kevin-brown",
            "name": "Kevin Brown",
            "country": {
                "name": "United States",
                "code": "US",
                "timezone": "America/New_York"
            },
            "birthday": null,
            "deathday": null,
            "gender": "Male",
            "image": {
                "medium": "https://static.tvmaze.com/uploads/images/medium_portrait/7/17992.jpg",
                "original": "https://static.tvmaze.com/uploads/images/original_untouched/7/17992.jpg"
            },
            "updated": 1462391646,
            "_links": {
                "self": {
                    "href": "https://api.tvmaze.com/people/39819"
                }
            }
        },
        "character": {
            "id": 85634,
            "url": "https://www.tvmaze.com/characters/85634/30-rock-walter-dot-com-slattery",
            "name": "Walter \"Dot Com\" Slattery",
            "image": {
                "medium": "https://static.tvmaze.com/uploads/images/medium_portrait/301/754597.jpg",
                "original": "https://static.tvmaze.com/uploads/images/original_untouched/301/754597.jpg"
            },
            "_links": {
                "self": {
                    "href": "https://api.tvmaze.com/characters/85634"
                }
            }
        },
        "self": false,
        "voice": false
    },
    {
        "person": {
            "id": 20479,
            "url": "https://www.tvmaze.com/people/20479/john-lutz",
            "name": "John Lutz",
            "country": {
                "name": "United States",
                "code": "US",
                "timezone": "America/New_York"
            },
            "birthday": "1973-04-23",
            "deathday": null,
            "gender": "Male",
            "image": {
                "medium": "https://static.tvmaze.com/uploads/images/medium_portrait/26/65663.jpg",
                "original": "https://static.tvmaze.com/uploads/images/original_untouched/26/65663.jpg"
            },
            "updated": 1659807589,
            "_links": {
                "self": {
                    "href": "https://api.tvmaze.com/people/20479"
                }
            }
        },
        "character": {
            "id": 144031,
            "url": "https://www.tvmaze.com/characters/144031/30-rock-jd-lutz",
            "name": "J.D. Lutz",
            "image": {
                "medium": "https://static.tvmaze.com/uploads/images/medium_portrait/301/754599.jpg",
                "original": "https://static.tvmaze.com/uploads/images/original_untouched/301/754599.jpg"
            },
            "_links": {
                "self": {
                    "href": "https://api.tvmaze.com/characters/144031"
                }
            }
        },
        "self": false,
        "voice": false
    },
    {
        "person": {
            "id": 17837,
            "url": "https://www.tvmaze.com/people/17837/grizz-chapman",
            "name": "Grizz Chapman",
            "country": {
                "name": "United States",
                "code": "US",
                "timezone": "America/New_York"
            },
            "birthday": "1974-04-15",
            "deathday": null,
            "gender": "Male",
            "image": {
                "medium": "https://static.tvmaze.com/uploads/images/medium_portrait/7/17991.jpg",
                "original": "https://static.tvmaze.com/uploads/images/original_untouched/7/17991.jpg"
            },
            "updated": 1670082227,
            "_links": {
                "self": {
                    "href": "https://api.tvmaze.com/people/17837"
                }
            }
        },
        "character": {
            "id": 85633,
            "url": "https://www.tvmaze.com/characters/85633/30-rock-warren-grizz-griswold",
            "name": "Warren \"Grizz\" Griswold",
            "image": {
                "medium": "https://static.tvmaze.com/uploads/images/medium_portrait/301/754598.jpg",
                "original": "https://static.tvmaze.com/uploads/images/original_untouched/301/754598.jpg"
            },
            "_links": {
                "self": {
                    "href": "https://api.tvmaze.com/characters/85633"
                }
            }
        },
        "self": false,
        "voice": false
    },
    {
        "person": {
            "id": 22947,
            "url": "https://www.tvmaze.com/people/22947/katrina-bowden",
            "name": "Katrina Bowden",
            "country": {
                "name": "United States",
                "code": "US",
                "timezone": "America/New_York"
            },
            "birthday": "1988-09-19",
            "deathday": null,
            "gender": "Female",
            "image": {
                "medium": "https://static.tvmaze.com/uploads/images/medium_portrait/7/17988.jpg",
                "original": "https://static.tvmaze.com/uploads/images/original_untouched/7/17988.jpg"
            },
            "updated": 1656795680,
            "_links": {
                "self": {
                    "href": "https://api.tvmaze.com/people/22947"
                }
            }
        },
        "character": {
            "id": 85630,
            "url": "https://www.tvmaze.com/characters/85630/30-rock-cerie",
            "name": "Cerie",
            "image": {
                "medium": "https://static.tvmaze.com/uploads/images/medium_portrait/301/754596.jpg",
                "original": "https://static.tvmaze.com/uploads/images/original_untouched/301/754596.jpg"
            },
            "_links": {
                "self": {
                    "href": "https://api.tvmaze.com/characters/85630"
                }
            }
        },
        "self": false,
        "voice": false
    },
    {
        "person": {
            "id": 21041,
            "url": "https://www.tvmaze.com/people/21041/maulik-pancholy",
            "name": "Maulik Pancholy",
            "country": {
                "name": "United States",
                "code": "US",
                "timezone": "America/New_York"
            },
            "birthday": "1974-01-18",
            "deathday": null,
            "gender": "Male",
            "image": {
                "medium": "https://static.tvmaze.com/uploads/images/medium_portrait/3/9268.jpg",
                "original": "https://static.tvmaze.com/uploads/images/original_untouched/3/9268.jpg"
            },
            "updated": 1685302689,
            "_links": {
                "self": {
                    "href": "https://api.tvmaze.com/people/21041"
                }
            }
        },
        "character": {
            "id": 85635,
            "url": "https://www.tvmaze.com/characters/85635/30-rock-jonathan",
            "name": "Jonathan",
            "image": {
                "medium": "https://static.tvmaze.com/uploads/images/medium_portrait/301/754600.jpg",
                "original": "https://static.tvmaze.com/uploads/images/original_untouched/301/754600.jpg"
            },
            "_links": {
                "self": {
                    "href": "https://api.tvmaze.com/characters/85635"
                }
            }
        },
        "self": false,
        "voice": false
    },
    {
        "person": {
            "id": 74111,
            "url": "https://www.tvmaze.com/people/74111/sue-galloway",
            "name": "Sue Galloway",
            "country": null,
            "birthday": null,
            "deathday": null,
            "gender": "Female",
            "image": {
                "medium": "https://static.tvmaze.com/uploads/images/medium_portrait/28/71726.jpg",
                "original": "https://static.tvmaze.com/uploads/images/original_untouched/28/71726.jpg"
            },
            "updated": 1687176315,
            "_links": {
                "self": {
                    "href": "https://api.tvmaze.com/people/74111"
                }
            }
        },
        "character": {
            "id": 144066,
            "url": "https://www.tvmaze.com/characters/144066/30-rock-sue-laroche-van-der-hout",
            "name": "Sue LaRoche-Van der Hout",
            "image": {
                "medium": "https://static.tvmaze.com/uploads/images/medium_portrait/54/136265.jpg",
                "original": "https://static.tvmaze.com/uploads/images/original_untouched/54/136265.jpg"
            },
            "_links": {
                "self": {
                    "href": "https://api.tvmaze.com/characters/144066"
                }
            }
        },
        "self": false,
        "voice": false
    },
    {
        "person": {
            "id": 39668,
            "url": "https://www.tvmaze.com/people/39668/lonny-ross",
            "name": "Lonny Ross",
            "country": {
                "name": "United States",
                "code": "US",
                "timezone": "America/New_York"
            },
            "birthday": null,
            "deathday": null,
            "gender": "Male",
            "image": {
                "medium": "https://static.tvmaze.com/uploads/images/medium_portrait/7/17990.jpg",
                "original": "https://static.tvmaze.com/uploads/images/original_untouched/7/17990.jpg"
            },
            "updated": 1675262945,
            "_links": {
                "self": {
                    "href": "https://api.tvmaze.com/people/39668"
                }
            }
        },
        "character": {
            "id": 85632,
            "url": "https://www.tvmaze.com/characters/85632/30-rock-josh-girard",
            "name": "Josh Girard",
            "image": {
                "medium": "https://static.tvmaze.com/uploads/images/medium_portrait/301/754601.jpg",
                "original": "https://static.tvmaze.com/uploads/images/original_untouched/301/754601.jpg"
            },
            "_links": {
                "self": {
                    "href": "https://api.tvmaze.com/characters/85632"
                }
            }
        },
        "self": false,
        "voice": false
    },
    {
        "person": {
            "id": 32068,
            "url": "https://www.tvmaze.com/people/32068/paula-pell",
            "name": "Paula Pell",
            "country": {
                "name": "United States",
                "code": "US",
                "timezone": "America/New_York"
            },
            "birthday": "1963-04-15",
            "deathday": null,
            "gender": "Female",
            "image": {
                "medium": "https://static.tvmaze.com/uploads/images/medium_portrait/456/1140245.jpg",
                "original": "https://static.tvmaze.com/uploads/images/original_untouched/456/1140245.jpg"
            },
            "updated": 1687549989,
            "_links": {
                "self": {
                    "href": "https://api.tvmaze.com/people/32068"
                }
            }
        },
        "character": {
            "id": 144061,
            "url": "https://www.tvmaze.com/characters/144061/30-rock-paula-hornberger",
            "name": "Paula Hornberger",
            "image": null,
            "_links": {
                "self": {
                    "href": "https://api.tvmaze.com/characters/144061"
                }
            }
        },
        "self": false,
        "voice": false
    }
]