[
    {
        "person": {
            "id": 90278,
            "url": "https://www.tvmaze.com/people/90278/sherman-hemsley",
            "name": "Sherman Hemsley",
            "country": {
                "name": "United States",
                "code": "US",
                "timezone": "America/New_York"
            },
            "birthday": "1938-02-01",
            "deathday": "2012-07-24",
            "gender": "Male",
            "image": {
                "medium": "https://static.tvmaze.com/uploads/images/medium_portrait/22/55571.jpg",
                "original": "https://static.tvmaze.com/uploads/images/original_untouched/22/55571.jpg"
            },
            "updated": 1643003118,
            "_links": {
                "self": {
                    "href": "https://api.tvmaze.com/people/90278"
                }
            }
        },
        "character": {
            "id": 180147,
            "url": "https://www.tvmaze.com/characters/180147/the-jeffersons-george-jefferson",
            "name": "George Jefferson",
            "image": null,
            "_links": {
                "self": {
                    "href": "https://api.tvmaze.com/characters/180147"
                }
            }
        },
        "self": false,
        "voice": false
    },
    {
        "person": {
            "id": 90280,
            "url": "https://www.tvmaze.com/people/90280/isabel-sanford",
            "name": "Isabel Sanford",
            "country": {
                "name": "United States",
                "code": "US",
                "timezone": "America/New_York"
            },
            "birthday": "1917-08-29",
            "deathday": "2004-07-09",
            "gender": "Female",
            "image": {
                "medium": "https://static.tvmaze.com/uploads/images/medium_portrait/54/135259.jpg",
                "original": "https://static.tvmaze.com/uploads/images/original_untouched/54/135259.jpg"
            },
            "updated": 1684875598,
            "_links": {
                "self": {
                    "href": "https://api.tvmaze.com/people/90280"
                }
            }
        },
        "character": {
            "id": 180151,
            "url": "https://www.tvmaze.com/characters/180151/the-jeffersons-louise-jefferson",
            "name": "Louise Jefferson",
            "image": {
                "medium": "https://static.tvmaze.com/uploads/images/medium_portrait/54/135258.jpg",
                "original": "https://static.tvmaze.com/uploads/images/original_untouched/54/135258.jpg"
            },
            "_links": {
                "self": {
                    "href": "https://api.tvmaze.com/characters/180151"
                }
            }
        },
        "self": false,
        "voice": false
    },
    {
        "person": {
            "id": 69224,
            "url": "https://www.tvmaze.com/people/69224/marla-gibbs",
            "name": "Marla Gibbs",
            "country": {
                "name": "United States",
                "code": "US",
                "timezone": "America/New_York"
            },
            "birthday": "1931-06-14",
            "deathday": null,
            "gender": "Female",
            "image": {
                "medium": "https://static.tvmaze.com/uploads/images/medium_portrait/152/380234.jpg",
                "original": "https://static.tvmaze.com/uploads/images/original_untouched/152/380234.jpg"
            },
            "updated": 1688834095,
            "_links": {
                "self": {
                    "href": "https://api.tvmaze.com/people/69224"
                }
            }
        },
        "character": {
            "id": 180152,
            "url": "https://www.tvmaze.com/characters/180152/the-jeffersons-florence-johnston",
            "name": "Florence Johnston",
            "image": {
                "medium": "https://static.tvmaze.com/uploads/images/medium_portrait/54/135260.jpg",
                "original": "https://static.tvmaze.com/uploads/images/original_untouched/54/135260.jpg"
            },
            "_links": {
                "self": {
                    "href": "https://api.tvmaze.com/characters/180152"
                }
            }
        },
        "self": false,
        "voice": false
    },
    {
        "person": {
            "id": 90282,
            "url": "https://www.tvmaze.com/people/90282/roxie-roker",
            "name": "Roxie Roker",
            "country": {
                "name": "United States",
                "code": "US",
                "timezone": "America/New_York"
            },
            "birthday": "1929-08-28",
            "deathday": "1995-12-02",
            "gender": "Female",
            "image": {
                "medium": "https://static.tvmaze.com/uploads/images/medium_portrait/54/135265.jpg",
                "original": "https://static.tvmaze.com/uploads/images/original_untouched/54/135265.jpg"
            },
            "updated": 1643007369,
            "_links": {
                "self": {
                    "href": "https://api.tvmaze.com/people/90282"
                }
            }
        },
        "character": {
            "id": 180155,
            "url": "https://www.tvmaze.com/characters/180155/the-jeffersons-helen-willis",
            "name": "Helen Willis",
            "image": {
                "medium": "https://static.tvmaze.com/uploads/images/medium_portrait/54/135261.jpg",
                "original": "https://static.tvmaze.com/uploads/images/original_untouched/54/135261.jpg"
            },
            "_links": {
                "self": {
                    "href": "https://api.tvmaze.com/characters/180155"
                }
            }
        },
        "self": false,
        "voice": false
    },
    {
        "person": {
            "id": 59441,
            "url": "https://www.tvmaze.com/people/59441/franklin-cover",
            "name": "Franklin Cover",
            "country": {
                "name": "United States",
                "code": "US",
                "timezone": "America/New_York"
            },
            "birthday": "1928-11-20",
            "deathday": "2006-02-05",
            "gender": "Male",
            "image": {
                "medium": "https://static.tvmaze.com/uploads/images/medium_portrait/54/135277.jpg",
                "original": "https://static.tvmaze.com/uploads/images/original_untouched/54/135277.jpg"
            },
            "updated": 1644100286,
            "_links": {
                "self": {
                    "href": "https://api.tvmaze.com/people/59441"
                }
            }
        },
        "character": {
            "id": 180150,
            "url": "https://www.tvmaze.com/characters/180150/the-jeffersons-tom-willis",
            "name": "Tom Willis",
            "image": null,
            "_links": {
                "self": {
                    "href": "https://api.tvmaze.com/characters/180150"
                }
            }
        },
        "self": false,
        "voice": false
    },
    {
        "person": {
            "id": 90281,
            "url": "https://www.tvmaze.com/people/90281/paul-benedict",
            "name": "Paul Benedict",
            "country": {
                "name": "United States",
                "code": "US",
                "timezone": "America/New_York"
            },
            "birthday": "1938-09-17",
            "deathday": "2008-09-01",
            "gender": "Male",
            "image": {
                "medium": "https://static.tvmaze.com/uploads/images/medium_portrait/54/135272.jpg",
                "original": "https://static.tvmaze.com/uploads/images/original_untouched/54/135272.jpg"
            },
            "updated": 1637478920,
            "_links": {
                "self": {
                    "href": "https://api.tvmaze.com/people/90281"
                }
            }
        },
        "character": {
            "id": 180154,
            "url": "https://www.tvmaze.com/characters/180154/the-jeffersons-harry-bentley",
            "name": "Harry Bentley",
            "image": {
                "medium": "https://static.tvmaze.com/uploads/images/medium_portrait/54/135271.jpg",
                "original": "https://static.tvmaze.com/uploads/images/original_untouched/54/135271.jpg"
            },
            "_links": {
                "self": {
                    "href": "https://api.tvmaze.com/characters/180154"
                }
            }
        },
        "self": false,
        "voice": false
    },
    {
        "person": {
            "id": 63207,
            "url": "https://www.tvmaze.com/people/63207/ned-wertimer",
            "name": "Ned Wertimer",
            "country": {
                "name": "United States",
                "code": "US",
                "timezone": "America/New_York"
            },
            "birthday": "1923-10-27",
            "deathday": "2013-01-02",
            "gender": "Male",
            "image": {
                "medium": "https://static.tvmaze.com/uploads/images/medium_portrait/170/426835.jpg",
                "original": "https://static.tvmaze.com/uploads/images/original_untouched/170/426835.jpg"
            },
            "updated": 1655550467,
            "_links": {
                "self": {
                    "href": "https://api.tvmaze.com/people/63207"
                }
            }
        },
        "character": {
            "id": 274979,
            "url": "https://www.tvmaze.com/characters/274979/the-jeffersons-ralph-hart",
            "name": "Ralph Hart",
            "image": {
                "medium": "https://static.tvmaze.com/uploads/images/medium_portrait/54/135282.jpg",
                "original": "https://static.tvmaze.com/uploads/images/original_untouched/54/135282.jpg"
            },
            "_links": {
                "self": {
                    "href": "https://api.tvmaze.com/characters/274979"
                }
            }
        },
        "self": false,
        "voice": false
    },
    {
        "person": {
            "id": 55726,
            "url": "https://www.tvmaze.com/people/55726/mike-evans",
            "name": "Mike Evans",
            "country": {
                "name": "United States",
                "code": "US",
                "timezone": "America/New_York"
            },
            "birthday": "1949-11-03",
            "deathday": "2006-12-14",
            "gender": "Male",
            "image": {
                "medium": "https://static.tvmaze.com/uploads/images/medium_portrait/54/135266.jpg",
                "original": "https://static.tvmaze.com/uploads/images/original_untouched/54/135266.jpg"
            },
            "updated": 1670738386,
            "_links": {
                "self": {
                    "href": "https://api.tvmaze.com/people/55726"
                }
            }
        },
        "character": {
            "id": 180153,
            "url": "https://www.tvmaze.com/characters/180153/the-jeffersons-lionel-jefferson",
            "name": "Lionel Jefferson",
            "image": null,
            "_links": {
                "self": {
                    "href": "https://api.tvmaze.com/characters/180153"
                }
            }
        },
        "self": false,
        "voice": false
    },
    {
        "person": {
            "id": 90279,
            "url": "https://www.tvmaze.com/people/90279/damon-evans",
            "name": "Damon Evans",
            "country": {
                "name": "United States",
                "code": "US",
                "timezone": "America/New_York"
            },
            "birthday": "1949-11-24",
            "deathday": null,
            "gender": "Male",
            "image": {
                "medium": "https://static.tvmaze.com/uploads/images/medium_portrait/54/135268.jpg",
                "original": "https://static.tvmaze.com/uploads/images/original_untouched/54/135268.jpg"
            },
            "updated": 1688861052,
            "_links": {
                "self": {
                    "href": "https://api.tvmaze.com/people/90279"
                }
            }
        },
        "character": {
            "id": 180153,
            "url": "https://www.tvmaze.com/characters/180153/the-jeffersons-lionel-jefferson",
            "name": "Lionel Jefferson",
            "image": null,
            "_links": {
                "self": {
                    "href": "https://api.tvmaze.com/characters/180153"
                }
            }
        },
        "self": false,
        "voice": false
    },
    {
        "person": {
            "id": 22830,
            "url": "https://www.tvmaze.com/people/22830/berlinda-tolbert",
            "name": "Berlinda Tolbert",
            "country": {
                "name": "United States",
                "code": "US",
                "timezone": "America/New_York"
            },
            "birthday": "1949-11-04",
            "deathday": null,
            "gender": "Female",
            "image": {
                "medium": "https://static.tvmaze.com/uploads/images/medium_portrait/54/135270.jpg",
                "original": "https://static.tvmaze.com/uploads/images/original_untouched/54/135270.jpg"
            },
            "updated": 1637476677,
            "_links": {
                "self": {
                    "href": "https://api.tvmaze.com/people/22830"
                }
            }
        },
        "character": {
            "id": 180148,
            "url": "https://www.tvmaze.com/characters/180148/the-jeffersons-jenny-willis-jefferson",
            "name": "Jenny Willis Jefferson",
            "image": {
                "medium": "https://static.tvmaze.com/uploads/images/medium_portrait/54/135269.jpg",
                "original": "https://static.tvmaze.com/uploads/images/original_untouched/54/135269.jpg"
            },
            "_links": {
                "self": {
                    "href": "https://api.tvmaze.com/characters/180148"
                }
            }
        },
        "self": false,
        "voice": false
    },
    {
        "person": {
            "id": 90283,
            "url": "https://www.tvmaze.com/people/90283/zara-cully",
            "name": "Zara Cully",
            "country": {
                "name": "United States",
                "code": "US",
                "timezone": "America/New_York"
            },
            "birthday": "1892-01-26",
            "deathday": "1978-02-28",
            "gender": "Female",
            "image": {
                "medium": "https://static.tvmaze.com/uploads/images/medium_portrait/54/135274.jpg",
                "original": "https://static.tvmaze.com/uploads/images/original_untouched/54/135274.jpg"
            },
            "updated": 1547182470,
            "_links": {
                "self": {
                    "href": "https://api.tvmaze.com/people/90283"
                }
            }
        },
        "character": {
            "id": 180156,
            "url": "https://www.tvmaze.com/characters/180156/the-jeffersons-mother-jefferson",
            "name": "Mother Jefferson",
            "image": {
                "medium": "https://static.tvmaze.com/uploads/images/medium_portrait/54/135276.jpg",
                "original": "https://static.tvmaze.com/uploads/images/original_untouched/54/135276.jpg"
            },
            "_links": {
                "self": {
                    "href": "https://api.tvmaze.com/characters/180156"
                }
            }
        },
        "self": false,
        "voice": false
    },
    {
        "person": {
            "id": 90284,
            "url": "https://www.tvmaze.com/people/90284/jay-hammer",
            "name": "Jay Hammer",
            "country": {
                "name": "United States",
                "code": "US",
                "timezone": "America/New_York"
            },
            "birthday": "1944-11-16",
            "deathday": null,
            "gender": "Male",
            "image": {
                "medium": "https://static.tvmaze.com/uploads/images/medium_portrait/54/135281.jpg",
                "original": "https://static.tvmaze.com/uploads/images/original_untouched/54/135281.jpg"
            },
            "updated": 1687358154,
            "_links": {
                "self": {
                    "href": "https://api.tvmaze.com/people/90284"
                }
            }
        },
        "character": {
            "id": 180158,
            "url": "https://www.tvmaze.com/characters/180158/the-jeffersons-allan-willis",
            "name": "Allan Willis",
            "image": null,
            "_links": {
                "self": {
                    "href": "https://api.tvmaze.com/characters/180158"
                }
            }
        },
        "self": false,
        "voice": false
    }
]