[
    {
        "person": {
            "id": 63801,
            "url": "https://www.tvmaze.com/people/63801/jim-carrey",
            "name": "Jim Carrey",
            "country": {
                "name": "Canada",
                "code": "CA",
                "timezone": "America/Halifax"
            },
            "birthday": "1962-01-17",
            "deathday": null,
            "gender": "Male",
            "image": {
                "medium": "https://static.tvmaze.com/uploads/images/medium_portrait/31/78490.jpg",
                "original": "https://static.tvmaze.com/uploads/images/original_untouched/31/78490.jpg"
            },
            "updated": 1685543881,
            "_links": {
                "self": {
                    "href": "https://api.tvmaze.com/people/63801"
                }
            }
        },
        "character": {
            "id": 184117,
            "url": "https://www.tvmaze.com/characters/184117/in-living-color-various",
            "name": "Various",
            "image": null,
            "_links": {
                "self": {
                    "href": "https://api.tvmaze.com/characters/184117"
                }
            }
        },
        "self": false,
        "voice": false
    },
    {
        "person": {
            "id": 91970,
            "url": "https://www.tvmaze.com/people/91970/kelly-coffield-park",
            "name": "Kelly Coffield Park",
            "country": {
                "name": "United States",
                "code": "US",
                "timezone": "America/New_York"
            },
            "birthday": "1962-01-19",
            "deathday": null,
            "gender": "Female",
            "image": {
                "medium": "https://static.tvmaze.com/uploads/images/medium_portrait/144/362426.jpg",
                "original": "https://static.tvmaze.com/uploads/images/original_untouched/144/362426.jpg"
            },
            "updated": 1671126674,
            "_links": {
                "self": {
                    "href": "https://api.tvmaze.com/people/91970"
                }
            }
        },
        "character": {
            "id": 184118,
            "url": "https://www.tvmaze.com/characters/184118/in-living-color-various",
            "name": "Various",
            "image": null,
            "_links": {
                "self": {
                    "href": "https://api.tvmaze.com/characters/184118"
                }
            }
        },
        "self": false,
        "voice": false
    },
    {
        "person": {
            "id": 13642,
            "url": "https://www.tvmaze.com/people/13642/kim-wayans",
            "name": "Kim Wayans",
            "country": {
                "name": "United States",
                "code": "US",
                "timezone": "America/New_York"
            },
            "birthday": "1961-10-16",
            "deathday": null,
            "gender": "Female",
            "image": {
                "medium": "https://static.tvmaze.com/uploads/images/medium_portrait/1/3126.jpg",
                "original": "https://static.tvmaze.com/uploads/images/original_untouched/1/3126.jpg"
            },
            "updated": 1669386322,
            "_links": {
                "self": {
                    "href": "https://api.tvmaze.com/people/13642"
                }
            }
        },
        "character": {
            "id": 184119,
            "url": "https://www.tvmaze.com/characters/184119/in-living-color-various",
            "name": "Various",
            "image": null,
            "_links": {
                "self": {
                    "href": "https://api.tvmaze.com/characters/184119"
                }
            }
        },
        "self": false,
        "voice": false
    },
    {
        "person": {
            "id": 91971,
            "url": "https://www.tvmaze.com/people/91971/shawn-wayans",
            "name": "Shawn Wayans",
            "country": {
                "name": "United States",
                "code": "US",
                "timezone": "America/New_York"
            },
            "birthday": "1971-01-19",
            "deathday": null,
            "gender": "Male",
            "image": {
                "medium": "https://static.tvmaze.com/uploads/images/medium_portrait/45/112817.jpg",
                "original": "https://static.tvmaze.com/uploads/images/original_untouched/45/112817.jpg"
            },
            "updated": 1677929321,
            "_links": {
                "self": {
                    "href": "https://api.tvmaze.com/people/91971"
                }
            }
        },
        "character": {
            "id": 184120,
            "url": "https://www.tvmaze.com/characters/184120/in-living-color-various",
            "name": "Various",
            "image": null,
            "_links": {
                "self": {
                    "href": "https://api.tvmaze.com/characters/184120"
                }
            }
        },
        "self": false,
        "voice": false
    },
    {
        "person": {
            "id": 91972,
            "url": "https://www.tvmaze.com/people/91972/tkeyah-crystal-keymah",
            "name": "T'Keyah Crystal Keym\u00e1h",
            "country": {
                "name": "United States",
                "code": "US",
                "timezone": "America/New_York"
            },
            "birthday": "1962-10-13",
            "deathday": null,
            "gender": "Female",
            "image": {
                "medium": "https://static.tvmaze.com/uploads/images/medium_portrait/37/94815.jpg",
                "original": "https://static.tvmaze.com/uploads/images/original_untouched/37/94815.jpg"
            },
            "updated": 1670879097,
            "_links": {
                "self": {
                    "href": "https://api.tvmaze.com/people/91972"
                }
            }
        },
        "character": {
            "id": 184121,
            "url": "https://www.tvmaze.com/characters/184121/in-living-color-various",
            "name": "Various",
            "image": null,
            "_links": {
                "self": {
                    "href": "https://api.tvmaze.com/characters/184121"
                }
            }
        },
        "self": false,
        "voice": false
    },
    {
        "person": {
            "id": 37726,
            "url": "https://www.tvmaze.com/people/37726/tommy-davidson",
            "name": "Tommy Davidson",
            "country": {
                "name": "United States",
                "code": "US",
                "timezone": "America/New_York"
            },
            "birthday": "1963-11-10",
            "deathday": null,
            "gender": "Male",
            "image": {
                "medium": "https://static.tvmaze.com/uploads/images/medium_portrait/348/872325.jpg",
                "original": "https://static.tvmaze.com/uploads/images/original_untouched/348/872325.jpg"
            },
            "updated": 1676586087,
            "_links": {
                "self": {
                    "href": "https://api.tvmaze.com/people/37726"
                }
            }
        },
        "character": {
            "id": 184122,
            "url": "https://www.tvmaze.com/characters/184122/in-living-color-various",
            "name": "Various",
            "image": null,
            "_links": {
                "self": {
                    "href": "https://api.tvmaze.com/characters/184122"
                }
            }
        },
        "self": false,
        "voice": false
    },
    {
        "person": {
            "id": 24476,
            "url": "https://www.tvmaze.com/people/24476/david-alan-grier",
            "name": "David Alan Grier",
            "country": {
                "name": "United States",
                "code": "US",
                "timezone": "America/New_York"
            },
            "birthday": "1956-06-30",
            "deathday": null,
            "gender": "Male",
            "image": {
                "medium": "https://static.tvmaze.com/uploads/images/medium_portrait/5/12805.jpg",
                "original": "https://static.tvmaze.com/uploads/images/original_untouched/5/12805.jpg"
            },
            "updated": 1688904847,
            "_links": {
                "self": {
                    "href": "https://api.tvmaze.com/people/24476"
                }
            }
        },
        "character": {
            "id": 184123,
            "url": "https://www.tvmaze.com/characters/184123/in-living-color-various",
            "name": "Various",
            "image": null,
            "_links": {
                "self": {
                    "href": "https://api.tvmaze.com/characters/184123"
                }
            }
        },
        "self": false,
        "voice": false
    }
]