[
    {
        "person": {
            "id": 93017,
            "url": "https://www.tvmaze.com/people/93017/john-kricfalusi",
            "name": "John Kricfalusi",
            "country": null,
            "birthday": null,
            "deathday": null,
            "gender": null,
            "image": {
                "medium": "https://static.tvmaze.com/uploads/images/medium_portrait/24/60511.jpg",
                "original": "https://static.tvmaze.com/uploads/images/original_untouched/24/60511.jpg"
            },
            "updated": 1459559887,
            "_links": {
                "self": {
                    "href": "https://api.tvmaze.com/people/93017"
                }
            }
        },
        "character": {
            "id": 186095,
            "url": "https://www.tvmaze.com/characters/186095/the-ren-and-stimpy-show-ren-mr-horse-others",
            "name": "Ren, Mr Horse, Others",
            "image": null,
            "_links": {
                "self": {
                    "href": "https://api.tvmaze.com/characters/186095"
                }
            }
        },
        "self": false,
        "voice": true
    },
    {
        "person": {
            "id": 49026,
            "url": "https://www.tvmaze.com/people/49026/billy-west",
            "name": "Billy West",
            "country": {
                "name": "United States",
                "code": "US",
                "timezone": "America/New_York"
            },
            "birthday": "1952-04-16",
            "deathday": null,
            "gender": "Male",
            "image": {
                "medium": "https://static.tvmaze.com/uploads/images/medium_portrait/157/393693.jpg",
                "original": "https://static.tvmaze.com/uploads/images/original_untouched/157/393693.jpg"
            },
            "updated": 1687571538,
            "_links": {
                "self": {
                    "href": "https://api.tvmaze.com/people/49026"
                }
            }
        },
        "character": {
            "id": 186096,
            "url": "https://www.tvmaze.com/characters/186096/the-ren-and-stimpy-show-stimpy",
            "name": "Stimpy",
            "image": null,
            "_links": {
                "self": {
                    "href": "https://api.tvmaze.com/characters/186096"
                }
            }
        },
        "self": false,
        "voice": true
    },
    {
        "person": {
            "id": 63222,
            "url": "https://www.tvmaze.com/people/63222/gary-owens",
            "name": "Gary Owens",
            "country": {
                "name": "United States",
                "code": "US",
                "timezone": "America/New_York"
            },
            "birthday": "1934-05-10",
            "deathday": "2015-02-12",
            "gender": "Male",
            "image": {
                "medium": "https://static.tvmaze.com/uploads/images/medium_portrait/255/637795.jpg",
                "original": "https://static.tvmaze.com/uploads/images/original_untouched/255/637795.jpg"
            },
            "updated": 1683687907,
            "_links": {
                "self": {
                    "href": "https://api.tvmaze.com/people/63222"
                }
            }
        },
        "character": {
            "id": 186097,
            "url": "https://www.tvmaze.com/characters/186097/the-ren-and-stimpy-show-powered-toast-man",
            "name": "Powered Toast Man",
            "image": null,
            "_links": {
                "self": {
                    "href": "https://api.tvmaze.com/characters/186097"
                }
            }
        },
        "self": false,
        "voice": true
    }
]