[
    {
        "person": {
            "id": 50062,
            "url": "https://www.tvmaze.com/people/50062/bea-arthur",
            "name": "Bea Arthur",
            "country": {
                "name": "United States",
                "code": "US",
                "timezone": "America/New_York"
            },
            "birthday": "1922-05-13",
            "deathday": "2009-04-25",
            "gender": "Female",
            "image": {
                "medium": "https://static.tvmaze.com/uploads/images/medium_portrait/16/40801.jpg",
                "original": "https://static.tvmaze.com/uploads/images/original_untouched/16/40801.jpg"
            },
            "updated": 1674588123,
            "_links": {
                "self": {
                    "href": "https://api.tvmaze.com/people/50062"
                }
            }
        },
        "character": {
            "id": 87493,
            "url": "https://www.tvmaze.com/characters/87493/the-golden-girls-dorothy-zbornak",
            "name": "Dorothy Zbornak",
            "image": {
                "medium": "https://static.tvmaze.com/uploads/images/medium_portrait/182/456653.jpg",
                "original": "https://static.tvmaze.com/uploads/images/original_untouched/182/456653.jpg"
            },
            "_links": {
                "self": {
                    "href": "https://api.tvmaze.com/characters/87493"
                }
            }
        },
        "self": false,
        "voice": false
    },
    {
        "person": {
            "id": 11487,
            "url": "https://www.tvmaze.com/people/11487/betty-white",
            "name": "Betty White",
            "country": {
                "name": "United States",
                "code": "US",
                "timezone": "America/New_York"
            },
            "birthday": "1922-01-17",
            "deathday": "2021-12-31",
            "gender": "Female",
            "image": {
                "medium": "https://static.tvmaze.com/uploads/images/medium_portrait/3/7898.jpg",
                "original": "https://static.tvmaze.com/uploads/images/original_untouched/3/7898.jpg"
            },
            "updated": 1686463675,
            "_links": {
                "self": {
                    "href": "https://api.tvmaze.com/people/11487"
                }
            }
        },
        "character": {
            "id": 87494,
            "url": "https://www.tvmaze.com/characters/87494/the-golden-girls-rose-nylund",
            "name": "Rose Nylund",
            "image": {
                "medium": "https://static.tvmaze.com/uploads/images/medium_portrait/182/456652.jpg",
                "original": "https://static.tvmaze.com/uploads/images/original_untouched/182/456652.jpg"
            },
            "_links": {
                "self": {
                    "href": "https://api.tvmaze.com/characters/87494"
                }
            }
        },
        "self": false,
        "voice": false
    },
    {
        "person": {
            "id": 50063,
            "url": "https://www.tvmaze.com/people/50063/rue-mcclanahan",
            "name": "Rue McClanahan",
            "country": {
                "name": "United States",
                "code": "US",
                "timezone": "America/New_York"
            },
            "birthday": "1934-02-21",
            "deathday": "2010-06-03",
            "gender": "Female",
            "image": {
                "medium": "https://static.tvmaze.com/uploads/images/medium_portrait/16/40802.jpg",
                "original": "https://static.tvmaze.com/uploads/images/original_untouched/16/40802.jpg"
            },
            "updated": 1677871392,
            "_links": {
                "self": {
                    "href": "https://api.tvmaze.com/people/50063"
                }
            }
        },
        "character": {
            "id": 87495,
            "url": "https://www.tvmaze.com/characters/87495/the-golden-girls-blanche-devereaux",
            "name": "Blanche Devereaux",
            "image": {
                "medium": "https://static.tvmaze.com/uploads/images/medium_portrait/182/456654.jpg",
                "original": "https://static.tvmaze.com/uploads/images/original_untouched/182/456654.jpg"
            },
            "_links": {
                "self": {
                    "href": "https://api.tvmaze.com/characters/87495"
                }
            }
        },
        "self": false,
        "voice": false
    },
    {
        "person": {
            "id": 50064,
            "url": "https://www.tvmaze.com/people/50064/estelle-getty",
            "name": "Estelle Getty",
            "country": {
                "name": "United States",
                "code": "US",
                "timezone": "America/New_York"
            },
            "birthday": "1923-07-25",
            "deathday": "2008-07-22",
            "gender": "Female",
            "image": {
                "medium": "https://static.tvmaze.com/uploads/images/medium_portrait/55/137748.jpg",
                "original": "https://static.tvmaze.com/uploads/images/original_untouched/55/137748.jpg"
            },
            "updated": 1531623688,
            "_links": {
                "self": {
                    "href": "https://api.tvmaze.com/people/50064"
                }
            }
        },
        "character": {
            "id": 87496,
            "url": "https://www.tvmaze.com/characters/87496/the-golden-girls-sophia-petrillo",
            "name": "Sophia Petrillo",
            "image": {
                "medium": "https://static.tvmaze.com/uploads/images/medium_portrait/397/993616.jpg",
                "original": "https://static.tvmaze.com/uploads/images/original_untouched/397/993616.jpg"
            },
            "_links": {
                "self": {
                    "href": "https://api.tvmaze.com/characters/87496"
                }
            }
        },
        "self": false,
        "voice": false
    }
]