[
    {
        "person": {
            "id": 5068,
            "url": "https://www.tvmaze.com/people/5068/norman-reedus",
            "name": "Norman Reedus",
            "country": {
                "name": "United States",
                "code": "US",
                "timezone": "America/New_York"
            },
            "birthday": "1969-01-06",
            "deathday": null,
            "gender": "Male",
            "image": {
                "medium": "https://static.tvmaze.com/uploads/images/medium_portrait/2/5795.jpg",
                "original": "https://static.tvmaze.com/uploads/images/original_untouched/2/5795.jpg"
            },
            "updated": 1684236932,
            "_links": {
                "self": {
                    "href": "https://api.tvmaze.com/people/5068"
                }
            }
        },
        "character": {
            "id": 10764,
            "url": "https://www.tvmaze.com/characters/10764/the-walking-dead-daryl-dixon",
            "name": "Daryl Dixon",
            "image": {
                "medium": "https://static.tvmaze.com/uploads/images/medium_portrait/166/417474.jpg",
                "original": "https://static.tvmaze.com/uploads/images/original_untouched/166/417474.jpg"
            },
            "_links": {
                "self": {
                    "href": "https://api.tvmaze.com/characters/10764"
                }
            }
        },
        "self": false,
        "voice": false
    },
    {
        "person": {
            "id": 10261,
            "url": "https://www.tvmaze.com/people/10261/melissa-mcbride",
            "name": "Melissa McBride",
            "country": {
                "name": "United States",
                "code": "US",
                "timezone": "America/New_York"
            },
            "birthday": "1965-05-23",
            "deathday": null,
            "gender": "Female",
            "image": {
                "medium": "https://static.tvmaze.com/uploads/images/medium_portrait/2/5799.jpg",
                "original": "https://static.tvmaze.com/uploads/images/original_untouched/2/5799.jpg"
            },
            "updated": 1669028817,
            "_links": {
                "self": {
                    "href": "https://api.tvmaze.com/people/10261"
                }
            }
        },
        "character": {
            "id": 10769,
            "url": "https://www.tvmaze.com/characters/10769/the-walking-dead-carol-peletier",
            "name": "Carol Peletier",
            "image": {
                "medium": "https://static.tvmaze.com/uploads/images/medium_portrait/166/417477.jpg",
                "original": "https://static.tvmaze.com/uploads/images/original_untouched/166/417477.jpg"
            },
            "_links": {
                "self": {
                    "href": "https://api.tvmaze.com/characters/10769"
                }
            }
        },
        "self": false,
        "voice": false
    },
    {
        "person": {
            "id": 10257,
            "url": "https://www.tvmaze.com/people/10257/andrew-lincoln",
            "name": "Andrew Lincoln",
            "country": {
                "name": "United Kingdom",
                "code": "GB",
                "timezone": "Europe/London"
            },
            "birthday": "1973-09-14",
            "deathday": null,
            "gender": "Male",
            "image": {
                "medium": "https://static.tvmaze.com/uploads/images/medium_portrait/2/5794.jpg",
                "original": "https://static.tvmaze.com/uploads/images/original_untouched/2/5794.jpg"
            },
            "updated": 1677276348,
            "_links": {
                "self": {
                    "href": "https://api.tvmaze.com/people/10257"
                }
            }
        },
        "character": {
            "id": 10763,
            "url": "https://www.tvmaze.com/characters/10763/the-walking-dead-rick-grimes",
            "name": "Rick Grimes",
            "image": {
                "medium": "https://static.tvmaze.com/uploads/images/medium_portrait/166/417473.jpg",
                "original": "https://static.tvmaze.com/uploads/images/original_untouched/166/417473.jpg"
            },
            "_links": {
                "self": {
                    "href": "https://api.tvmaze.com/characters/10763"
                }
            }
        },
        "self": false,
        "voice": false
    },
    {
        "person": {
            "id": 3358,
            "url": "https://www.tvmaze.com/people/3358/lauren-cohan",
            "name": "Lauren Cohan",
            "country": {
                "name": "United States",
                "code": "US",
                "timezone": "America/New_York"
            },
            "birthday": "1982-01-07",
            "deathday": null,
            "gender": "Female",
            "image": {
                "medium": "https://static.tvmaze.com/uploads/images/medium_portrait/175/439851.jpg",
                "original": "https://static.tvmaze.com/uploads/images/original_untouched/175/439851.jpg"
            },
            "updated": 1688728650,
            "_links": {
                "self": {
                    "href": "https://api.tvmaze.com/people/3358"
                }
            }
        },
        "character": {
            "id": 10766,
            "url": "https://www.tvmaze.com/characters/10766/the-walking-dead-maggie-greene",
            "name": "Maggie Greene",
            "image": {
                "medium": "https://static.tvmaze.com/uploads/images/medium_portrait/166/417475.jpg",
                "original": "https://static.tvmaze.com/uploads/images/original_untouched/166/417475.jpg"
            },
            "_links": {
                "self": {
                    "href": "https://api.tvmaze.com/characters/10766"
                }
            }
        },
        "self": false,
        "voice": false
    },
    {
        "person": {
            "id": 9475,
            "url": "https://www.tvmaze.com/people/9475/christian-serratos",
            "name": "Christian Serratos",
            "country": {
                "name": "United States",
                "code": "US",
                "timezone": "America/New_York"
            },
            "birthday": "1990-09-21",
            "deathday": null,
            "gender": "Female",
            "image": {
                "medium": "https://static.tvmaze.com/uploads/images/medium_portrait/12/31744.jpg",
                "original": "https://static.tvmaze.com/uploads/images/original_untouched/12/31744.jpg"
            },
            "updated": 1684893690,
            "_links": {
                "self": {
                    "href": "https://api.tvmaze.com/people/9475"
                }
            }
        },
        "character": {
            "id": 10981,
            "url": "https://www.tvmaze.com/characters/10981/the-walking-dead-rosita-espinosa",
            "name": "Rosita Espinosa",
            "image": {
                "medium": "https://static.tvmaze.com/uploads/images/medium_portrait/166/417478.jpg",
                "original": "https://static.tvmaze.com/uploads/images/original_untouched/166/417478.jpg"
            },
            "_links": {
                "self": {
                    "href": "https://api.tvmaze.com/characters/10981"
                }
            }
        },
        "self": false,
        "voice": false
    },
    {
        "person": {
            "id": 10260,
            "url": "https://www.tvmaze.com/people/10260/danai-gurira",
            "name": "Danai Gurira",
            "country": {
                "name": "United States",
                "code": "US",
                "timezone": "America/New_York"
            },
            "birthday": "1978-02-14",
            "deathday": null,
            "gender": "Female",
            "image": {
                "medium": "https://static.tvmaze.com/uploads/images/medium_portrait/2/5798.jpg",
                "original": "https://static.tvmaze.com/uploads/images/original_untouched/2/5798.jpg"
            },
            "updated": 1686263439,
            "_links": {
                "self": {
                    "href": "https://api.tvmaze.com/people/10260"
                }
            }
        },
        "character": {
            "id": 10768,
            "url": "https://www.tvmaze.com/characters/10768/the-walking-dead-michonne-hawthorne",
            "name": "Michonne Hawthorne",
            "image": {
                "medium": "https://static.tvmaze.com/uploads/images/medium_portrait/166/417476.jpg",
                "original": "https://static.tvmaze.com/uploads/images/original_untouched/166/417476.jpg"
            },
            "_links": {
                "self": {
                    "href": "https://api.tvmaze.com/characters/10768"
                }
            }
        },
        "self": false,
        "voice": false
    },
    {
        "person": {
            "id": 10446,
            "url": "https://www.tvmaze.com/people/10446/josh-mcdermitt",
            "name": "Josh McDermitt",
            "country": {
                "name": "United States",
                "code": "US",
                "timezone": "America/New_York"
            },
            "birthday": "1978-06-04",
            "deathday": null,
            "gender": "Male",
            "image": {
                "medium": "https://static.tvmaze.com/uploads/images/medium_portrait/458/1147420.jpg",
                "original": "https://static.tvmaze.com/uploads/images/original_untouched/458/1147420.jpg"
            },
            "updated": 1682627296,
            "_links": {
                "self": {
                    "href": "https://api.tvmaze.com/people/10446"
                }
            }
        },
        "character": {
            "id": 53369,
            "url": "https://www.tvmaze.com/characters/53369/the-walking-dead-eugene-porter",
            "name": "Eugene Porter",
            "image": {
                "medium": "https://static.tvmaze.com/uploads/images/medium_portrait/166/417480.jpg",
                "original": "https://static.tvmaze.com/uploads/images/original_untouched/166/417480.jpg"
            },
            "_links": {
                "self": {
                    "href": "https://api.tvmaze.com/characters/53369"
                }
            }
        },
        "self": false,
        "voice": false
    },
    {
        "person": {
            "id": 10259,
            "url": "https://www.tvmaze.com/people/10259/chandler-riggs",
            "name": "Chandler Riggs",
            "country": {
                "name": "United States",
                "code": "US",
                "timezone": "America/New_York"
            },
            "birthday": "1999-06-27",
            "deathday": null,
            "gender": "Male",
            "image": {
                "medium": "https://static.tvmaze.com/uploads/images/medium_portrait/185/462523.jpg",
                "original": "https://static.tvmaze.com/uploads/images/original_untouched/185/462523.jpg"
            },
            "updated": 1669133009,
            "_links": {
                "self": {
                    "href": "https://api.tvmaze.com/people/10259"
                }
            }
        },
        "character": {
            "id": 10767,
            "url": "https://www.tvmaze.com/characters/10767/the-walking-dead-carl-grimes",
            "name": "Carl Grimes",
            "image": {
                "medium": "https://static.tvmaze.com/uploads/images/medium_portrait/44/111990.jpg",
                "original": "https://static.tvmaze.com/uploads/images/original_untouched/44/111990.jpg"
            },
            "_links": {
                "self": {
                    "href": "https://api.tvmaze.com/characters/10767"
                }
            }
        },
        "self": false,
        "voice": false
    },
    {
        "person": {
            "id": 1087,
            "url": "https://www.tvmaze.com/people/1087/seth-gilliam",
            "name": "Seth Gilliam",
            "country": {
                "name": "United States",
                "code": "US",
                "timezone": "America/New_York"
            },
            "birthday": "1968-11-05",
            "deathday": null,
            "gender": "Male",
            "image": {
                "medium": "https://static.tvmaze.com/uploads/images/medium_portrait/2/6021.jpg",
                "original": "https://static.tvmaze.com/uploads/images/original_untouched/2/6021.jpg"
            },
            "updated": 1685711045,
            "_links": {
                "self": {
                    "href": "https://api.tvmaze.com/people/1087"
                }
            }
        },
        "character": {
            "id": 53373,
            "url": "https://www.tvmaze.com/characters/53373/the-walking-dead-father-gabriel-stokes",
            "name": "Father Gabriel Stokes",
            "image": {
                "medium": "https://static.tvmaze.com/uploads/images/medium_portrait/166/417481.jpg",
                "original": "https://static.tvmaze.com/uploads/images/original_untouched/166/417481.jpg"
            },
            "_links": {
                "self": {
                    "href": "https://api.tvmaze.com/characters/53373"
                }
            }
        },
        "self": false,
        "voice": false
    },
    {
        "person": {
            "id": 42668,
            "url": "https://www.tvmaze.com/people/42668/ross-marquand",
            "name": "Ross Marquand",
            "country": {
                "name": "United States",
                "code": "US",
                "timezone": "America/New_York"
            },
            "birthday": "1981-08-27",
            "deathday": null,
            "gender": "Male",
            "image": {
                "medium": "https://static.tvmaze.com/uploads/images/medium_portrait/8/22181.jpg",
                "original": "https://static.tvmaze.com/uploads/images/original_untouched/8/22181.jpg"
            },
            "updated": 1678790013,
            "_links": {
                "self": {
                    "href": "https://api.tvmaze.com/people/42668"
                }
            }
        },
        "character": {
            "id": 100420,
            "url": "https://www.tvmaze.com/characters/100420/the-walking-dead-aaron",
            "name": "Aaron",
            "image": {
                "medium": "https://static.tvmaze.com/uploads/images/medium_portrait/166/417482.jpg",
                "original": "https://static.tvmaze.com/uploads/images/original_untouched/166/417482.jpg"
            },
            "_links": {
                "self": {
                    "href": "https://api.tvmaze.com/characters/100420"
                }
            }
        },
        "self": false,
        "voice": false
    },
    {
        "person": {
            "id": 10258,
            "url": "https://www.tvmaze.com/people/10258/steven-yeun",
            "name": "Steven Yeun",
            "country": {
                "name": "Korea, Republic of",
                "code": "KR",
                "timezone": "Asia/Seoul"
            },
            "birthday": "1983-12-21",
            "deathday": null,
            "gender": "Male",
            "image": {
                "medium": "https://static.tvmaze.com/uploads/images/medium_portrait/48/121709.jpg",
                "original": "https://static.tvmaze.com/uploads/images/original_untouched/48/121709.jpg"
            },
            "updated": 1684323517,
            "_links": {
                "self": {
                    "href": "https://api.tvmaze.com/people/10258"
                }
            }
        },
        "character": {
            "id": 10765,
            "url": "https://www.tvmaze.com/characters/10765/the-walking-dead-glenn-rhee",
            "name": "Glenn Rhee",
            "image": {
                "medium": "https://static.tvmaze.com/uploads/images/medium_portrait/44/111991.jpg",
                "original": "https://static.tvmaze.com/uploads/images/original_untouched/44/111991.jpg"
            },
            "_links": {
                "self": {
                    "href": "https://api.tvmaze.com/characters/10765"
                }
            }
        },
        "self": false,
        "voice": false
    },
    {
        "person": {
            "id": 3388,
            "url": "https://www.tvmaze.com/people/3388/jeffrey-dean-morgan",
            "name": "Jeffrey Dean Morgan",
            "country": {
                "name": "United States",
                "code": "US",
                "timezone": "America/New_York"
            },
            "birthday": "1966-04-22",
            "deathday": null,
            "gender": "Male",
            "image": {
                "medium": "https://static.tvmaze.com/uploads/images/medium_portrait/0/2498.jpg",
                "original": "https://static.tvmaze.com/uploads/images/original_untouched/0/2498.jpg"
            },
            "updated": 1688728650,
            "_links": {
                "self": {
                    "href": "https://api.tvmaze.com/people/3388"
                }
            }
        },
        "character": {
            "id": 267824,
            "url": "https://www.tvmaze.com/characters/267824/the-walking-dead-negan",
            "name": "Negan",
            "image": {
                "medium": "https://static.tvmaze.com/uploads/images/medium_portrait/81/204644.jpg",
                "original": "https://static.tvmaze.com/uploads/images/original_untouched/81/204644.jpg"
            },
            "_links": {
                "self": {
                    "href": "https://api.tvmaze.com/characters/267824"
                }
            }
        },
        "self": false,
        "voice": false
    },
    {
        "person": {
            "id": 10437,
            "url": "https://www.tvmaze.com/people/10437/alanna-masterson",
            "name": "Alanna Masterson",
            "country": {
                "name": "United States",
                "code": "US",
                "timezone": "America/New_York"
            },
            "birthday": "1988-06-27",
            "deathday": null,
            "gender": "Female",
            "image": {
                "medium": "https://static.tvmaze.com/uploads/images/medium_portrait/24/61695.jpg",
                "original": "https://static.tvmaze.com/uploads/images/original_untouched/24/61695.jpg"
            },
            "updated": 1671587536,
            "_links": {
                "self": {
                    "href": "https://api.tvmaze.com/people/10437"
                }
            }
        },
        "character": {
            "id": 10963,
            "url": "https://www.tvmaze.com/characters/10963/the-walking-dead-tara-chambler",
            "name": "Tara Chambler",
            "image": {
                "medium": "https://static.tvmaze.com/uploads/images/medium_portrait/166/417479.jpg",
                "original": "https://static.tvmaze.com/uploads/images/original_untouched/166/417479.jpg"
            },
            "_links": {
                "self": {
                    "href": "https://api.tvmaze.com/characters/10963"
                }
            }
        },
        "self": false,
        "voice": false
    },
    {
        "person": {
            "id": 103397,
            "url": "https://www.tvmaze.com/people/103397/cooper-andrews",
            "name": "Cooper Andrews",
            "country": {
                "name": "United States",
                "code": "US",
                "timezone": "America/New_York"
            },
            "birthday": "1985-03-10",
            "deathday": null,
            "gender": "Male",
            "image": {
                "medium": "https://static.tvmaze.com/uploads/images/medium_portrait/66/166775.jpg",
                "original": "https://static.tvmaze.com/uploads/images/original_untouched/66/166775.jpg"
            },
            "updated": 1686857796,
            "_links": {
                "self": {
                    "href": "https://api.tvmaze.com/people/103397"
                }
            }
        },
        "character": {
            "id": 342232,
            "url": "https://www.tvmaze.com/characters/342232/the-walking-dead-jerry",
            "name": "Jerry",
            "image": {
                "medium": "https://static.tvmaze.com/uploads/images/medium_portrait/166/417488.jpg",
                "original": "https://static.tvmaze.com/uploads/images/original_untouched/166/417488.jpg"
            },
            "_links": {
                "self": {
                    "href": "https://api.tvmaze.com/characters/342232"
                }
            }
        },
        "self": false,
        "voice": false
    },
    {
        "person": {
            "id": 13082,
            "url": "https://www.tvmaze.com/people/13082/khary-payton",
            "name": "Khary Payton",
            "country": {
                "name": "United States",
                "code": "US",
                "timezone": "America/New_York"
            },
            "birthday": "1972-05-16",
            "deathday": null,
            "gender": "Male",
            "image": {
                "medium": "https://static.tvmaze.com/uploads/images/medium_portrait/135/339614.jpg",
                "original": "https://static.tvmaze.com/uploads/images/original_untouched/135/339614.jpg"
            },
            "updated": 1688323109,
            "_links": {
                "self": {
                    "href": "https://api.tvmaze.com/people/13082"
                }
            }
        },
        "character": {
            "id": 342036,
            "url": "https://www.tvmaze.com/characters/342036/the-walking-dead-ezekiel",
            "name": "Ezekiel",
            "image": {
                "medium": "https://static.tvmaze.com/uploads/images/medium_portrait/166/417485.jpg",
                "original": "https://static.tvmaze.com/uploads/images/original_untouched/166/417485.jpg"
            },
            "_links": {
                "self": {
                    "href": "https://api.tvmaze.com/characters/342036"
                }
            }
        },
        "self": false,
        "voice": false
    },
    {
        "person": {
            "id": 3257,
            "url": "https://www.tvmaze.com/people/3257/sonequa-martin-green",
            "name": "Sonequa Martin-Green",
            "country": {
                "name": "United States",
                "code": "US",
                "timezone": "America/New_York"
            },
            "birthday": "1985-03-21",
            "deathday": null,
            "gender": "Female",
            "image": {
                "medium": "https://static.tvmaze.com/uploads/images/medium_portrait/1/4578.jpg",
                "original": "https://static.tvmaze.com/uploads/images/original_untouched/1/4578.jpg"
            },
            "updated": 1669133038,
            "_links": {
                "self": {
                    "href": "https://api.tvmaze.com/people/3257"
                }
            }
        },
        "character": {
            "id": 58932,
            "url": "https://www.tvmaze.com/characters/58932/the-walking-dead-sasha-williams",
            "name": "Sasha Williams",
            "image": {
                "medium": "https://static.tvmaze.com/uploads/images/medium_portrait/44/112000.jpg",
                "original": "https://static.tvmaze.com/uploads/images/original_untouched/44/112000.jpg"
            },
            "_links": {
                "self": {
                    "href": "https://api.tvmaze.com/characters/58932"
                }
            }
        },
        "self": false,
        "voice": false
    },
    {
        "person": {
            "id": 188101,
            "url": "https://www.tvmaze.com/people/188101/cailey-fleming",
            "name": "Cailey Fleming",
            "country": {
                "name": "United States",
                "code": "US",
                "timezone": "America/New_York"
            },
            "birthday": "2007-03-25",
            "deathday": null,
            "gender": "Female",
            "image": {
                "medium": "https://static.tvmaze.com/uploads/images/medium_portrait/127/318684.jpg",
                "original": "https://static.tvmaze.com/uploads/images/original_untouched/127/318684.jpg"
            },
            "updated": 1669028817,
            "_links": {
                "self": {
                    "href": "https://api.tvmaze.com/people/188101"
                }
            }
        },
        "character": {
            "id": 10936,
            "url": "https://www.tvmaze.com/characters/10936/the-walking-dead-judith-grimes",
            "name": "Judith Grimes",
            "image": {
                "medium": "https://static.tvmaze.com/uploads/images/medium_portrait/184/460929.jpg",
                "original": "https://static.tvmaze.com/uploads/images/original_untouched/184/460929.jpg"
            },
            "_links": {
                "self": {
                    "href": "https://api.tvmaze.com/characters/10936"
                }
            }
        },
        "self": false,
        "voice": false
    },
    {
        "person": {
            "id": 6358,
            "url": "https://www.tvmaze.com/people/6358/katelyn-nacon",
            "name": "Katelyn Nacon",
            "country": {
                "name": "United States",
                "code": "US",
                "timezone": "America/New_York"
            },
            "birthday": "1999-06-11",
            "deathday": null,
            "gender": "Female",
            "image": {
                "medium": "https://static.tvmaze.com/uploads/images/medium_portrait/31/78524.jpg",
                "original": "https://static.tvmaze.com/uploads/images/original_untouched/31/78524.jpg"
            },
            "updated": 1543213919,
            "_links": {
                "self": {
                    "href": "https://api.tvmaze.com/people/6358"
                }
            }
        },
        "character": {
            "id": 100995,
            "url": "https://www.tvmaze.com/characters/100995/the-walking-dead-enid",
            "name": "Enid",
            "image": {
                "medium": "https://static.tvmaze.com/uploads/images/medium_portrait/166/417483.jpg",
                "original": "https://static.tvmaze.com/uploads/images/original_untouched/166/417483.jpg"
            },
            "_links": {
                "self": {
                    "href": "https://api.tvmaze.com/characters/100995"
                }
            }
        },
        "self": false,
        "voice": false
    },
    {
        "person": {
            "id": 10303,
            "url": "https://www.tvmaze.com/people/10303/lennie-james",
            "name": "Lennie James",
            "country": {
                "name": "United Kingdom",
                "code": "GB",
                "timezone": "Europe/London"
            },
            "birthday": "1965-10-11",
            "deathday": null,
            "gender": "Male",
            "image": {
                "medium": "https://static.tvmaze.com/uploads/images/medium_portrait/2/5813.jpg",
                "original": "https://static.tvmaze.com/uploads/images/original_untouched/2/5813.jpg"
            },
            "updated": 1686931234,
            "_links": {
                "self": {
                    "href": "https://api.tvmaze.com/people/10303"
                }
            }
        },
        "character": {
            "id": 10793,
            "url": "https://www.tvmaze.com/characters/10793/the-walking-dead-morgan-jones",
            "name": "Morgan Jones",
            "image": {
                "medium": "https://static.tvmaze.com/uploads/images/medium_portrait/44/112018.jpg",
                "original": "https://static.tvmaze.com/uploads/images/original_untouched/44/112018.jpg"
            },
            "_links": {
                "self": {
                    "href": "https://api.tvmaze.com/characters/10793"
                }
            }
        },
        "self": false,
        "voice": false
    },
    {
        "person": {
            "id": 10339,
            "url": "https://www.tvmaze.com/people/10339/emily-kinney",
            "name": "Emily Kinney",
            "country": {
                "name": "United States",
                "code": "US",
                "timezone": "America/New_York"
            },
            "birthday": "1985-08-15",
            "deathday": null,
            "gender": "Female",
            "image": {
                "medium": "https://static.tvmaze.com/uploads/images/medium_portrait/78/195993.jpg",
                "original": "https://static.tvmaze.com/uploads/images/original_untouched/78/195993.jpg"
            },
            "updated": 1676343592,
            "_links": {
                "self": {
                    "href": "https://api.tvmaze.com/people/10339"
                }
            }
        },
        "character": {
            "id": 10843,
            "url": "https://www.tvmaze.com/characters/10843/the-walking-dead-beth-greene",
            "name": "Beth Greene",
            "image": {
                "medium": "https://static.tvmaze.com/uploads/images/medium_portrait/0/517.jpg",
                "original": "https://static.tvmaze.com/uploads/images/original_untouched/0/517.jpg"
            },
            "_links": {
                "self": {
                    "href": "https://api.tvmaze.com/characters/10843"
                }
            }
        },
        "self": false,
        "voice": false
    },
    {
        "person": {
            "id": 38143,
            "url": "https://www.tvmaze.com/people/38143/eleanor-matsuura",
            "name": "Eleanor Matsuura",
            "country": {
                "name": "Japan",
                "code": "JP",
                "timezone": "Asia/Tokyo"
            },
            "birthday": "1983-07-16",
            "deathday": null,
            "gender": "Female",
            "image": {
                "medium": "https://static.tvmaze.com/uploads/images/medium_portrait/158/395062.jpg",
                "original": "https://static.tvmaze.com/uploads/images/original_untouched/158/395062.jpg"
            },
            "updated": 1669064004,
            "_links": {
                "self": {
                    "href": "https://api.tvmaze.com/people/38143"
                }
            }
        },
        "character": {
            "id": 570065,
            "url": "https://www.tvmaze.com/characters/570065/the-walking-dead-yumiko-okumura",
            "name": "Yumiko Okumura",
            "image": {
                "medium": "https://static.tvmaze.com/uploads/images/medium_portrait/174/436540.jpg",
                "original": "https://static.tvmaze.com/uploads/images/original_untouched/174/436540.jpg"
            },
            "_links": {
                "self": {
                    "href": "https://api.tvmaze.com/characters/570065"
                }
            }
        },
        "self": false,
        "voice": false
    },
    {
        "person": {
            "id": 10262,
            "url": "https://www.tvmaze.com/people/10262/scott-wilson",
            "name": "Scott Wilson",
            "country": {
                "name": "United States",
                "code": "US",
                "timezone": "America/New_York"
            },
            "birthday": "1942-03-29",
            "deathday": "2018-10-06",
            "gender": "Male",
            "image": {
                "medium": "https://static.tvmaze.com/uploads/images/medium_portrait/2/5800.jpg",
                "original": "https://static.tvmaze.com/uploads/images/original_untouched/2/5800.jpg"
            },
            "updated": 1662497896,
            "_links": {
                "self": {
                    "href": "https://api.tvmaze.com/people/10262"
                }
            }
        },
        "character": {
            "id": 10770,
            "url": "https://www.tvmaze.com/characters/10770/the-walking-dead-hershel-greene",
            "name": "Hershel Greene",
            "image": {
                "medium": "https://static.tvmaze.com/uploads/images/medium_portrait/0/518.jpg",
                "original": "https://static.tvmaze.com/uploads/images/original_untouched/0/518.jpg"
            },
            "_links": {
                "self": {
                    "href": "https://api.tvmaze.com/characters/10770"
                }
            }
        },
        "self": false,
        "voice": false
    },
    {
        "person": {
            "id": 10266,
            "url": "https://www.tvmaze.com/people/10266/laurie-holden",
            "name": "Laurie Holden",
            "country": {
                "name": "United States",
                "code": "US",
                "timezone": "America/New_York"
            },
            "birthday": "1969-12-17",
            "deathday": null,
            "gender": "Female",
            "image": {
                "medium": "https://static.tvmaze.com/uploads/images/medium_portrait/2/5804.jpg",
                "original": "https://static.tvmaze.com/uploads/images/original_untouched/2/5804.jpg"
            },
            "updated": 1669132998,
            "_links": {
                "self": {
                    "href": "https://api.tvmaze.com/people/10266"
                }
            }
        },
        "character": {
            "id": 10775,
            "url": "https://www.tvmaze.com/characters/10775/the-walking-dead-andrea",
            "name": "Andrea",
            "image": {
                "medium": "https://static.tvmaze.com/uploads/images/medium_portrait/0/523.jpg",
                "original": "https://static.tvmaze.com/uploads/images/original_untouched/0/523.jpg"
            },
            "_links": {
                "self": {
                    "href": "https://api.tvmaze.com/characters/10775"
                }
            }
        },
        "self": false,
        "voice": false
    },
    {
        "person": {
            "id": 129639,
            "url": "https://www.tvmaze.com/people/129639/nadia-hilker",
            "name": "Nadia Hilker",
            "country": {
                "name": "Germany",
                "code": "DE",
                "timezone": "Europe/Busingen"
            },
            "birthday": "1988-12-01",
            "deathday": null,
            "gender": "Female",
            "image": {
                "medium": "https://static.tvmaze.com/uploads/images/medium_portrait/55/137865.jpg",
                "original": "https://static.tvmaze.com/uploads/images/original_untouched/55/137865.jpg"
            },
            "updated": 1669064004,
            "_links": {
                "self": {
                    "href": "https://api.tvmaze.com/people/129639"
                }
            }
        },
        "character": {
            "id": 570067,
            "url": "https://www.tvmaze.com/characters/570067/the-walking-dead-magna",
            "name": "Magna",
            "image": {
                "medium": "https://static.tvmaze.com/uploads/images/medium_portrait/174/436292.jpg",
                "original": "https://static.tvmaze.com/uploads/images/original_untouched/174/436292.jpg"
            },
            "_links": {
                "self": {
                    "href": "https://api.tvmaze.com/characters/570067"
                }
            }
        },
        "self": false,
        "voice": false
    },
    {
        "person": {
            "id": 219387,
            "url": "https://www.tvmaze.com/people/219387/angel-theory",
            "name": "Angel Theory",
            "country": {
                "name": "United States",
                "code": "US",
                "timezone": "America/New_York"
            },
            "birthday": "1999-05-16",
            "deathday": null,
            "gender": "Female",
            "image": {
                "medium": "https://static.tvmaze.com/uploads/images/medium_portrait/173/434642.jpg",
                "original": "https://static.tvmaze.com/uploads/images/original_untouched/173/434642.jpg"
            },
            "updated": 1669064004,
            "_links": {
                "self": {
                    "href": "https://api.tvmaze.com/people/219387"
                }
            }
        },
        "character": {
            "id": 570069,
            "url": "https://www.tvmaze.com/characters/570069/the-walking-dead-kelly",
            "name": "Kelly",
            "image": {
                "medium": "https://static.tvmaze.com/uploads/images/medium_portrait/174/436294.jpg",
                "original": "https://static.tvmaze.com/uploads/images/original_untouched/174/436294.jpg"
            },
            "_links": {
                "self": {
                    "href": "https://api.tvmaze.com/characters/570069"
                }
            }
        },
        "self": false,
        "voice": false
    },
    {
        "person": {
            "id": 56104,
            "url": "https://www.tvmaze.com/people/56104/cassady-mcclincy",
            "name": "Cassady McClincy",
            "country": null,
            "birthday": "2000-09-01",
            "deathday": null,
            "gender": "Female",
            "image": {
                "medium": "https://static.tvmaze.com/uploads/images/medium_portrait/131/328578.jpg",
                "original": "https://static.tvmaze.com/uploads/images/original_untouched/131/328578.jpg"
            },
            "updated": 1669028817,
            "_links": {
                "self": {
                    "href": "https://api.tvmaze.com/people/56104"
                }
            }
        },
        "character": {
            "id": 593882,
            "url": "https://www.tvmaze.com/characters/593882/the-walking-dead-lydia",
            "name": "Lydia",
            "image": {
                "medium": "https://static.tvmaze.com/uploads/images/medium_portrait/185/463752.jpg",
                "original": "https://static.tvmaze.com/uploads/images/original_untouched/185/463752.jpg"
            },
            "_links": {
                "self": {
                    "href": "https://api.tvmaze.com/characters/593882"
                }
            }
        },
        "self": false,
        "voice": false
    },
    {
        "person": {
            "id": 10447,
            "url": "https://www.tvmaze.com/people/10447/michael-cudlitz",
            "name": "Michael Cudlitz",
            "country": {
                "name": "United States",
                "code": "US",
                "timezone": "America/New_York"
            },
            "birthday": "1964-12-29",
            "deathday": null,
            "gender": "Male",
            "image": {
                "medium": "https://static.tvmaze.com/uploads/images/medium_portrait/465/1162992.jpg",
                "original": "https://static.tvmaze.com/uploads/images/original_untouched/465/1162992.jpg"
            },
            "updated": 1687348586,
            "_links": {
                "self": {
                    "href": "https://api.tvmaze.com/people/10447"
                }
            }
        },
        "character": {
            "id": 102304,
            "url": "https://www.tvmaze.com/characters/102304/the-walking-dead-sgt-abraham-ford",
            "name": "Sgt. Abraham Ford",
            "image": {
                "medium": "https://static.tvmaze.com/uploads/images/medium_portrait/44/112007.jpg",
                "original": "https://static.tvmaze.com/uploads/images/original_untouched/44/112007.jpg"
            },
            "_links": {
                "self": {
                    "href": "https://api.tvmaze.com/characters/102304"
                }
            }
        },
        "self": false,
        "voice": false
    },
    {
        "person": {
            "id": 127121,
            "url": "https://www.tvmaze.com/people/127121/callan-mcauliffe",
            "name": "Callan McAuliffe",
            "country": {
                "name": "Australia",
                "code": "AU",
                "timezone": "Australia/Sydney"
            },
            "birthday": null,
            "deathday": null,
            "gender": "Male",
            "image": {
                "medium": "https://static.tvmaze.com/uploads/images/medium_portrait/53/132856.jpg",
                "original": "https://static.tvmaze.com/uploads/images/original_untouched/53/132856.jpg"
            },
            "updated": 1670507133,
            "_links": {
                "self": {
                    "href": "https://api.tvmaze.com/people/127121"
                }
            }
        },
        "character": {
            "id": 474565,
            "url": "https://www.tvmaze.com/characters/474565/the-walking-dead-alden",
            "name": "Alden",
            "image": {
                "medium": "https://static.tvmaze.com/uploads/images/medium_portrait/166/417487.jpg",
                "original": "https://static.tvmaze.com/uploads/images/original_untouched/166/417487.jpg"
            },
            "_links": {
                "self": {
                    "href": "https://api.tvmaze.com/characters/474565"
                }
            }
        },
        "self": false,
        "voice": false
    },
    {
        "person": {
            "id": 213957,
            "url": "https://www.tvmaze.com/people/213957/lauren-ridloff",
            "name": "Lauren Ridloff",
            "country": {
                "name": "United States",
                "code": "US",
                "timezone": "America/New_York"
            },
            "birthday": "1978-04-06",
            "deathday": null,
            "gender": "Female",
            "image": {
                "medium": "https://static.tvmaze.com/uploads/images/medium_portrait/165/413044.jpg",
                "original": "https://static.tvmaze.com/uploads/images/original_untouched/165/413044.jpg"
            },
            "updated": 1674289608,
            "_links": {
                "self": {
                    "href": "https://api.tvmaze.com/people/213957"
                }
            }
        },
        "character": {
            "id": 570068,
            "url": "https://www.tvmaze.com/characters/570068/the-walking-dead-connie",
            "name": "Connie",
            "image": {
                "medium": "https://static.tvmaze.com/uploads/images/medium_portrait/174/436295.jpg",
                "original": "https://static.tvmaze.com/uploads/images/original_untouched/174/436295.jpg"
            },
            "_links": {
                "self": {
                    "href": "https://api.tvmaze.com/characters/570068"
                }
            }
        },
        "self": false,
        "voice": false
    },
    {
        "person": {
            "id": 134207,
            "url": "https://www.tvmaze.com/people/134207/avi-nash",
            "name": "Avi Nash",
            "country": null,
            "birthday": null,
            "deathday": null,
            "gender": "Male",
            "image": {
                "medium": "https://static.tvmaze.com/uploads/images/medium_portrait/132/330703.jpg",
                "original": "https://static.tvmaze.com/uploads/images/original_untouched/132/330703.jpg"
            },
            "updated": 1688094600,
            "_links": {
                "self": {
                    "href": "https://api.tvmaze.com/people/134207"
                }
            }
        },
        "character": {
            "id": 472666,
            "url": "https://www.tvmaze.com/characters/472666/the-walking-dead-siddiq",
            "name": "Siddiq",
            "image": {
                "medium": "https://static.tvmaze.com/uploads/images/medium_portrait/136/341679.jpg",
                "original": "https://static.tvmaze.com/uploads/images/original_untouched/136/341679.jpg"
            },
            "_links": {
                "self": {
                    "href": "https://api.tvmaze.com/characters/472666"
                }
            }
        },
        "self": false,
        "voice": false
    },
    {
        "person": {
            "id": 10267,
            "url": "https://www.tvmaze.com/people/10267/sarah-wayne-callies",
            "name": "Sarah Wayne Callies",
            "country": {
                "name": "United States",
                "code": "US",
                "timezone": "America/New_York"
            },
            "birthday": "1977-06-01",
            "deathday": null,
            "gender": "Female",
            "image": {
                "medium": "https://static.tvmaze.com/uploads/images/medium_portrait/2/5805.jpg",
                "original": "https://static.tvmaze.com/uploads/images/original_untouched/2/5805.jpg"
            },
            "updated": 1682793605,
            "_links": {
                "self": {
                    "href": "https://api.tvmaze.com/people/10267"
                }
            }
        },
        "character": {
            "id": 10776,
            "url": "https://www.tvmaze.com/characters/10776/the-walking-dead-lori-grimes",
            "name": "Lori Grimes",
            "image": {
                "medium": "https://static.tvmaze.com/uploads/images/medium_portrait/0/525.jpg",
                "original": "https://static.tvmaze.com/uploads/images/original_untouched/0/525.jpg"
            },
            "_links": {
                "self": {
                    "href": "https://api.tvmaze.com/characters/10776"
                }
            }
        },
        "self": false,
        "voice": false
    },
    {
        "person": {
            "id": 50912,
            "url": "https://www.tvmaze.com/people/50912/tom-payne",
            "name": "Tom Payne",
            "country": {
                "name": "United Kingdom",
                "code": "GB",
                "timezone": "Europe/London"
            },
            "birthday": "1982-12-21",
            "deathday": null,
            "gender": "Male",
            "image": {
                "medium": "https://static.tvmaze.com/uploads/images/medium_portrait/163/409077.jpg",
                "original": "https://static.tvmaze.com/uploads/images/original_untouched/163/409077.jpg"
            },
            "updated": 1640813696,
            "_links": {
                "self": {
                    "href": "https://api.tvmaze.com/people/50912"
                }
            }
        },
        "character": {
            "id": 252768,
            "url": "https://www.tvmaze.com/characters/252768/the-walking-dead-paul-jesus-rovia",
            "name": "Paul \"Jesus\" Rovia",
            "image": {
                "medium": "https://static.tvmaze.com/uploads/images/medium_portrait/166/417484.jpg",
                "original": "https://static.tvmaze.com/uploads/images/original_untouched/166/417484.jpg"
            },
            "_links": {
                "self": {
                    "href": "https://api.tvmaze.com/characters/252768"
                }
            }
        },
        "self": false,
        "voice": false
    },
    {
        "person": {
            "id": 10265,
            "url": "https://www.tvmaze.com/people/10265/jon-bernthal",
            "name": "Jon Bernthal",
            "country": {
                "name": "United States",
                "code": "US",
                "timezone": "America/New_York"
            },
            "birthday": "1977-09-20",
            "deathday": null,
            "gender": "Male",
            "image": {
                "medium": "https://static.tvmaze.com/uploads/images/medium_portrait/55/137798.jpg",
                "original": "https://static.tvmaze.com/uploads/images/original_untouched/55/137798.jpg"
            },
            "updated": 1687640676,
            "_links": {
                "self": {
                    "href": "https://api.tvmaze.com/people/10265"
                }
            }
        },
        "character": {
            "id": 10774,
            "url": "https://www.tvmaze.com/characters/10774/the-walking-dead-shane-walsh",
            "name": "Shane Walsh",
            "image": {
                "medium": "https://static.tvmaze.com/uploads/images/medium_portrait/0/524.jpg",
                "original": "https://static.tvmaze.com/uploads/images/original_untouched/0/524.jpg"
            },
            "_links": {
                "self": {
                    "href": "https://api.tvmaze.com/characters/10774"
                }
            }
        },
        "self": false,
        "voice": false
    },
    {
        "person": {
            "id": 101339,
            "url": "https://www.tvmaze.com/people/101339/austin-amelio",
            "name": "Austin Amelio",
            "country": {
                "name": "United States",
                "code": "US",
                "timezone": "America/New_York"
            },
            "birthday": "1988-04-27",
            "deathday": null,
            "gender": "Male",
            "image": {
                "medium": "https://static.tvmaze.com/uploads/images/medium_portrait/50/126939.jpg",
                "original": "https://static.tvmaze.com/uploads/images/original_untouched/50/126939.jpg"
            },
            "updated": 1686931234,
            "_links": {
                "self": {
                    "href": "https://api.tvmaze.com/people/101339"
                }
            }
        },
        "character": {
            "id": 203872,
            "url": "https://www.tvmaze.com/characters/203872/the-walking-dead-dwight",
            "name": "Dwight",
            "image": {
                "medium": "https://static.tvmaze.com/uploads/images/medium_portrait/81/204643.jpg",
                "original": "https://static.tvmaze.com/uploads/images/original_untouched/81/204643.jpg"
            },
            "_links": {
                "self": {
                    "href": "https://api.tvmaze.com/characters/203872"
                }
            }
        },
        "self": false,
        "voice": false
    },
    {
        "person": {
            "id": 10310,
            "url": "https://www.tvmaze.com/people/10310/irone-singleton",
            "name": "IronE Singleton",
            "country": {
                "name": "United States",
                "code": "US",
                "timezone": "America/New_York"
            },
            "birthday": "1975-11-30",
            "deathday": null,
            "gender": "Male",
            "image": {
                "medium": "https://static.tvmaze.com/uploads/images/medium_portrait/135/339610.jpg",
                "original": "https://static.tvmaze.com/uploads/images/original_untouched/135/339610.jpg"
            },
            "updated": 1674654674,
            "_links": {
                "self": {
                    "href": "https://api.tvmaze.com/people/10310"
                }
            }
        },
        "character": {
            "id": 10800,
            "url": "https://www.tvmaze.com/characters/10800/the-walking-dead-t-dog",
            "name": "T-Dog",
            "image": {
                "medium": "https://static.tvmaze.com/uploads/images/medium_portrait/0/519.jpg",
                "original": "https://static.tvmaze.com/uploads/images/original_untouched/0/519.jpg"
            },
            "_links": {
                "self": {
                    "href": "https://api.tvmaze.com/characters/10800"
                }
            }
        },
        "self": false,
        "voice": false
    },
    {
        "person": {
            "id": 90609,
            "url": "https://www.tvmaze.com/people/90609/chad-l-coleman",
            "name": "Chad L. Coleman",
            "country": {
                "name": "United States",
                "code": "US",
                "timezone": "America/New_York"
            },
            "birthday": "1966-09-06",
            "deathday": null,
            "gender": "Male",
            "image": {
                "medium": "https://static.tvmaze.com/uploads/images/medium_portrait/178/446693.jpg",
                "original": "https://static.tvmaze.com/uploads/images/original_untouched/178/446693.jpg"
            },
            "updated": 1686326383,
            "_links": {
                "self": {
                    "href": "https://api.tvmaze.com/people/90609"
                }
            }
        },
        "character": {
            "id": 58931,
            "url": "https://www.tvmaze.com/characters/58931/the-walking-dead-tyreese-williams",
            "name": "Tyreese Williams",
            "image": {
                "medium": "https://static.tvmaze.com/uploads/images/medium_portrait/2/7124.jpg",
                "original": "https://static.tvmaze.com/uploads/images/original_untouched/2/7124.jpg"
            },
            "_links": {
                "self": {
                    "href": "https://api.tvmaze.com/characters/58931"
                }
            }
        },
        "self": false,
        "voice": false
    },
    {
        "person": {
            "id": 10264,
            "url": "https://www.tvmaze.com/people/10264/david-morrissey",
            "name": "David Morrissey",
            "country": {
                "name": "United Kingdom",
                "code": "GB",
                "timezone": "Europe/London"
            },
            "birthday": "1964-06-21",
            "deathday": null,
            "gender": "Male",
            "image": {
                "medium": "https://static.tvmaze.com/uploads/images/medium_portrait/2/5801.jpg",
                "original": "https://static.tvmaze.com/uploads/images/original_untouched/2/5801.jpg"
            },
            "updated": 1687214204,
            "_links": {
                "self": {
                    "href": "https://api.tvmaze.com/people/10264"
                }
            }
        },
        "character": {
            "id": 73211,
            "url": "https://www.tvmaze.com/characters/73211/the-walking-dead-governor-phillip-blake",
            "name": "Governor Phillip Blake",
            "image": {
                "medium": "https://static.tvmaze.com/uploads/images/medium_portrait/0/1116.jpg",
                "original": "https://static.tvmaze.com/uploads/images/original_untouched/0/1116.jpg"
            },
            "_links": {
                "self": {
                    "href": "https://api.tvmaze.com/characters/73211"
                }
            }
        },
        "self": false,
        "voice": false
    },
    {
        "person": {
            "id": 72088,
            "url": "https://www.tvmaze.com/people/72088/samantha-morton",
            "name": "Samantha Morton",
            "country": {
                "name": "United Kingdom",
                "code": "GB",
                "timezone": "Europe/London"
            },
            "birthday": "1977-05-13",
            "deathday": null,
            "gender": "Female",
            "image": {
                "medium": "https://static.tvmaze.com/uploads/images/medium_portrait/16/41696.jpg",
                "original": "https://static.tvmaze.com/uploads/images/original_untouched/16/41696.jpg"
            },
            "updated": 1667136000,
            "_links": {
                "self": {
                    "href": "https://api.tvmaze.com/people/72088"
                }
            }
        },
        "character": {
            "id": 579725,
            "url": "https://www.tvmaze.com/characters/579725/the-walking-dead-alpha",
            "name": "Alpha",
            "image": {
                "medium": "https://static.tvmaze.com/uploads/images/medium_portrait/177/444594.jpg",
                "original": "https://static.tvmaze.com/uploads/images/original_untouched/177/444594.jpg"
            },
            "_links": {
                "self": {
                    "href": "https://api.tvmaze.com/characters/579725"
                }
            }
        },
        "self": false,
        "voice": false
    },
    {
        "person": {
            "id": 7956,
            "url": "https://www.tvmaze.com/people/7956/jeffrey-demunn",
            "name": "Jeffrey DeMunn",
            "country": {
                "name": "United States",
                "code": "US",
                "timezone": "America/New_York"
            },
            "birthday": "1947-04-25",
            "deathday": null,
            "gender": "Male",
            "image": {
                "medium": "https://static.tvmaze.com/uploads/images/medium_portrait/2/5802.jpg",
                "original": "https://static.tvmaze.com/uploads/images/original_untouched/2/5802.jpg"
            },
            "updated": 1670177856,
            "_links": {
                "self": {
                    "href": "https://api.tvmaze.com/people/7956"
                }
            }
        },
        "character": {
            "id": 10773,
            "url": "https://www.tvmaze.com/characters/10773/the-walking-dead-dale-horvath",
            "name": "Dale Horvath",
            "image": {
                "medium": "https://static.tvmaze.com/uploads/images/medium_portrait/0/1117.jpg",
                "original": "https://static.tvmaze.com/uploads/images/original_untouched/0/1117.jpg"
            },
            "_links": {
                "self": {
                    "href": "https://api.tvmaze.com/characters/10773"
                }
            }
        },
        "self": false,
        "voice": false
    },
    {
        "person": {
            "id": 72042,
            "url": "https://www.tvmaze.com/people/72042/pollyanna-mcintosh",
            "name": "Pollyanna McIntosh",
            "country": {
                "name": "United Kingdom",
                "code": "GB",
                "timezone": "Europe/London"
            },
            "birthday": "1979-03-15",
            "deathday": null,
            "gender": "Female",
            "image": {
                "medium": "https://static.tvmaze.com/uploads/images/medium_portrait/26/65521.jpg",
                "original": "https://static.tvmaze.com/uploads/images/original_untouched/26/65521.jpg"
            },
            "updated": 1673576096,
            "_links": {
                "self": {
                    "href": "https://api.tvmaze.com/people/72042"
                }
            }
        },
        "character": {
            "id": 384093,
            "url": "https://www.tvmaze.com/characters/384093/the-walking-dead-jadis-anne",
            "name": "Jadis / Anne",
            "image": {
                "medium": "https://static.tvmaze.com/uploads/images/medium_portrait/166/417486.jpg",
                "original": "https://static.tvmaze.com/uploads/images/original_untouched/166/417486.jpg"
            },
            "_links": {
                "self": {
                    "href": "https://api.tvmaze.com/characters/384093"
                }
            }
        },
        "self": false,
        "voice": false
    },
    {
        "person": {
            "id": 168948,
            "url": "https://www.tvmaze.com/people/168948/paola-lazaro",
            "name": "Paola L\u00e1zaro",
            "country": {
                "name": "Puerto Rico",
                "code": "PR",
                "timezone": "America/Puerto_Rico"
            },
            "birthday": "1994-10-24",
            "deathday": null,
            "gender": "Female",
            "image": {
                "medium": "https://static.tvmaze.com/uploads/images/medium_portrait/104/261394.jpg",
                "original": "https://static.tvmaze.com/uploads/images/original_untouched/104/261394.jpg"
            },
            "updated": 1669028817,
            "_links": {
                "self": {
                    "href": "https://api.tvmaze.com/people/168948"
                }
            }
        },
        "character": {
            "id": 711217,
            "url": "https://www.tvmaze.com/characters/711217/the-walking-dead-juanita-sanchez-princess",
            "name": "Juanita Sanchez / Princess",
            "image": {
                "medium": "https://static.tvmaze.com/uploads/images/medium_portrait/249/623032.jpg",
                "original": "https://static.tvmaze.com/uploads/images/original_untouched/249/623032.jpg"
            },
            "_links": {
                "self": {
                    "href": "https://api.tvmaze.com/characters/711217"
                }
            }
        },
        "self": false,
        "voice": false
    },
    {
        "person": {
            "id": 10263,
            "url": "https://www.tvmaze.com/people/10263/michael-rooker",
            "name": "Michael Rooker",
            "country": {
                "name": "United States",
                "code": "US",
                "timezone": "America/New_York"
            },
            "birthday": "1955-04-06",
            "deathday": null,
            "gender": "Male",
            "image": {
                "medium": "https://static.tvmaze.com/uploads/images/medium_portrait/30/76150.jpg",
                "original": "https://static.tvmaze.com/uploads/images/original_untouched/30/76150.jpg"
            },
            "updated": 1683022939,
            "_links": {
                "self": {
                    "href": "https://api.tvmaze.com/people/10263"
                }
            }
        },
        "character": {
            "id": 10771,
            "url": "https://www.tvmaze.com/characters/10771/the-walking-dead-merle-dixon",
            "name": "Merle Dixon",
            "image": {
                "medium": "https://static.tvmaze.com/uploads/images/medium_portrait/0/516.jpg",
                "original": "https://static.tvmaze.com/uploads/images/original_untouched/0/516.jpg"
            },
            "_links": {
                "self": {
                    "href": "https://api.tvmaze.com/characters/10771"
                }
            }
        },
        "self": false,
        "voice": false
    },
    {
        "person": {
            "id": 61603,
            "url": "https://www.tvmaze.com/people/61603/lawrence-gilliard-jr",
            "name": "Lawrence Gilliard Jr.",
            "country": {
                "name": "United States",
                "code": "US",
                "timezone": "America/New_York"
            },
            "birthday": "1971-09-22",
            "deathday": null,
            "gender": "Male",
            "image": {
                "medium": "https://static.tvmaze.com/uploads/images/medium_portrait/2/5812.jpg",
                "original": "https://static.tvmaze.com/uploads/images/original_untouched/2/5812.jpg"
            },
            "updated": 1685644020,
            "_links": {
                "self": {
                    "href": "https://api.tvmaze.com/people/61603"
                }
            }
        },
        "character": {
            "id": 11016,
            "url": "https://www.tvmaze.com/characters/11016/the-walking-dead-bob-stookey",
            "name": "Bob Stookey",
            "image": {
                "medium": "https://static.tvmaze.com/uploads/images/medium_portrait/247/619263.jpg",
                "original": "https://static.tvmaze.com/uploads/images/original_untouched/247/619263.jpg"
            },
            "_links": {
                "self": {
                    "href": "https://api.tvmaze.com/characters/11016"
                }
            }
        },
        "self": false,
        "voice": false
    },
    {
        "person": {
            "id": 6129,
            "url": "https://www.tvmaze.com/people/6129/austin-nichols",
            "name": "Austin Nichols",
            "country": {
                "name": "United States",
                "code": "US",
                "timezone": "America/New_York"
            },
            "birthday": "1980-04-24",
            "deathday": null,
            "gender": "Male",
            "image": {
                "medium": "https://static.tvmaze.com/uploads/images/medium_portrait/2/6429.jpg",
                "original": "https://static.tvmaze.com/uploads/images/original_untouched/2/6429.jpg"
            },
            "updated": 1664098651,
            "_links": {
                "self": {
                    "href": "https://api.tvmaze.com/people/6129"
                }
            }
        },
        "character": {
            "id": 102658,
            "url": "https://www.tvmaze.com/characters/102658/the-walking-dead-spencer-monroe",
            "name": "Spencer Monroe",
            "image": {
                "medium": "https://static.tvmaze.com/uploads/images/medium_portrait/44/112022.jpg",
                "original": "https://static.tvmaze.com/uploads/images/original_untouched/44/112022.jpg"
            },
            "_links": {
                "self": {
                    "href": "https://api.tvmaze.com/characters/102658"
                }
            }
        },
        "self": false,
        "voice": false
    },
    {
        "person": {
            "id": 12837,
            "url": "https://www.tvmaze.com/people/12837/xander-berkeley",
            "name": "Xander Berkeley",
            "country": {
                "name": "United States",
                "code": "US",
                "timezone": "America/New_York"
            },
            "birthday": "1955-12-16",
            "deathday": null,
            "gender": "Male",
            "image": {
                "medium": "https://static.tvmaze.com/uploads/images/medium_portrait/182/455205.jpg",
                "original": "https://static.tvmaze.com/uploads/images/original_untouched/182/455205.jpg"
            },
            "updated": 1681285758,
            "_links": {
                "self": {
                    "href": "https://api.tvmaze.com/people/12837"
                }
            }
        },
        "character": {
            "id": 251754,
            "url": "https://www.tvmaze.com/characters/251754/the-walking-dead-gregory",
            "name": "Gregory",
            "image": {
                "medium": "https://static.tvmaze.com/uploads/images/medium_portrait/85/214134.jpg",
                "original": "https://static.tvmaze.com/uploads/images/original_untouched/85/214134.jpg"
            },
            "_links": {
                "self": {
                    "href": "https://api.tvmaze.com/characters/251754"
                }
            }
        },
        "self": false,
        "voice": false
    },
    {
        "person": {
            "id": 22525,
            "url": "https://www.tvmaze.com/people/22525/steven-ogg",
            "name": "Steven Ogg",
            "country": {
                "name": "Canada",
                "code": "CA",
                "timezone": "America/Halifax"
            },
            "birthday": "1973-11-04",
            "deathday": null,
            "gender": "Male",
            "image": {
                "medium": "https://static.tvmaze.com/uploads/images/medium_portrait/58/146013.jpg",
                "original": "https://static.tvmaze.com/uploads/images/original_untouched/58/146013.jpg"
            },
            "updated": 1688728803,
            "_links": {
                "self": {
                    "href": "https://api.tvmaze.com/people/22525"
                }
            }
        },
        "character": {
            "id": 267833,
            "url": "https://www.tvmaze.com/characters/267833/the-walking-dead-simon",
            "name": "Simon",
            "image": {
                "medium": "https://static.tvmaze.com/uploads/images/medium_portrait/85/214140.jpg",
                "original": "https://static.tvmaze.com/uploads/images/original_untouched/85/214140.jpg"
            },
            "_links": {
                "self": {
                    "href": "https://api.tvmaze.com/characters/267833"
                }
            }
        },
        "self": false,
        "voice": false
    },
    {
        "person": {
            "id": 11138,
            "url": "https://www.tvmaze.com/people/11138/ryan-hurst",
            "name": "Ryan Hurst",
            "country": {
                "name": "United States",
                "code": "US",
                "timezone": "America/New_York"
            },
            "birthday": "1976-06-19",
            "deathday": null,
            "gender": "Male",
            "image": {
                "medium": "https://static.tvmaze.com/uploads/images/medium_portrait/186/466573.jpg",
                "original": "https://static.tvmaze.com/uploads/images/original_untouched/186/466573.jpg"
            },
            "updated": 1679520248,
            "_links": {
                "self": {
                    "href": "https://api.tvmaze.com/people/11138"
                }
            }
        },
        "character": {
            "id": 604922,
            "url": "https://www.tvmaze.com/characters/604922/the-walking-dead-beta",
            "name": "Beta",
            "image": {
                "medium": "https://static.tvmaze.com/uploads/images/medium_portrait/186/466516.jpg",
                "original": "https://static.tvmaze.com/uploads/images/original_untouched/186/466516.jpg"
            },
            "_links": {
                "self": {
                    "href": "https://api.tvmaze.com/characters/604922"
                }
            }
        },
        "self": false,
        "voice": false
    },
    {
        "person": {
            "id": 40809,
            "url": "https://www.tvmaze.com/people/40809/michael-james-shaw",
            "name": "Michael James Shaw",
            "country": {
                "name": "United States",
                "code": "US",
                "timezone": "America/New_York"
            },
            "birthday": "1986-09-16",
            "deathday": null,
            "gender": "Male",
            "image": {
                "medium": "https://static.tvmaze.com/uploads/images/medium_portrait/348/872164.jpg",
                "original": "https://static.tvmaze.com/uploads/images/original_untouched/348/872164.jpg"
            },
            "updated": 1669028817,
            "_links": {
                "self": {
                    "href": "https://api.tvmaze.com/people/40809"
                }
            }
        },
        "character": {
            "id": 845775,
            "url": "https://www.tvmaze.com/characters/845775/the-walking-dead-michael-mercer",
            "name": "Michael Mercer",
            "image": {
                "medium": "https://static.tvmaze.com/uploads/images/medium_portrait/350/877078.jpg",
                "original": "https://static.tvmaze.com/uploads/images/original_untouched/350/877078.jpg"
            },
            "_links": {
                "self": {
                    "href": "https://api.tvmaze.com/characters/845775"
                }
            }
        },
        "self": false,
        "voice": false
    },
    {
        "person": {
            "id": 9653,
            "url": "https://www.tvmaze.com/people/9653/josh-hamilton",
            "name": "Josh Hamilton",
            "country": {
                "name": "United States",
                "code": "US",
                "timezone": "America/New_York"
            },
            "birthday": "1969-06-09",
            "deathday": null,
            "gender": "Male",
            "image": {
                "medium": "https://static.tvmaze.com/uploads/images/medium_portrait/2/6915.jpg",
                "original": "https://static.tvmaze.com/uploads/images/original_untouched/2/6915.jpg"
            },
            "updated": 1687885697,
            "_links": {
                "self": {
                    "href": "https://api.tvmaze.com/people/9653"
                }
            }
        },
        "character": {
            "id": 893036,
            "url": "https://www.tvmaze.com/characters/893036/the-walking-dead-lance-hornsby",
            "name": "Lance Hornsby",
            "image": {
                "medium": "https://static.tvmaze.com/uploads/images/medium_portrait/360/901685.jpg",
                "original": "https://static.tvmaze.com/uploads/images/original_untouched/360/901685.jpg"
            },
            "_links": {
                "self": {
                    "href": "https://api.tvmaze.com/characters/893036"
                }
            }
        },
        "self": false,
        "voice": false
    },
    {
        "person": {
            "id": 19693,
            "url": "https://www.tvmaze.com/people/19693/margot-bingham",
            "name": "Margot Bingham",
            "country": {
                "name": "United States",
                "code": "US",
                "timezone": "America/New_York"
            },
            "birthday": "1987-12-06",
            "deathday": null,
            "gender": "Female",
            "image": {
                "medium": "https://static.tvmaze.com/uploads/images/medium_portrait/137/342819.jpg",
                "original": "https://static.tvmaze.com/uploads/images/original_untouched/137/342819.jpg"
            },
            "updated": 1669028839,
            "_links": {
                "self": {
                    "href": "https://api.tvmaze.com/people/19693"
                }
            }
        },
        "character": {
            "id": 908029,
            "url": "https://www.tvmaze.com/characters/908029/the-walking-dead-max",
            "name": "Max",
            "image": {
                "medium": "https://static.tvmaze.com/uploads/images/medium_portrait/356/891511.jpg",
                "original": "https://static.tvmaze.com/uploads/images/original_untouched/356/891511.jpg"
            },
            "_links": {
                "self": {
                    "href": "https://api.tvmaze.com/characters/908029"
                }
            }
        },
        "self": false,
        "voice": false
    },
    {
        "person": {
            "id": 2482,
            "url": "https://www.tvmaze.com/people/2482/alexandra-breckenridge",
            "name": "Alexandra Breckenridge",
            "country": {
                "name": "United States",
                "code": "US",
                "timezone": "America/New_York"
            },
            "birthday": "1982-05-15",
            "deathday": null,
            "gender": "Female",
            "image": {
                "medium": "https://static.tvmaze.com/uploads/images/medium_portrait/97/242824.jpg",
                "original": "https://static.tvmaze.com/uploads/images/original_untouched/97/242824.jpg"
            },
            "updated": 1679519677,
            "_links": {
                "self": {
                    "href": "https://api.tvmaze.com/people/2482"
                }
            }
        },
        "character": {
            "id": 100988,
            "url": "https://www.tvmaze.com/characters/100988/the-walking-dead-jessie-anderson",
            "name": "Jessie Anderson",
            "image": {
                "medium": "https://static.tvmaze.com/uploads/images/medium_portrait/44/112013.jpg",
                "original": "https://static.tvmaze.com/uploads/images/original_untouched/44/112013.jpg"
            },
            "_links": {
                "self": {
                    "href": "https://api.tvmaze.com/characters/100988"
                }
            }
        },
        "self": false,
        "voice": false
    },
    {
        "person": {
            "id": 20106,
            "url": "https://www.tvmaze.com/people/20106/tovah-feldshuh",
            "name": "Tovah Feldshuh",
            "country": {
                "name": "United States",
                "code": "US",
                "timezone": "America/New_York"
            },
            "birthday": "1952-12-27",
            "deathday": null,
            "gender": "Female",
            "image": {
                "medium": "https://static.tvmaze.com/uploads/images/medium_portrait/138/346710.jpg",
                "original": "https://static.tvmaze.com/uploads/images/original_untouched/138/346710.jpg"
            },
            "updated": 1686861082,
            "_links": {
                "self": {
                    "href": "https://api.tvmaze.com/people/20106"
                }
            }
        },
        "character": {
            "id": 100991,
            "url": "https://www.tvmaze.com/characters/100991/the-walking-dead-deanna-monroe",
            "name": "Deanna Monroe",
            "image": {
                "medium": "https://static.tvmaze.com/uploads/images/medium_portrait/44/112015.jpg",
                "original": "https://static.tvmaze.com/uploads/images/original_untouched/44/112015.jpg"
            },
            "_links": {
                "self": {
                    "href": "https://api.tvmaze.com/characters/100991"
                }
            }
        },
        "self": false,
        "voice": false
    },
    {
        "person": {
            "id": 4947,
            "url": "https://www.tvmaze.com/people/4947/lynn-collins",
            "name": "Lynn Collins",
            "country": {
                "name": "United States",
                "code": "US",
                "timezone": "America/New_York"
            },
            "birthday": "1977-05-16",
            "deathday": null,
            "gender": "Female",
            "image": {
                "medium": "https://static.tvmaze.com/uploads/images/medium_portrait/162/407333.jpg",
                "original": "https://static.tvmaze.com/uploads/images/original_untouched/162/407333.jpg"
            },
            "updated": 1658885450,
            "_links": {
                "self": {
                    "href": "https://api.tvmaze.com/people/4947"
                }
            }
        },
        "character": {
            "id": 846352,
            "url": "https://www.tvmaze.com/characters/846352/the-walking-dead-leah-shaw",
            "name": "Leah Shaw",
            "image": {
                "medium": "https://static.tvmaze.com/uploads/images/medium_portrait/298/746908.jpg",
                "original": "https://static.tvmaze.com/uploads/images/original_untouched/298/746908.jpg"
            },
            "_links": {
                "self": {
                    "href": "https://api.tvmaze.com/characters/846352"
                }
            }
        },
        "self": false,
        "voice": false
    },
    {
        "person": {
            "id": 7285,
            "url": "https://www.tvmaze.com/people/7285/madison-lintz",
            "name": "Madison Lintz",
            "country": {
                "name": "United States",
                "code": "US",
                "timezone": "America/New_York"
            },
            "birthday": "1999-05-11",
            "deathday": null,
            "gender": "Female",
            "image": {
                "medium": "https://static.tvmaze.com/uploads/images/medium_portrait/191/479312.jpg",
                "original": "https://static.tvmaze.com/uploads/images/original_untouched/191/479312.jpg"
            },
            "updated": 1663918848,
            "_links": {
                "self": {
                    "href": "https://api.tvmaze.com/people/7285"
                }
            }
        },
        "character": {
            "id": 10805,
            "url": "https://www.tvmaze.com/characters/10805/the-walking-dead-sophia-peletier",
            "name": "Sophia Peletier",
            "image": {
                "medium": "https://static.tvmaze.com/uploads/images/medium_portrait/247/618765.jpg",
                "original": "https://static.tvmaze.com/uploads/images/original_untouched/247/618765.jpg"
            },
            "_links": {
                "self": {
                    "href": "https://api.tvmaze.com/characters/10805"
                }
            }
        },
        "self": false,
        "voice": false
    },
    {
        "person": {
            "id": 17517,
            "url": "https://www.tvmaze.com/people/17517/laila-robins",
            "name": "Laila Robins",
            "country": {
                "name": "United States",
                "code": "US",
                "timezone": "America/New_York"
            },
            "birthday": "1959-03-14",
            "deathday": null,
            "gender": "Female",
            "image": {
                "medium": "https://static.tvmaze.com/uploads/images/medium_portrait/2/6672.jpg",
                "original": "https://static.tvmaze.com/uploads/images/original_untouched/2/6672.jpg"
            },
            "updated": 1688119694,
            "_links": {
                "self": {
                    "href": "https://api.tvmaze.com/people/17517"
                }
            }
        },
        "character": {
            "id": 893035,
            "url": "https://www.tvmaze.com/characters/893035/the-walking-dead-pamela-milton",
            "name": "Pamela Milton",
            "image": {
                "medium": "https://static.tvmaze.com/uploads/images/medium_portrait/350/876249.jpg",
                "original": "https://static.tvmaze.com/uploads/images/original_untouched/350/876249.jpg"
            },
            "_links": {
                "self": {
                    "href": "https://api.tvmaze.com/characters/893035"
                }
            }
        },
        "self": false,
        "voice": false
    },
    {
        "person": {
            "id": 10498,
            "url": "https://www.tvmaze.com/people/10498/andrew-j-west",
            "name": "Andrew J. West",
            "country": {
                "name": "United States",
                "code": "US",
                "timezone": "America/New_York"
            },
            "birthday": "1983-11-22",
            "deathday": null,
            "gender": "Male",
            "image": {
                "medium": "https://static.tvmaze.com/uploads/images/medium_portrait/2/5809.jpg",
                "original": "https://static.tvmaze.com/uploads/images/original_untouched/2/5809.jpg"
            },
            "updated": 1678414900,
            "_links": {
                "self": {
                    "href": "https://api.tvmaze.com/people/10498"
                }
            }
        },
        "character": {
            "id": 11047,
            "url": "https://www.tvmaze.com/characters/11047/the-walking-dead-gareth",
            "name": "Gareth",
            "image": {
                "medium": "https://static.tvmaze.com/uploads/images/medium_portrait/2/7118.jpg",
                "original": "https://static.tvmaze.com/uploads/images/original_untouched/2/7118.jpg"
            },
            "_links": {
                "self": {
                    "href": "https://api.tvmaze.com/characters/11047"
                }
            }
        },
        "self": false,
        "voice": false
    }
]