[
    {
        "person": {
            "id": 881,
            "url": "https://www.tvmaze.com/people/881/claire-danes",
            "name": "Claire Danes",
            "country": {
                "name": "United States",
                "code": "US",
                "timezone": "America/New_York"
            },
            "birthday": "1979-04-12",
            "deathday": null,
            "gender": "Female",
            "image": {
                "medium": "https://static.tvmaze.com/uploads/images/medium_portrait/26/65654.jpg",
                "original": "https://static.tvmaze.com/uploads/images/original_untouched/26/65654.jpg"
            },
            "updated": 1686241998,
            "_links": {
                "self": {
                    "href": "https://api.tvmaze.com/people/881"
                }
            }
        },
        "character": {
            "id": 753,
            "url": "https://www.tvmaze.com/characters/753/homeland-carrie-mathison",
            "name": "Carrie Mathison",
            "image": {
                "medium": "https://static.tvmaze.com/uploads/images/medium_portrait/0/94.jpg",
                "original": "https://static.tvmaze.com/uploads/images/original_untouched/0/94.jpg"
            },
            "_links": {
                "self": {
                    "href": "https://api.tvmaze.com/characters/753"
                }
            }
        },
        "self": false,
        "voice": false
    },
    {
        "person": {
            "id": 882,
            "url": "https://www.tvmaze.com/people/882/mandy-patinkin",
            "name": "Mandy Patinkin",
            "country": {
                "name": "United States",
                "code": "US",
                "timezone": "America/New_York"
            },
            "birthday": "1952-11-30",
            "deathday": null,
            "gender": "Male",
            "image": {
                "medium": "https://static.tvmaze.com/uploads/images/medium_portrait/1/2661.jpg",
                "original": "https://static.tvmaze.com/uploads/images/original_untouched/1/2661.jpg"
            },
            "updated": 1685163638,
            "_links": {
                "self": {
                    "href": "https://api.tvmaze.com/people/882"
                }
            }
        },
        "character": {
            "id": 754,
            "url": "https://www.tvmaze.com/characters/754/homeland-saul-berenson",
            "name": "Saul Berenson",
            "image": {
                "medium": "https://static.tvmaze.com/uploads/images/medium_portrait/0/96.jpg",
                "original": "https://static.tvmaze.com/uploads/images/original_untouched/0/96.jpg"
            },
            "_links": {
                "self": {
                    "href": "https://api.tvmaze.com/characters/754"
                }
            }
        },
        "self": false,
        "voice": false
    },
    {
        "person": {
            "id": 883,
            "url": "https://www.tvmaze.com/people/883/rupert-friend",
            "name": "Rupert Friend",
            "country": {
                "name": "United Kingdom",
                "code": "GB",
                "timezone": "Europe/London"
            },
            "birthday": "1981-10-09",
            "deathday": null,
            "gender": "Male",
            "image": {
                "medium": "https://static.tvmaze.com/uploads/images/medium_portrait/158/395204.jpg",
                "original": "https://static.tvmaze.com/uploads/images/original_untouched/158/395204.jpg"
            },
            "updated": 1687349370,
            "_links": {
                "self": {
                    "href": "https://api.tvmaze.com/people/883"
                }
            }
        },
        "character": {
            "id": 755,
            "url": "https://www.tvmaze.com/characters/755/homeland-peter-quinn",
            "name": "Peter Quinn",
            "image": {
                "medium": "https://static.tvmaze.com/uploads/images/medium_portrait/0/98.jpg",
                "original": "https://static.tvmaze.com/uploads/images/original_untouched/0/98.jpg"
            },
            "_links": {
                "self": {
                    "href": "https://api.tvmaze.com/characters/755"
                }
            }
        },
        "self": false,
        "voice": false
    },
    {
        "person": {
            "id": 907,
            "url": "https://www.tvmaze.com/people/907/maury-sterling",
            "name": "Maury Sterling",
            "country": {
                "name": "United States",
                "code": "US",
                "timezone": "America/New_York"
            },
            "birthday": "1971-09-01",
            "deathday": null,
            "gender": "Male",
            "image": {
                "medium": "https://static.tvmaze.com/uploads/images/medium_portrait/74/185597.jpg",
                "original": "https://static.tvmaze.com/uploads/images/original_untouched/74/185597.jpg"
            },
            "updated": 1660486281,
            "_links": {
                "self": {
                    "href": "https://api.tvmaze.com/people/907"
                }
            }
        },
        "character": {
            "id": 954,
            "url": "https://www.tvmaze.com/characters/954/homeland-max-piotrowski",
            "name": "Max Piotrowski",
            "image": {
                "medium": "https://static.tvmaze.com/uploads/images/medium_portrait/102/255122.jpg",
                "original": "https://static.tvmaze.com/uploads/images/original_untouched/102/255122.jpg"
            },
            "_links": {
                "self": {
                    "href": "https://api.tvmaze.com/characters/954"
                }
            }
        },
        "self": false,
        "voice": false
    },
    {
        "person": {
            "id": 885,
            "url": "https://www.tvmaze.com/people/885/f-murray-abraham",
            "name": "F. Murray Abraham",
            "country": {
                "name": "United States",
                "code": "US",
                "timezone": "America/New_York"
            },
            "birthday": "1939-10-24",
            "deathday": null,
            "gender": "Male",
            "image": {
                "medium": "https://static.tvmaze.com/uploads/images/medium_portrait/2/6255.jpg",
                "original": "https://static.tvmaze.com/uploads/images/original_untouched/2/6255.jpg"
            },
            "updated": 1685413804,
            "_links": {
                "self": {
                    "href": "https://api.tvmaze.com/people/885"
                }
            }
        },
        "character": {
            "id": 757,
            "url": "https://www.tvmaze.com/characters/757/homeland-dar-adal",
            "name": "Dar Adal",
            "image": {
                "medium": "https://static.tvmaze.com/uploads/images/medium_portrait/5/13292.jpg",
                "original": "https://static.tvmaze.com/uploads/images/original_untouched/5/13292.jpg"
            },
            "_links": {
                "self": {
                    "href": "https://api.tvmaze.com/characters/757"
                }
            }
        },
        "self": false,
        "voice": false
    },
    {
        "person": {
            "id": 888,
            "url": "https://www.tvmaze.com/people/888/damian-lewis",
            "name": "Damian Lewis",
            "country": {
                "name": "United Kingdom",
                "code": "GB",
                "timezone": "Europe/London"
            },
            "birthday": "1971-02-11",
            "deathday": null,
            "gender": "Male",
            "image": {
                "medium": "https://static.tvmaze.com/uploads/images/medium_portrait/2/6258.jpg",
                "original": "https://static.tvmaze.com/uploads/images/original_untouched/2/6258.jpg"
            },
            "updated": 1686858774,
            "_links": {
                "self": {
                    "href": "https://api.tvmaze.com/people/888"
                }
            }
        },
        "character": {
            "id": 760,
            "url": "https://www.tvmaze.com/characters/760/homeland-nicholas-brody",
            "name": "Nicholas Brody",
            "image": {
                "medium": "https://static.tvmaze.com/uploads/images/medium_portrait/0/95.jpg",
                "original": "https://static.tvmaze.com/uploads/images/original_untouched/0/95.jpg"
            },
            "_links": {
                "self": {
                    "href": "https://api.tvmaze.com/characters/760"
                }
            }
        },
        "self": false,
        "voice": false
    },
    {
        "person": {
            "id": 890,
            "url": "https://www.tvmaze.com/people/890/morena-baccarin",
            "name": "Morena Baccarin",
            "country": {
                "name": "Brazil",
                "code": "BR",
                "timezone": "America/Noronha"
            },
            "birthday": "1979-06-02",
            "deathday": null,
            "gender": "Female",
            "image": {
                "medium": "https://static.tvmaze.com/uploads/images/medium_portrait/335/839919.jpg",
                "original": "https://static.tvmaze.com/uploads/images/original_untouched/335/839919.jpg"
            },
            "updated": 1686063546,
            "_links": {
                "self": {
                    "href": "https://api.tvmaze.com/people/890"
                }
            }
        },
        "character": {
            "id": 762,
            "url": "https://www.tvmaze.com/characters/762/homeland-jessica-brody",
            "name": "Jessica Brody",
            "image": {
                "medium": "https://static.tvmaze.com/uploads/images/medium_portrait/0/102.jpg",
                "original": "https://static.tvmaze.com/uploads/images/original_untouched/0/102.jpg"
            },
            "_links": {
                "self": {
                    "href": "https://api.tvmaze.com/characters/762"
                }
            }
        },
        "self": false,
        "voice": false
    },
    {
        "person": {
            "id": 891,
            "url": "https://www.tvmaze.com/people/891/morgan-saylor",
            "name": "Morgan Saylor",
            "country": {
                "name": "United States",
                "code": "US",
                "timezone": "America/New_York"
            },
            "birthday": "1994-10-26",
            "deathday": null,
            "gender": "Female",
            "image": {
                "medium": "https://static.tvmaze.com/uploads/images/medium_portrait/1/3495.jpg",
                "original": "https://static.tvmaze.com/uploads/images/original_untouched/1/3495.jpg"
            },
            "updated": 1486468743,
            "_links": {
                "self": {
                    "href": "https://api.tvmaze.com/people/891"
                }
            }
        },
        "character": {
            "id": 763,
            "url": "https://www.tvmaze.com/characters/763/homeland-dana-brody",
            "name": "Dana Brody",
            "image": {
                "medium": "https://static.tvmaze.com/uploads/images/medium_portrait/0/103.jpg",
                "original": "https://static.tvmaze.com/uploads/images/original_untouched/0/103.jpg"
            },
            "_links": {
                "self": {
                    "href": "https://api.tvmaze.com/characters/763"
                }
            }
        },
        "self": false,
        "voice": false
    },
    {
        "person": {
            "id": 889,
            "url": "https://www.tvmaze.com/people/889/jackson-pace",
            "name": "Jackson Pace",
            "country": {
                "name": "United States",
                "code": "US",
                "timezone": "America/New_York"
            },
            "birthday": "1999-02-19",
            "deathday": null,
            "gender": "Male",
            "image": {
                "medium": "https://static.tvmaze.com/uploads/images/medium_portrait/455/1139008.jpg",
                "original": "https://static.tvmaze.com/uploads/images/original_untouched/455/1139008.jpg"
            },
            "updated": 1684339528,
            "_links": {
                "self": {
                    "href": "https://api.tvmaze.com/people/889"
                }
            }
        },
        "character": {
            "id": 761,
            "url": "https://www.tvmaze.com/characters/761/homeland-chris-brody",
            "name": "Chris Brody",
            "image": {
                "medium": "https://static.tvmaze.com/uploads/images/medium_portrait/0/99.jpg",
                "original": "https://static.tvmaze.com/uploads/images/original_untouched/0/99.jpg"
            },
            "_links": {
                "self": {
                    "href": "https://api.tvmaze.com/characters/761"
                }
            }
        },
        "self": false,
        "voice": false
    },
    {
        "person": {
            "id": 893,
            "url": "https://www.tvmaze.com/people/893/david-harewood",
            "name": "David Harewood",
            "country": {
                "name": "United Kingdom",
                "code": "GB",
                "timezone": "Europe/London"
            },
            "birthday": "1965-12-08",
            "deathday": null,
            "gender": "Male",
            "image": {
                "medium": "https://static.tvmaze.com/uploads/images/medium_portrait/1/3275.jpg",
                "original": "https://static.tvmaze.com/uploads/images/original_untouched/1/3275.jpg"
            },
            "updated": 1680903914,
            "_links": {
                "self": {
                    "href": "https://api.tvmaze.com/people/893"
                }
            }
        },
        "character": {
            "id": 767,
            "url": "https://www.tvmaze.com/characters/767/homeland-david-estes",
            "name": "David Estes",
            "image": {
                "medium": "https://static.tvmaze.com/uploads/images/medium_portrait/0/101.jpg",
                "original": "https://static.tvmaze.com/uploads/images/original_untouched/0/101.jpg"
            },
            "_links": {
                "self": {
                    "href": "https://api.tvmaze.com/characters/767"
                }
            }
        },
        "self": false,
        "voice": false
    },
    {
        "person": {
            "id": 19811,
            "url": "https://www.tvmaze.com/people/19811/elizabeth-marvel",
            "name": "Elizabeth Marvel",
            "country": {
                "name": "United States",
                "code": "US",
                "timezone": "America/New_York"
            },
            "birthday": "1969-11-27",
            "deathday": null,
            "gender": "Female",
            "image": {
                "medium": "https://static.tvmaze.com/uploads/images/medium_portrait/10/25396.jpg",
                "original": "https://static.tvmaze.com/uploads/images/original_untouched/10/25396.jpg"
            },
            "updated": 1684412622,
            "_links": {
                "self": {
                    "href": "https://api.tvmaze.com/people/19811"
                }
            }
        },
        "character": {
            "id": 363016,
            "url": "https://www.tvmaze.com/characters/363016/homeland-president-elect-elizabeth-keane",
            "name": "President-Elect Elizabeth Keane",
            "image": {
                "medium": "https://static.tvmaze.com/uploads/images/medium_portrait/92/230734.jpg",
                "original": "https://static.tvmaze.com/uploads/images/original_untouched/92/230734.jpg"
            },
            "_links": {
                "self": {
                    "href": "https://api.tvmaze.com/characters/363016"
                }
            }
        },
        "self": false,
        "voice": false
    },
    {
        "person": {
            "id": 5526,
            "url": "https://www.tvmaze.com/people/5526/linus-roache",
            "name": "Linus Roache",
            "country": {
                "name": "United Kingdom",
                "code": "GB",
                "timezone": "Europe/London"
            },
            "birthday": "1964-02-01",
            "deathday": null,
            "gender": "Male",
            "image": {
                "medium": "https://static.tvmaze.com/uploads/images/medium_portrait/52/130199.jpg",
                "original": "https://static.tvmaze.com/uploads/images/original_untouched/52/130199.jpg"
            },
            "updated": 1671234478,
            "_links": {
                "self": {
                    "href": "https://api.tvmaze.com/people/5526"
                }
            }
        },
        "character": {
            "id": 406783,
            "url": "https://www.tvmaze.com/characters/406783/homeland-david-wellington",
            "name": "David Wellington",
            "image": {
                "medium": "https://static.tvmaze.com/uploads/images/medium_portrait/145/364815.jpg",
                "original": "https://static.tvmaze.com/uploads/images/original_untouched/145/364815.jpg"
            },
            "_links": {
                "self": {
                    "href": "https://api.tvmaze.com/characters/406783"
                }
            }
        },
        "self": false,
        "voice": false
    },
    {
        "person": {
            "id": 894,
            "url": "https://www.tvmaze.com/people/894/diego-klattenhoff",
            "name": "Diego Klattenhoff",
            "country": {
                "name": "Canada",
                "code": "CA",
                "timezone": "America/Halifax"
            },
            "birthday": "1979-11-30",
            "deathday": null,
            "gender": "Male",
            "image": {
                "medium": "https://static.tvmaze.com/uploads/images/medium_portrait/1/3497.jpg",
                "original": "https://static.tvmaze.com/uploads/images/original_untouched/1/3497.jpg"
            },
            "updated": 1688721655,
            "_links": {
                "self": {
                    "href": "https://api.tvmaze.com/people/894"
                }
            }
        },
        "character": {
            "id": 768,
            "url": "https://www.tvmaze.com/characters/768/homeland-mike-faber",
            "name": "Mike Faber",
            "image": {
                "medium": "https://static.tvmaze.com/uploads/images/medium_portrait/0/100.jpg",
                "original": "https://static.tvmaze.com/uploads/images/original_untouched/0/100.jpg"
            },
            "_links": {
                "self": {
                    "href": "https://api.tvmaze.com/characters/768"
                }
            }
        },
        "self": false,
        "voice": false
    },
    {
        "person": {
            "id": 42767,
            "url": "https://www.tvmaze.com/people/42767/nimrat-kaur",
            "name": "Nimrat Kaur",
            "country": {
                "name": "India",
                "code": "IN",
                "timezone": "Asia/Kolkata"
            },
            "birthday": "1982-03-13",
            "deathday": null,
            "gender": "Female",
            "image": {
                "medium": "https://static.tvmaze.com/uploads/images/medium_portrait/2/6669.jpg",
                "original": "https://static.tvmaze.com/uploads/images/original_untouched/2/6669.jpg"
            },
            "updated": 1686067427,
            "_links": {
                "self": {
                    "href": "https://api.tvmaze.com/people/42767"
                }
            }
        },
        "character": {
            "id": 71804,
            "url": "https://www.tvmaze.com/characters/71804/homeland-tasneem-qureishi",
            "name": "Tasneem Qureishi",
            "image": {
                "medium": "https://static.tvmaze.com/uploads/images/medium_portrait/240/602034.jpg",
                "original": "https://static.tvmaze.com/uploads/images/original_untouched/240/602034.jpg"
            },
            "_links": {
                "self": {
                    "href": "https://api.tvmaze.com/characters/71804"
                }
            }
        },
        "self": false,
        "voice": false
    },
    {
        "person": {
            "id": 884,
            "url": "https://www.tvmaze.com/people/884/tracy-letts",
            "name": "Tracy Letts",
            "country": {
                "name": "United States",
                "code": "US",
                "timezone": "America/New_York"
            },
            "birthday": "1965-07-04",
            "deathday": null,
            "gender": "Male",
            "image": {
                "medium": "https://static.tvmaze.com/uploads/images/medium_portrait/2/5702.jpg",
                "original": "https://static.tvmaze.com/uploads/images/original_untouched/2/5702.jpg"
            },
            "updated": 1652098651,
            "_links": {
                "self": {
                    "href": "https://api.tvmaze.com/people/884"
                }
            }
        },
        "character": {
            "id": 756,
            "url": "https://www.tvmaze.com/characters/756/homeland-senator-andrew-lockhart",
            "name": "Senator Andrew Lockhart",
            "image": {
                "medium": "https://static.tvmaze.com/uploads/images/medium_portrait/5/13297.jpg",
                "original": "https://static.tvmaze.com/uploads/images/original_untouched/5/13297.jpg"
            },
            "_links": {
                "self": {
                    "href": "https://api.tvmaze.com/characters/756"
                }
            }
        },
        "self": false,
        "voice": false
    },
    {
        "person": {
            "id": 886,
            "url": "https://www.tvmaze.com/people/886/sarita-choudhury",
            "name": "Sarita Choudhury",
            "country": {
                "name": "United Kingdom",
                "code": "GB",
                "timezone": "Europe/London"
            },
            "birthday": "1966-08-18",
            "deathday": null,
            "gender": "Female",
            "image": {
                "medium": "https://static.tvmaze.com/uploads/images/medium_portrait/160/401916.jpg",
                "original": "https://static.tvmaze.com/uploads/images/original_untouched/160/401916.jpg"
            },
            "updated": 1688647383,
            "_links": {
                "self": {
                    "href": "https://api.tvmaze.com/people/886"
                }
            }
        },
        "character": {
            "id": 758,
            "url": "https://www.tvmaze.com/characters/758/homeland-mira-berenson",
            "name": "Mira Berenson",
            "image": {
                "medium": "https://static.tvmaze.com/uploads/images/medium_portrait/5/13296.jpg",
                "original": "https://static.tvmaze.com/uploads/images/original_untouched/5/13296.jpg"
            },
            "_links": {
                "self": {
                    "href": "https://api.tvmaze.com/characters/758"
                }
            }
        },
        "self": false,
        "voice": false
    },
    {
        "person": {
            "id": 29302,
            "url": "https://www.tvmaze.com/people/29302/costa-ronin",
            "name": "Costa Ronin",
            "country": {
                "name": "Russian Federation",
                "code": "RU",
                "timezone": "Asia/Kamchatka"
            },
            "birthday": "1979-02-03",
            "deathday": null,
            "gender": "Male",
            "image": {
                "medium": "https://static.tvmaze.com/uploads/images/medium_portrait/7/18718.jpg",
                "original": "https://static.tvmaze.com/uploads/images/original_untouched/7/18718.jpg"
            },
            "updated": 1651578875,
            "_links": {
                "self": {
                    "href": "https://api.tvmaze.com/people/29302"
                }
            }
        },
        "character": {
            "id": 512098,
            "url": "https://www.tvmaze.com/characters/512098/homeland-yevgeny-gromov",
            "name": "Yevgeny Gromov",
            "image": {
                "medium": "https://static.tvmaze.com/uploads/images/medium_portrait/148/370225.jpg",
                "original": "https://static.tvmaze.com/uploads/images/original_untouched/148/370225.jpg"
            },
            "_links": {
                "self": {
                    "href": "https://api.tvmaze.com/characters/512098"
                }
            }
        },
        "self": false,
        "voice": false
    },
    {
        "person": {
            "id": 892,
            "url": "https://www.tvmaze.com/people/892/david-marciano",
            "name": "David Marciano",
            "country": {
                "name": "United States",
                "code": "US",
                "timezone": "America/New_York"
            },
            "birthday": "1960-01-07",
            "deathday": null,
            "gender": "Male",
            "image": {
                "medium": "https://static.tvmaze.com/uploads/images/medium_portrait/106/267414.jpg",
                "original": "https://static.tvmaze.com/uploads/images/original_untouched/106/267414.jpg"
            },
            "updated": 1685381002,
            "_links": {
                "self": {
                    "href": "https://api.tvmaze.com/people/892"
                }
            }
        },
        "character": {
            "id": 764,
            "url": "https://www.tvmaze.com/characters/764/homeland-virgil-maravich",
            "name": "Virgil Maravich",
            "image": {
                "medium": "https://static.tvmaze.com/uploads/images/medium_portrait/92/231425.jpg",
                "original": "https://static.tvmaze.com/uploads/images/original_untouched/92/231425.jpg"
            },
            "_links": {
                "self": {
                    "href": "https://api.tvmaze.com/characters/764"
                }
            }
        },
        "self": false,
        "voice": false
    },
    {
        "person": {
            "id": 556,
            "url": "https://www.tvmaze.com/people/556/navid-negahban",
            "name": "Navid Negahban",
            "country": {
                "name": "Iran, Islamic Republic of",
                "code": "IR",
                "timezone": "Asia/Tehran"
            },
            "birthday": "1968-06-02",
            "deathday": null,
            "gender": "Male",
            "image": {
                "medium": "https://static.tvmaze.com/uploads/images/medium_portrait/2/6261.jpg",
                "original": "https://static.tvmaze.com/uploads/images/original_untouched/2/6261.jpg"
            },
            "updated": 1686346040,
            "_links": {
                "self": {
                    "href": "https://api.tvmaze.com/people/556"
                }
            }
        },
        "character": {
            "id": 766,
            "url": "https://www.tvmaze.com/characters/766/homeland-abu-nazir",
            "name": "Abu Nazir",
            "image": {
                "medium": "https://static.tvmaze.com/uploads/images/medium_portrait/16/40435.jpg",
                "original": "https://static.tvmaze.com/uploads/images/original_untouched/16/40435.jpg"
            },
            "_links": {
                "self": {
                    "href": "https://api.tvmaze.com/characters/766"
                }
            }
        },
        "self": false,
        "voice": false
    },
    {
        "person": {
            "id": 887,
            "url": "https://www.tvmaze.com/people/887/nazanin-boniadi",
            "name": "Nazanin Boniadi",
            "country": {
                "name": "Iran, Islamic Republic of",
                "code": "IR",
                "timezone": "Asia/Tehran"
            },
            "birthday": "1980-05-22",
            "deathday": null,
            "gender": "Female",
            "image": {
                "medium": "https://static.tvmaze.com/uploads/images/medium_portrait/182/456297.jpg",
                "original": "https://static.tvmaze.com/uploads/images/original_untouched/182/456297.jpg"
            },
            "updated": 1679253457,
            "_links": {
                "self": {
                    "href": "https://api.tvmaze.com/people/887"
                }
            }
        },
        "character": {
            "id": 759,
            "url": "https://www.tvmaze.com/characters/759/homeland-fara-sherazi",
            "name": "Fara Sherazi",
            "image": {
                "medium": "https://static.tvmaze.com/uploads/images/medium_portrait/92/231083.jpg",
                "original": "https://static.tvmaze.com/uploads/images/original_untouched/92/231083.jpg"
            },
            "_links": {
                "self": {
                    "href": "https://api.tvmaze.com/characters/759"
                }
            }
        },
        "self": false,
        "voice": false
    },
    {
        "person": {
            "id": 42768,
            "url": "https://www.tvmaze.com/people/42768/numan-acar",
            "name": "Numan Acar",
            "country": {
                "name": "Turkey",
                "code": "TR",
                "timezone": "Europe/Istanbul"
            },
            "birthday": "1974-10-07",
            "deathday": null,
            "gender": "Male",
            "image": {
                "medium": "https://static.tvmaze.com/uploads/images/medium_portrait/2/6668.jpg",
                "original": "https://static.tvmaze.com/uploads/images/original_untouched/2/6668.jpg"
            },
            "updated": 1671597777,
            "_links": {
                "self": {
                    "href": "https://api.tvmaze.com/people/42768"
                }
            }
        },
        "character": {
            "id": 71805,
            "url": "https://www.tvmaze.com/characters/71805/homeland-haissam-haqqani",
            "name": "Haissam Haqqani",
            "image": {
                "medium": "https://static.tvmaze.com/uploads/images/medium_portrait/16/40248.jpg",
                "original": "https://static.tvmaze.com/uploads/images/original_untouched/16/40248.jpg"
            },
            "_links": {
                "self": {
                    "href": "https://api.tvmaze.com/characters/71805"
                }
            }
        },
        "self": false,
        "voice": false
    },
    {
        "person": {
            "id": 295,
            "url": "https://www.tvmaze.com/people/295/jamey-sheridan",
            "name": "Jamey Sheridan",
            "country": {
                "name": "United States",
                "code": "US",
                "timezone": "America/New_York"
            },
            "birthday": "1951-07-12",
            "deathday": null,
            "gender": "Male",
            "image": {
                "medium": "https://static.tvmaze.com/uploads/images/medium_portrait/378/947292.jpg",
                "original": "https://static.tvmaze.com/uploads/images/original_untouched/378/947292.jpg"
            },
            "updated": 1638107655,
            "_links": {
                "self": {
                    "href": "https://api.tvmaze.com/people/295"
                }
            }
        },
        "character": {
            "id": 145318,
            "url": "https://www.tvmaze.com/characters/145318/homeland-vice-president-william-walden",
            "name": "Vice President William Walden",
            "image": {
                "medium": "https://static.tvmaze.com/uploads/images/medium_portrait/92/231424.jpg",
                "original": "https://static.tvmaze.com/uploads/images/original_untouched/92/231424.jpg"
            },
            "_links": {
                "self": {
                    "href": "https://api.tvmaze.com/characters/145318"
                }
            }
        },
        "self": false,
        "voice": false
    },
    {
        "person": {
            "id": 51046,
            "url": "https://www.tvmaze.com/people/51046/miranda-otto",
            "name": "Miranda Otto",
            "country": {
                "name": "Australia",
                "code": "AU",
                "timezone": "Australia/Sydney"
            },
            "birthday": "1967-12-16",
            "deathday": null,
            "gender": "Female",
            "image": {
                "medium": "https://static.tvmaze.com/uploads/images/medium_portrait/8/20468.jpg",
                "original": "https://static.tvmaze.com/uploads/images/original_untouched/8/20468.jpg"
            },
            "updated": 1688556613,
            "_links": {
                "self": {
                    "href": "https://api.tvmaze.com/people/51046"
                }
            }
        },
        "character": {
            "id": 181995,
            "url": "https://www.tvmaze.com/characters/181995/homeland-allison-carr",
            "name": "Allison Carr",
            "image": {
                "medium": "https://static.tvmaze.com/uploads/images/medium_portrait/92/231177.jpg",
                "original": "https://static.tvmaze.com/uploads/images/original_untouched/92/231177.jpg"
            },
            "_links": {
                "self": {
                    "href": "https://api.tvmaze.com/characters/181995"
                }
            }
        },
        "self": false,
        "voice": false
    },
    {
        "person": {
            "id": 51841,
            "url": "https://www.tvmaze.com/people/51841/sebastian-koch",
            "name": "Sebastian Koch",
            "country": null,
            "birthday": null,
            "deathday": null,
            "gender": null,
            "image": {
                "medium": "https://static.tvmaze.com/uploads/images/medium_portrait/23/57694.jpg",
                "original": "https://static.tvmaze.com/uploads/images/original_untouched/23/57694.jpg"
            },
            "updated": 1483880985,
            "_links": {
                "self": {
                    "href": "https://api.tvmaze.com/people/51841"
                }
            }
        },
        "character": {
            "id": 181994,
            "url": "https://www.tvmaze.com/characters/181994/homeland-otto-during",
            "name": "Otto D\u00fcring",
            "image": {
                "medium": "https://static.tvmaze.com/uploads/images/medium_portrait/24/60046.jpg",
                "original": "https://static.tvmaze.com/uploads/images/original_untouched/24/60046.jpg"
            },
            "_links": {
                "self": {
                    "href": "https://api.tvmaze.com/characters/181994"
                }
            }
        },
        "self": false,
        "voice": false
    },
    {
        "person": {
            "id": 26168,
            "url": "https://www.tvmaze.com/people/26168/jake-weber",
            "name": "Jake Weber",
            "country": {
                "name": "United Kingdom",
                "code": "GB",
                "timezone": "Europe/London"
            },
            "birthday": "1964-03-19",
            "deathday": null,
            "gender": "Male",
            "image": {
                "medium": "https://static.tvmaze.com/uploads/images/medium_portrait/115/288204.jpg",
                "original": "https://static.tvmaze.com/uploads/images/original_untouched/115/288204.jpg"
            },
            "updated": 1671500145,
            "_links": {
                "self": {
                    "href": "https://api.tvmaze.com/people/26168"
                }
            }
        },
        "character": {
            "id": 384024,
            "url": "https://www.tvmaze.com/characters/384024/homeland-brett-okeefe",
            "name": "Brett O'Keefe",
            "image": {
                "medium": "https://static.tvmaze.com/uploads/images/medium_portrait/99/248305.jpg",
                "original": "https://static.tvmaze.com/uploads/images/original_untouched/99/248305.jpg"
            },
            "_links": {
                "self": {
                    "href": "https://api.tvmaze.com/characters/384024"
                }
            }
        },
        "self": false,
        "voice": false
    },
    {
        "person": {
            "id": 15502,
            "url": "https://www.tvmaze.com/people/15502/sarah-sokolovic",
            "name": "Sarah Sokolovic",
            "country": {
                "name": "United States",
                "code": "US",
                "timezone": "America/New_York"
            },
            "birthday": "1980-05-09",
            "deathday": null,
            "gender": "Female",
            "image": {
                "medium": "https://static.tvmaze.com/uploads/images/medium_portrait/205/513340.jpg",
                "original": "https://static.tvmaze.com/uploads/images/original_untouched/205/513340.jpg"
            },
            "updated": 1563305830,
            "_links": {
                "self": {
                    "href": "https://api.tvmaze.com/people/15502"
                }
            }
        },
        "character": {
            "id": 181996,
            "url": "https://www.tvmaze.com/characters/181996/homeland-laura-sutton",
            "name": "Laura Sutton",
            "image": {
                "medium": "https://static.tvmaze.com/uploads/images/medium_portrait/22/57131.jpg",
                "original": "https://static.tvmaze.com/uploads/images/original_untouched/22/57131.jpg"
            },
            "_links": {
                "self": {
                    "href": "https://api.tvmaze.com/characters/181996"
                }
            }
        },
        "self": false,
        "voice": false
    },
    {
        "person": {
            "id": 70848,
            "url": "https://www.tvmaze.com/people/70848/alexander-fehling",
            "name": "Alexander Fehling",
            "country": {
                "name": "Germany",
                "code": "DE",
                "timezone": "Europe/Busingen"
            },
            "birthday": "1981-03-29",
            "deathday": null,
            "gender": "Male",
            "image": {
                "medium": "https://static.tvmaze.com/uploads/images/medium_portrait/24/60047.jpg",
                "original": "https://static.tvmaze.com/uploads/images/original_untouched/24/60047.jpg"
            },
            "updated": 1680901853,
            "_links": {
                "self": {
                    "href": "https://api.tvmaze.com/people/70848"
                }
            }
        },
        "character": {
            "id": 181999,
            "url": "https://www.tvmaze.com/characters/181999/homeland-jonas-happich",
            "name": "Jonas Happich",
            "image": {
                "medium": "https://static.tvmaze.com/uploads/images/medium_portrait/92/231176.jpg",
                "original": "https://static.tvmaze.com/uploads/images/original_untouched/92/231176.jpg"
            },
            "_links": {
                "self": {
                    "href": "https://api.tvmaze.com/characters/181999"
                }
            }
        },
        "self": false,
        "voice": false
    },
    {
        "person": {
            "id": 17517,
            "url": "https://www.tvmaze.com/people/17517/laila-robins",
            "name": "Laila Robins",
            "country": {
                "name": "United States",
                "code": "US",
                "timezone": "America/New_York"
            },
            "birthday": "1959-03-14",
            "deathday": null,
            "gender": "Female",
            "image": {
                "medium": "https://static.tvmaze.com/uploads/images/medium_portrait/2/6672.jpg",
                "original": "https://static.tvmaze.com/uploads/images/original_untouched/2/6672.jpg"
            },
            "updated": 1688119694,
            "_links": {
                "self": {
                    "href": "https://api.tvmaze.com/people/17517"
                }
            }
        },
        "character": {
            "id": 71801,
            "url": "https://www.tvmaze.com/characters/71801/homeland-martha-boyd",
            "name": "Martha Boyd",
            "image": {
                "medium": "https://static.tvmaze.com/uploads/images/medium_portrait/92/231079.jpg",
                "original": "https://static.tvmaze.com/uploads/images/original_untouched/92/231079.jpg"
            },
            "_links": {
                "self": {
                    "href": "https://api.tvmaze.com/characters/71801"
                }
            }
        },
        "self": false,
        "voice": false
    },
    {
        "person": {
            "id": 15814,
            "url": "https://www.tvmaze.com/people/15814/morgan-spector",
            "name": "Morgan Spector",
            "country": {
                "name": "United States",
                "code": "US",
                "timezone": "America/New_York"
            },
            "birthday": "1980-10-04",
            "deathday": null,
            "gender": "Male",
            "image": {
                "medium": "https://static.tvmaze.com/uploads/images/medium_portrait/5/12809.jpg",
                "original": "https://static.tvmaze.com/uploads/images/original_untouched/5/12809.jpg"
            },
            "updated": 1647918358,
            "_links": {
                "self": {
                    "href": "https://api.tvmaze.com/people/15814"
                }
            }
        },
        "character": {
            "id": 506087,
            "url": "https://www.tvmaze.com/characters/506087/homeland-dante-allen",
            "name": "Dante Allen",
            "image": {
                "medium": "https://static.tvmaze.com/uploads/images/medium_portrait/145/364839.jpg",
                "original": "https://static.tvmaze.com/uploads/images/original_untouched/145/364839.jpg"
            },
            "_links": {
                "self": {
                    "href": "https://api.tvmaze.com/characters/506087"
                }
            }
        },
        "self": false,
        "voice": false
    }
]