[
    {
        "person": {
            "id": 14072,
            "url": "https://www.tvmaze.com/people/14072/peter-dinklage",
            "name": "Peter Dinklage",
            "country": {
                "name": "United States",
                "code": "US",
                "timezone": "America/New_York"
            },
            "birthday": "1969-06-11",
            "deathday": null,
            "gender": "Male",
            "image": {
                "medium": "https://static.tvmaze.com/uploads/images/medium_portrait/74/186607.jpg",
                "original": "https://static.tvmaze.com/uploads/images/original_untouched/74/186607.jpg"
            },
            "updated": 1685543545,
            "_links": {
                "self": {
                    "href": "https://api.tvmaze.com/people/14072"
                }
            }
        },
        "character": {
            "id": 15604,
            "url": "https://www.tvmaze.com/characters/15604/game-of-thrones-tyrion-lannister",
            "name": "Tyrion Lannister",
            "image": {
                "medium": "https://static.tvmaze.com/uploads/images/medium_portrait/63/158804.jpg",
                "original": "https://static.tvmaze.com/uploads/images/original_untouched/63/158804.jpg"
            },
            "_links": {
                "self": {
                    "href": "https://api.tvmaze.com/characters/15604"
                }
            }
        },
        "self": false,
        "voice": false
    },
    {
        "person": {
            "id": 14075,
            "url": "https://www.tvmaze.com/people/14075/kit-harington",
            "name": "Kit Harington",
            "country": {
                "name": "United Kingdom",
                "code": "GB",
                "timezone": "Europe/London"
            },
            "birthday": "1986-12-26",
            "deathday": null,
            "gender": "Male",
            "image": {
                "medium": "https://static.tvmaze.com/uploads/images/medium_portrait/1/3229.jpg",
                "original": "https://static.tvmaze.com/uploads/images/original_untouched/1/3229.jpg"
            },
            "updated": 1683545955,
            "_links": {
                "self": {
                    "href": "https://api.tvmaze.com/people/14075"
                }
            }
        },
        "character": {
            "id": 15607,
            "url": "https://www.tvmaze.com/characters/15607/game-of-thrones-jon-snow",
            "name": "Jon Snow",
            "image": {
                "medium": "https://static.tvmaze.com/uploads/images/medium_portrait/63/158800.jpg",
                "original": "https://static.tvmaze.com/uploads/images/original_untouched/63/158800.jpg"
            },
            "_links": {
                "self": {
                    "href": "https://api.tvmaze.com/characters/15607"
                }
            }
        },
        "self": false,
        "voice": false
    },
    {
        "person": {
            "id": 14076,
            "url": "https://www.tvmaze.com/people/14076/lena-headey",
            "name": "Lena Headey",
            "country": {
                "name": "Bermuda",
                "code": "BM",
                "timezone": "Atlantic/Bermuda"
            },
            "birthday": "1973-10-03",
            "deathday": null,
            "gender": "Female",
            "image": {
                "medium": "https://static.tvmaze.com/uploads/images/medium_portrait/458/1145115.jpg",
                "original": "https://static.tvmaze.com/uploads/images/original_untouched/458/1145115.jpg"
            },
            "updated": 1685413804,
            "_links": {
                "self": {
                    "href": "https://api.tvmaze.com/people/14076"
                }
            }
        },
        "character": {
            "id": 15608,
            "url": "https://www.tvmaze.com/characters/15608/game-of-thrones-queen-cersei-lannister",
            "name": "Queen Cersei Lannister",
            "image": {
                "medium": "https://static.tvmaze.com/uploads/images/medium_portrait/63/158806.jpg",
                "original": "https://static.tvmaze.com/uploads/images/original_untouched/63/158806.jpg"
            },
            "_links": {
                "self": {
                    "href": "https://api.tvmaze.com/characters/15608"
                }
            }
        },
        "self": false,
        "voice": false
    },
    {
        "person": {
            "id": 14079,
            "url": "https://www.tvmaze.com/people/14079/emilia-clarke",
            "name": "Emilia Clarke",
            "country": {
                "name": "United Kingdom",
                "code": "GB",
                "timezone": "Europe/London"
            },
            "birthday": "1986-10-26",
            "deathday": null,
            "gender": "Female",
            "image": {
                "medium": "https://static.tvmaze.com/uploads/images/medium_portrait/460/1150100.jpg",
                "original": "https://static.tvmaze.com/uploads/images/original_untouched/460/1150100.jpg"
            },
            "updated": 1688540915,
            "_links": {
                "self": {
                    "href": "https://api.tvmaze.com/people/14079"
                }
            }
        },
        "character": {
            "id": 15611,
            "url": "https://www.tvmaze.com/characters/15611/game-of-thrones-daenerys-targaryen",
            "name": "Daenerys Targaryen",
            "image": {
                "medium": "https://static.tvmaze.com/uploads/images/medium_portrait/63/158798.jpg",
                "original": "https://static.tvmaze.com/uploads/images/original_untouched/63/158798.jpg"
            },
            "_links": {
                "self": {
                    "href": "https://api.tvmaze.com/characters/15611"
                }
            }
        },
        "self": false,
        "voice": false
    },
    {
        "person": {
            "id": 14080,
            "url": "https://www.tvmaze.com/people/14080/sophie-turner",
            "name": "Sophie Turner",
            "country": {
                "name": "United Kingdom",
                "code": "GB",
                "timezone": "Europe/London"
            },
            "birthday": "1996-02-21",
            "deathday": null,
            "gender": "Female",
            "image": {
                "medium": "https://static.tvmaze.com/uploads/images/medium_portrait/82/205626.jpg",
                "original": "https://static.tvmaze.com/uploads/images/original_untouched/82/205626.jpg"
            },
            "updated": 1683762664,
            "_links": {
                "self": {
                    "href": "https://api.tvmaze.com/people/14080"
                }
            }
        },
        "character": {
            "id": 15612,
            "url": "https://www.tvmaze.com/characters/15612/game-of-thrones-sansa-stark",
            "name": "Sansa Stark",
            "image": {
                "medium": "https://static.tvmaze.com/uploads/images/medium_portrait/63/158812.jpg",
                "original": "https://static.tvmaze.com/uploads/images/original_untouched/63/158812.jpg"
            },
            "_links": {
                "self": {
                    "href": "https://api.tvmaze.com/characters/15612"
                }
            }
        },
        "self": false,
        "voice": false
    },
    {
        "person": {
            "id": 14081,
            "url": "https://www.tvmaze.com/people/14081/maisie-williams",
            "name": "Maisie Williams",
            "country": {
                "name": "United Kingdom",
                "code": "GB",
                "timezone": "Europe/London"
            },
            "birthday": "1997-04-15",
            "deathday": null,
            "gender": "Female",
            "image": {
                "medium": "https://static.tvmaze.com/uploads/images/medium_portrait/282/706106.jpg",
                "original": "https://static.tvmaze.com/uploads/images/original_untouched/282/706106.jpg"
            },
            "updated": 1683763204,
            "_links": {
                "self": {
                    "href": "https://api.tvmaze.com/people/14081"
                }
            }
        },
        "character": {
            "id": 15613,
            "url": "https://www.tvmaze.com/characters/15613/game-of-thrones-arya-stark",
            "name": "Arya Stark",
            "image": {
                "medium": "https://static.tvmaze.com/uploads/images/medium_portrait/64/162189.jpg",
                "original": "https://static.tvmaze.com/uploads/images/original_untouched/64/162189.jpg"
            },
            "_links": {
                "self": {
                    "href": "https://api.tvmaze.com/characters/15613"
                }
            }
        },
        "self": false,
        "voice": false
    },
    {
        "person": {
            "id": 14070,
            "url": "https://www.tvmaze.com/people/14070/nikolaj-coster-waldau",
            "name": "Nikolaj Coster-Waldau",
            "country": {
                "name": "Denmark",
                "code": "DK",
                "timezone": "Europe/Copenhagen"
            },
            "birthday": "1970-07-27",
            "deathday": null,
            "gender": "Male",
            "image": {
                "medium": "https://static.tvmaze.com/uploads/images/medium_portrait/62/155678.jpg",
                "original": "https://static.tvmaze.com/uploads/images/original_untouched/62/155678.jpg"
            },
            "updated": 1685367642,
            "_links": {
                "self": {
                    "href": "https://api.tvmaze.com/people/14070"
                }
            }
        },
        "character": {
            "id": 15602,
            "url": "https://www.tvmaze.com/characters/15602/game-of-thrones-ser-jaime-lannister",
            "name": "Ser Jaime Lannister",
            "image": {
                "medium": "https://static.tvmaze.com/uploads/images/medium_portrait/64/162190.jpg",
                "original": "https://static.tvmaze.com/uploads/images/original_untouched/64/162190.jpg"
            },
            "_links": {
                "self": {
                    "href": "https://api.tvmaze.com/characters/15602"
                }
            }
        },
        "self": false,
        "voice": false
    },
    {
        "person": {
            "id": 14074,
            "url": "https://www.tvmaze.com/people/14074/iain-glen",
            "name": "Iain Glen",
            "country": {
                "name": "United Kingdom",
                "code": "GB",
                "timezone": "Europe/London"
            },
            "birthday": "1961-06-24",
            "deathday": null,
            "gender": "Male",
            "image": {
                "medium": "https://static.tvmaze.com/uploads/images/medium_portrait/1/3233.jpg",
                "original": "https://static.tvmaze.com/uploads/images/original_untouched/1/3233.jpg"
            },
            "updated": 1688093892,
            "_links": {
                "self": {
                    "href": "https://api.tvmaze.com/people/14074"
                }
            }
        },
        "character": {
            "id": 15606,
            "url": "https://www.tvmaze.com/characters/15606/game-of-thrones-ser-jorah-mormont",
            "name": "Ser Jorah Mormont",
            "image": {
                "medium": "https://static.tvmaze.com/uploads/images/medium_portrait/0/1457.jpg",
                "original": "https://static.tvmaze.com/uploads/images/original_untouched/0/1457.jpg"
            },
            "_links": {
                "self": {
                    "href": "https://api.tvmaze.com/characters/15606"
                }
            }
        },
        "self": false,
        "voice": false
    },
    {
        "person": {
            "id": 14069,
            "url": "https://www.tvmaze.com/people/14069/alfie-allen",
            "name": "Alfie Allen",
            "country": {
                "name": "United Kingdom",
                "code": "GB",
                "timezone": "Europe/London"
            },
            "birthday": "1986-09-12",
            "deathday": null,
            "gender": "Male",
            "image": {
                "medium": "https://static.tvmaze.com/uploads/images/medium_portrait/1/3235.jpg",
                "original": "https://static.tvmaze.com/uploads/images/original_untouched/1/3235.jpg"
            },
            "updated": 1678892009,
            "_links": {
                "self": {
                    "href": "https://api.tvmaze.com/people/14069"
                }
            }
        },
        "character": {
            "id": 15600,
            "url": "https://www.tvmaze.com/characters/15600/game-of-thrones-theon-greyjoy",
            "name": "Theon Greyjoy",
            "image": {
                "medium": "https://static.tvmaze.com/uploads/images/medium_portrait/0/599.jpg",
                "original": "https://static.tvmaze.com/uploads/images/original_untouched/0/599.jpg"
            },
            "_links": {
                "self": {
                    "href": "https://api.tvmaze.com/characters/15600"
                }
            }
        },
        "self": false,
        "voice": false
    },
    {
        "person": {
            "id": 14090,
            "url": "https://www.tvmaze.com/people/14090/john-bradley",
            "name": "John Bradley",
            "country": {
                "name": "United Kingdom",
                "code": "GB",
                "timezone": "Europe/London"
            },
            "birthday": "1988-09-05",
            "deathday": null,
            "gender": "Male",
            "image": {
                "medium": "https://static.tvmaze.com/uploads/images/medium_portrait/1/3242.jpg",
                "original": "https://static.tvmaze.com/uploads/images/original_untouched/1/3242.jpg"
            },
            "updated": 1687038573,
            "_links": {
                "self": {
                    "href": "https://api.tvmaze.com/people/14090"
                }
            }
        },
        "character": {
            "id": 15623,
            "url": "https://www.tvmaze.com/characters/15623/game-of-thrones-samwell-tarly",
            "name": "Samwell Tarly",
            "image": {
                "medium": "https://static.tvmaze.com/uploads/images/medium_portrait/0/591.jpg",
                "original": "https://static.tvmaze.com/uploads/images/original_untouched/0/591.jpg"
            },
            "_links": {
                "self": {
                    "href": "https://api.tvmaze.com/characters/15623"
                }
            }
        },
        "self": false,
        "voice": false
    },
    {
        "person": {
            "id": 14085,
            "url": "https://www.tvmaze.com/people/14085/conleth-hill",
            "name": "Conleth Hill",
            "country": {
                "name": "United Kingdom",
                "code": "GB",
                "timezone": "Europe/London"
            },
            "birthday": "1964-11-24",
            "deathday": null,
            "gender": "Male",
            "image": {
                "medium": "https://static.tvmaze.com/uploads/images/medium_portrait/419/1049950.jpg",
                "original": "https://static.tvmaze.com/uploads/images/original_untouched/419/1049950.jpg"
            },
            "updated": 1671137771,
            "_links": {
                "self": {
                    "href": "https://api.tvmaze.com/people/14085"
                }
            }
        },
        "character": {
            "id": 15617,
            "url": "https://www.tvmaze.com/characters/15617/game-of-thrones-lord-varys",
            "name": "Lord Varys",
            "image": {
                "medium": "https://static.tvmaze.com/uploads/images/medium_portrait/0/596.jpg",
                "original": "https://static.tvmaze.com/uploads/images/original_untouched/0/596.jpg"
            },
            "_links": {
                "self": {
                    "href": "https://api.tvmaze.com/characters/15617"
                }
            }
        },
        "self": false,
        "voice": false
    },
    {
        "person": {
            "id": 14083,
            "url": "https://www.tvmaze.com/people/14083/aidan-gillen",
            "name": "Aidan Gillen",
            "country": {
                "name": "Ireland",
                "code": "IE",
                "timezone": "Europe/Dublin"
            },
            "birthday": "1968-04-24",
            "deathday": null,
            "gender": "Male",
            "image": {
                "medium": "https://static.tvmaze.com/uploads/images/medium_portrait/1/3240.jpg",
                "original": "https://static.tvmaze.com/uploads/images/original_untouched/1/3240.jpg"
            },
            "updated": 1682724670,
            "_links": {
                "self": {
                    "href": "https://api.tvmaze.com/people/14083"
                }
            }
        },
        "character": {
            "id": 15615,
            "url": "https://www.tvmaze.com/characters/15615/game-of-thrones-petyr-littlefinger-baelish",
            "name": "Petyr \"Littlefinger\" Baelish",
            "image": {
                "medium": "https://static.tvmaze.com/uploads/images/medium_portrait/0/1463.jpg",
                "original": "https://static.tvmaze.com/uploads/images/original_untouched/0/1463.jpg"
            },
            "_links": {
                "self": {
                    "href": "https://api.tvmaze.com/characters/15615"
                }
            }
        },
        "self": false,
        "voice": false
    },
    {
        "person": {
            "id": 14086,
            "url": "https://www.tvmaze.com/people/14086/gwendoline-christie",
            "name": "Gwendoline Christie",
            "country": {
                "name": "United Kingdom",
                "code": "GB",
                "timezone": "Europe/London"
            },
            "birthday": "1978-10-28",
            "deathday": null,
            "gender": "Female",
            "image": {
                "medium": "https://static.tvmaze.com/uploads/images/medium_portrait/418/1046433.jpg",
                "original": "https://static.tvmaze.com/uploads/images/original_untouched/418/1046433.jpg"
            },
            "updated": 1685016740,
            "_links": {
                "self": {
                    "href": "https://api.tvmaze.com/people/14086"
                }
            }
        },
        "character": {
            "id": 15618,
            "url": "https://www.tvmaze.com/characters/15618/game-of-thrones-brienne-of-tarth",
            "name": "Brienne of Tarth",
            "image": {
                "medium": "https://static.tvmaze.com/uploads/images/medium_portrait/0/593.jpg",
                "original": "https://static.tvmaze.com/uploads/images/original_untouched/0/593.jpg"
            },
            "_links": {
                "self": {
                    "href": "https://api.tvmaze.com/characters/15618"
                }
            }
        },
        "self": false,
        "voice": false
    },
    {
        "person": {
            "id": 14092,
            "url": "https://www.tvmaze.com/people/14092/liam-cunningham",
            "name": "Liam Cunningham",
            "country": {
                "name": "Ireland",
                "code": "IE",
                "timezone": "Europe/Dublin"
            },
            "birthday": "1961-06-02",
            "deathday": null,
            "gender": "Male",
            "image": {
                "medium": "https://static.tvmaze.com/uploads/images/medium_portrait/1/3260.jpg",
                "original": "https://static.tvmaze.com/uploads/images/original_untouched/1/3260.jpg"
            },
            "updated": 1646243418,
            "_links": {
                "self": {
                    "href": "https://api.tvmaze.com/people/14092"
                }
            }
        },
        "character": {
            "id": 15625,
            "url": "https://www.tvmaze.com/characters/15625/game-of-thrones-davos-seaworth",
            "name": "Davos Seaworth",
            "image": {
                "medium": "https://static.tvmaze.com/uploads/images/medium_portrait/0/594.jpg",
                "original": "https://static.tvmaze.com/uploads/images/original_untouched/0/594.jpg"
            },
            "_links": {
                "self": {
                    "href": "https://api.tvmaze.com/characters/15625"
                }
            }
        },
        "self": false,
        "voice": false
    },
    {
        "person": {
            "id": 14082,
            "url": "https://www.tvmaze.com/people/14082/isaac-hempstead-wright",
            "name": "Isaac Hempstead-Wright",
            "country": {
                "name": "United Kingdom",
                "code": "GB",
                "timezone": "Europe/London"
            },
            "birthday": "1999-04-09",
            "deathday": null,
            "gender": "Male",
            "image": {
                "medium": "https://static.tvmaze.com/uploads/images/medium_portrait/1/3238.jpg",
                "original": "https://static.tvmaze.com/uploads/images/original_untouched/1/3238.jpg"
            },
            "updated": 1589960217,
            "_links": {
                "self": {
                    "href": "https://api.tvmaze.com/people/14082"
                }
            }
        },
        "character": {
            "id": 15614,
            "url": "https://www.tvmaze.com/characters/15614/game-of-thrones-bran-stark",
            "name": "Bran Stark",
            "image": {
                "medium": "https://static.tvmaze.com/uploads/images/medium_portrait/63/158816.jpg",
                "original": "https://static.tvmaze.com/uploads/images/original_untouched/63/158816.jpg"
            },
            "_links": {
                "self": {
                    "href": "https://api.tvmaze.com/characters/15614"
                }
            }
        },
        "self": false,
        "voice": false
    },
    {
        "person": {
            "id": 14394,
            "url": "https://www.tvmaze.com/people/14394/nathalie-emmanuel",
            "name": "Nathalie Emmanuel",
            "country": {
                "name": "United Kingdom",
                "code": "GB",
                "timezone": "Europe/London"
            },
            "birthday": "1989-03-02",
            "deathday": null,
            "gender": "Female",
            "image": {
                "medium": "https://static.tvmaze.com/uploads/images/medium_portrait/93/234475.jpg",
                "original": "https://static.tvmaze.com/uploads/images/original_untouched/93/234475.jpg"
            },
            "updated": 1679253970,
            "_links": {
                "self": {
                    "href": "https://api.tvmaze.com/people/14394"
                }
            }
        },
        "character": {
            "id": 15974,
            "url": "https://www.tvmaze.com/characters/15974/game-of-thrones-missandei",
            "name": "Missandei",
            "image": {
                "medium": "https://static.tvmaze.com/uploads/images/medium_portrait/0/611.jpg",
                "original": "https://static.tvmaze.com/uploads/images/original_untouched/0/611.jpg"
            },
            "_links": {
                "self": {
                    "href": "https://api.tvmaze.com/characters/15974"
                }
            }
        },
        "self": false,
        "voice": false
    },
    {
        "person": {
            "id": 14071,
            "url": "https://www.tvmaze.com/people/14071/rory-mccann",
            "name": "Rory McCann",
            "country": {
                "name": "United Kingdom",
                "code": "GB",
                "timezone": "Europe/London"
            },
            "birthday": "1969-04-24",
            "deathday": null,
            "gender": "Male",
            "image": {
                "medium": "https://static.tvmaze.com/uploads/images/medium_portrait/394/987171.jpg",
                "original": "https://static.tvmaze.com/uploads/images/original_untouched/394/987171.jpg"
            },
            "updated": 1679526771,
            "_links": {
                "self": {
                    "href": "https://api.tvmaze.com/people/14071"
                }
            }
        },
        "character": {
            "id": 15603,
            "url": "https://www.tvmaze.com/characters/15603/game-of-thrones-sandor-clegane",
            "name": "Sandor Clegane",
            "image": {
                "medium": "https://static.tvmaze.com/uploads/images/medium_portrait/63/158819.jpg",
                "original": "https://static.tvmaze.com/uploads/images/original_untouched/63/158819.jpg"
            },
            "_links": {
                "self": {
                    "href": "https://api.tvmaze.com/characters/15603"
                }
            }
        },
        "self": false,
        "voice": false
    },
    {
        "person": {
            "id": 14088,
            "url": "https://www.tvmaze.com/people/14088/jerome-flynn",
            "name": "Jerome Flynn",
            "country": {
                "name": "United Kingdom",
                "code": "GB",
                "timezone": "Europe/London"
            },
            "birthday": "1963-03-16",
            "deathday": null,
            "gender": "Male",
            "image": {
                "medium": "https://static.tvmaze.com/uploads/images/medium_portrait/428/1070572.jpg",
                "original": "https://static.tvmaze.com/uploads/images/original_untouched/428/1070572.jpg"
            },
            "updated": 1687705879,
            "_links": {
                "self": {
                    "href": "https://api.tvmaze.com/people/14088"
                }
            }
        },
        "character": {
            "id": 15621,
            "url": "https://www.tvmaze.com/characters/15621/game-of-thrones-bronn",
            "name": "Bronn",
            "image": {
                "medium": "https://static.tvmaze.com/uploads/images/medium_portrait/0/592.jpg",
                "original": "https://static.tvmaze.com/uploads/images/original_untouched/0/592.jpg"
            },
            "_links": {
                "self": {
                    "href": "https://api.tvmaze.com/characters/15621"
                }
            }
        },
        "self": false,
        "voice": false
    },
    {
        "person": {
            "id": 14417,
            "url": "https://www.tvmaze.com/people/14417/jacob-anderson",
            "name": "Jacob Anderson",
            "country": {
                "name": "United Kingdom",
                "code": "GB",
                "timezone": "Europe/London"
            },
            "birthday": "1990-06-18",
            "deathday": null,
            "gender": "Male",
            "image": {
                "medium": "https://static.tvmaze.com/uploads/images/medium_portrait/8/20737.jpg",
                "original": "https://static.tvmaze.com/uploads/images/original_untouched/8/20737.jpg"
            },
            "updated": 1667735711,
            "_links": {
                "self": {
                    "href": "https://api.tvmaze.com/people/14417"
                }
            }
        },
        "character": {
            "id": 15997,
            "url": "https://www.tvmaze.com/characters/15997/game-of-thrones-grey-worm",
            "name": "Grey Worm",
            "image": {
                "medium": "https://static.tvmaze.com/uploads/images/medium_portrait/172/431759.jpg",
                "original": "https://static.tvmaze.com/uploads/images/original_untouched/172/431759.jpg"
            },
            "_links": {
                "self": {
                    "href": "https://api.tvmaze.com/characters/15997"
                }
            }
        },
        "self": false,
        "voice": false
    },
    {
        "person": {
            "id": 14091,
            "url": "https://www.tvmaze.com/people/14091/kristofer-hivju",
            "name": "Kristofer Hivju",
            "country": {
                "name": "Norway",
                "code": "NO",
                "timezone": "Europe/Oslo"
            },
            "birthday": "1978-12-07",
            "deathday": null,
            "gender": "Male",
            "image": {
                "medium": "https://static.tvmaze.com/uploads/images/medium_portrait/1/3330.jpg",
                "original": "https://static.tvmaze.com/uploads/images/original_untouched/1/3330.jpg"
            },
            "updated": 1663212798,
            "_links": {
                "self": {
                    "href": "https://api.tvmaze.com/people/14091"
                }
            }
        },
        "character": {
            "id": 15624,
            "url": "https://www.tvmaze.com/characters/15624/game-of-thrones-tormund-giantsbane",
            "name": "Tormund Giantsbane",
            "image": {
                "medium": "https://static.tvmaze.com/uploads/images/medium_portrait/1/3169.jpg",
                "original": "https://static.tvmaze.com/uploads/images/original_untouched/1/3169.jpg"
            },
            "_links": {
                "self": {
                    "href": "https://api.tvmaze.com/characters/15624"
                }
            }
        },
        "self": false,
        "voice": false
    },
    {
        "person": {
            "id": 14084,
            "url": "https://www.tvmaze.com/people/14084/carice-van-houten",
            "name": "Carice van Houten",
            "country": {
                "name": "Netherlands",
                "code": "NL",
                "timezone": "Europe/Amsterdam"
            },
            "birthday": "1976-09-05",
            "deathday": null,
            "gender": "Female",
            "image": {
                "medium": "https://static.tvmaze.com/uploads/images/medium_portrait/1/3261.jpg",
                "original": "https://static.tvmaze.com/uploads/images/original_untouched/1/3261.jpg"
            },
            "updated": 1678880378,
            "_links": {
                "self": {
                    "href": "https://api.tvmaze.com/people/14084"
                }
            }
        },
        "character": {
            "id": 15616,
            "url": "https://www.tvmaze.com/characters/15616/game-of-thrones-melisandre",
            "name": "Melisandre",
            "image": {
                "medium": "https://static.tvmaze.com/uploads/images/medium_portrait/172/431775.jpg",
                "original": "https://static.tvmaze.com/uploads/images/original_untouched/172/431775.jpg"
            },
            "_links": {
                "self": {
                    "href": "https://api.tvmaze.com/characters/15616"
                }
            }
        },
        "self": false,
        "voice": false
    },
    {
        "person": {
            "id": 14065,
            "url": "https://www.tvmaze.com/people/14065/charles-dance",
            "name": "Charles Dance",
            "country": {
                "name": "United Kingdom",
                "code": "GB",
                "timezone": "Europe/London"
            },
            "birthday": "1946-10-10",
            "deathday": null,
            "gender": "Male",
            "image": {
                "medium": "https://static.tvmaze.com/uploads/images/medium_portrait/168/422293.jpg",
                "original": "https://static.tvmaze.com/uploads/images/original_untouched/168/422293.jpg"
            },
            "updated": 1683674412,
            "_links": {
                "self": {
                    "href": "https://api.tvmaze.com/people/14065"
                }
            }
        },
        "character": {
            "id": 15596,
            "url": "https://www.tvmaze.com/characters/15596/game-of-thrones-lord-tywin-lannister",
            "name": "Lord Tywin Lannister",
            "image": {
                "medium": "https://static.tvmaze.com/uploads/images/medium_portrait/0/602.jpg",
                "original": "https://static.tvmaze.com/uploads/images/original_untouched/0/602.jpg"
            },
            "_links": {
                "self": {
                    "href": "https://api.tvmaze.com/characters/15596"
                }
            }
        },
        "self": false,
        "voice": false
    },
    {
        "person": {
            "id": 14066,
            "url": "https://www.tvmaze.com/people/14066/natalie-dormer",
            "name": "Natalie Dormer",
            "country": {
                "name": "United Kingdom",
                "code": "GB",
                "timezone": "Europe/London"
            },
            "birthday": "1982-02-11",
            "deathday": null,
            "gender": "Female",
            "image": {
                "medium": "https://static.tvmaze.com/uploads/images/medium_portrait/243/608117.jpg",
                "original": "https://static.tvmaze.com/uploads/images/original_untouched/243/608117.jpg"
            },
            "updated": 1678193414,
            "_links": {
                "self": {
                    "href": "https://api.tvmaze.com/people/14066"
                }
            }
        },
        "character": {
            "id": 15597,
            "url": "https://www.tvmaze.com/characters/15597/game-of-thrones-queen-margaery-tyrell",
            "name": "Queen Margaery Tyrell",
            "image": {
                "medium": "https://static.tvmaze.com/uploads/images/medium_portrait/211/529552.jpg",
                "original": "https://static.tvmaze.com/uploads/images/original_untouched/211/529552.jpg"
            },
            "_links": {
                "self": {
                    "href": "https://api.tvmaze.com/characters/15597"
                }
            }
        },
        "self": false,
        "voice": false
    },
    {
        "person": {
            "id": 14073,
            "url": "https://www.tvmaze.com/people/14073/jack-gleeson",
            "name": "Jack Gleeson",
            "country": {
                "name": "Ireland",
                "code": "IE",
                "timezone": "Europe/Dublin"
            },
            "birthday": "1992-05-20",
            "deathday": null,
            "gender": "Male",
            "image": {
                "medium": "https://static.tvmaze.com/uploads/images/medium_portrait/1/3237.jpg",
                "original": "https://static.tvmaze.com/uploads/images/original_untouched/1/3237.jpg"
            },
            "updated": 1497380187,
            "_links": {
                "self": {
                    "href": "https://api.tvmaze.com/people/14073"
                }
            }
        },
        "character": {
            "id": 15605,
            "url": "https://www.tvmaze.com/characters/15605/game-of-thrones-prince-joffrey-baratheon",
            "name": "Prince Joffrey Baratheon",
            "image": {
                "medium": "https://static.tvmaze.com/uploads/images/medium_portrait/63/158821.jpg",
                "original": "https://static.tvmaze.com/uploads/images/original_untouched/63/158821.jpg"
            },
            "_links": {
                "self": {
                    "href": "https://api.tvmaze.com/characters/15605"
                }
            }
        },
        "self": false,
        "voice": false
    },
    {
        "person": {
            "id": 14199,
            "url": "https://www.tvmaze.com/people/14199/hannah-murray",
            "name": "Hannah Murray",
            "country": {
                "name": "United Kingdom",
                "code": "GB",
                "timezone": "Europe/London"
            },
            "birthday": "1989-07-01",
            "deathday": null,
            "gender": "Female",
            "image": {
                "medium": "https://static.tvmaze.com/uploads/images/medium_portrait/7/18055.jpg",
                "original": "https://static.tvmaze.com/uploads/images/original_untouched/7/18055.jpg"
            },
            "updated": 1517142114,
            "_links": {
                "self": {
                    "href": "https://api.tvmaze.com/people/14199"
                }
            }
        },
        "character": {
            "id": 15720,
            "url": "https://www.tvmaze.com/characters/15720/game-of-thrones-gilly",
            "name": "Gilly",
            "image": {
                "medium": "https://static.tvmaze.com/uploads/images/medium_portrait/192/482446.jpg",
                "original": "https://static.tvmaze.com/uploads/images/original_untouched/192/482446.jpg"
            },
            "_links": {
                "self": {
                    "href": "https://api.tvmaze.com/characters/15720"
                }
            }
        },
        "self": false,
        "voice": false
    },
    {
        "person": {
            "id": 14078,
            "url": "https://www.tvmaze.com/people/14078/michelle-fairley",
            "name": "Michelle Fairley",
            "country": {
                "name": "United Kingdom",
                "code": "GB",
                "timezone": "Europe/London"
            },
            "birthday": "1963-07-17",
            "deathday": null,
            "gender": "Female",
            "image": {
                "medium": "https://static.tvmaze.com/uploads/images/medium_portrait/186/466394.jpg",
                "original": "https://static.tvmaze.com/uploads/images/original_untouched/186/466394.jpg"
            },
            "updated": 1684547979,
            "_links": {
                "self": {
                    "href": "https://api.tvmaze.com/people/14078"
                }
            }
        },
        "character": {
            "id": 15610,
            "url": "https://www.tvmaze.com/characters/15610/game-of-thrones-lady-catelyn-stark",
            "name": "Lady Catelyn Stark",
            "image": {
                "medium": "https://static.tvmaze.com/uploads/images/medium_portrait/63/158823.jpg",
                "original": "https://static.tvmaze.com/uploads/images/original_untouched/63/158823.jpg"
            },
            "_links": {
                "self": {
                    "href": "https://api.tvmaze.com/characters/15610"
                }
            }
        },
        "self": false,
        "voice": false
    },
    {
        "person": {
            "id": 14404,
            "url": "https://www.tvmaze.com/people/14404/dean-charles-chapman",
            "name": "Dean Charles Chapman",
            "country": {
                "name": "United Kingdom",
                "code": "GB",
                "timezone": "Europe/London"
            },
            "birthday": "1997-09-07",
            "deathday": null,
            "gender": "Male",
            "image": {
                "medium": "https://static.tvmaze.com/uploads/images/medium_portrait/2/5727.jpg",
                "original": "https://static.tvmaze.com/uploads/images/original_untouched/2/5727.jpg"
            },
            "updated": 1667854927,
            "_links": {
                "self": {
                    "href": "https://api.tvmaze.com/people/14404"
                }
            }
        },
        "character": {
            "id": 15632,
            "url": "https://www.tvmaze.com/characters/15632/game-of-thrones-tommen-baratheon",
            "name": "Tommen Baratheon",
            "image": {
                "medium": "https://static.tvmaze.com/uploads/images/medium_portrait/0/603.jpg",
                "original": "https://static.tvmaze.com/uploads/images/original_untouched/0/603.jpg"
            },
            "_links": {
                "self": {
                    "href": "https://api.tvmaze.com/characters/15632"
                }
            }
        },
        "self": false,
        "voice": false
    },
    {
        "person": {
            "id": 14089,
            "url": "https://www.tvmaze.com/people/14089/joe-dempsie",
            "name": "Joe Dempsie",
            "country": {
                "name": "United Kingdom",
                "code": "GB",
                "timezone": "Europe/London"
            },
            "birthday": "1987-06-22",
            "deathday": null,
            "gender": "Male",
            "image": {
                "medium": "https://static.tvmaze.com/uploads/images/medium_portrait/185/462746.jpg",
                "original": "https://static.tvmaze.com/uploads/images/original_untouched/185/462746.jpg"
            },
            "updated": 1665909416,
            "_links": {
                "self": {
                    "href": "https://api.tvmaze.com/people/14089"
                }
            }
        },
        "character": {
            "id": 15622,
            "url": "https://www.tvmaze.com/characters/15622/game-of-thrones-gendry",
            "name": "Gendry",
            "image": {
                "medium": "https://static.tvmaze.com/uploads/images/medium_portrait/0/589.jpg",
                "original": "https://static.tvmaze.com/uploads/images/original_untouched/0/589.jpg"
            },
            "_links": {
                "self": {
                    "href": "https://api.tvmaze.com/characters/15622"
                }
            }
        },
        "self": false,
        "voice": false
    },
    {
        "person": {
            "id": 14096,
            "url": "https://www.tvmaze.com/people/14096/stephen-dillane",
            "name": "Stephen Dillane",
            "country": {
                "name": "United Kingdom",
                "code": "GB",
                "timezone": "Europe/London"
            },
            "birthday": "1956-11-30",
            "deathday": null,
            "gender": "Male",
            "image": {
                "medium": "https://static.tvmaze.com/uploads/images/medium_portrait/68/171092.jpg",
                "original": "https://static.tvmaze.com/uploads/images/original_untouched/68/171092.jpg"
            },
            "updated": 1638580470,
            "_links": {
                "self": {
                    "href": "https://api.tvmaze.com/people/14096"
                }
            }
        },
        "character": {
            "id": 15629,
            "url": "https://www.tvmaze.com/characters/15629/game-of-thrones-stannis-baratheon",
            "name": "Stannis Baratheon",
            "image": {
                "medium": "https://static.tvmaze.com/uploads/images/medium_portrait/1/3245.jpg",
                "original": "https://static.tvmaze.com/uploads/images/original_untouched/1/3245.jpg"
            },
            "_links": {
                "self": {
                    "href": "https://api.tvmaze.com/characters/15629"
                }
            }
        },
        "self": false,
        "voice": false
    },
    {
        "person": {
            "id": 14077,
            "url": "https://www.tvmaze.com/people/14077/richard-madden",
            "name": "Richard Madden",
            "country": {
                "name": "United Kingdom",
                "code": "GB",
                "timezone": "Europe/London"
            },
            "birthday": "1986-06-18",
            "deathday": null,
            "gender": "Male",
            "image": {
                "medium": "https://static.tvmaze.com/uploads/images/medium_portrait/173/434079.jpg",
                "original": "https://static.tvmaze.com/uploads/images/original_untouched/173/434079.jpg"
            },
            "updated": 1686085356,
            "_links": {
                "self": {
                    "href": "https://api.tvmaze.com/people/14077"
                }
            }
        },
        "character": {
            "id": 15609,
            "url": "https://www.tvmaze.com/characters/15609/game-of-thrones-robb-stark",
            "name": "Robb Stark",
            "image": {
                "medium": "https://static.tvmaze.com/uploads/images/medium_portrait/63/158825.jpg",
                "original": "https://static.tvmaze.com/uploads/images/original_untouched/63/158825.jpg"
            },
            "_links": {
                "self": {
                    "href": "https://api.tvmaze.com/characters/15609"
                }
            }
        },
        "self": false,
        "voice": false
    },
    {
        "person": {
            "id": 14218,
            "url": "https://www.tvmaze.com/people/14218/michael-mcelhatton",
            "name": "Michael McElhatton",
            "country": {
                "name": "Ireland",
                "code": "IE",
                "timezone": "Europe/Dublin"
            },
            "birthday": "1963-09-12",
            "deathday": null,
            "gender": "Male",
            "image": {
                "medium": "https://static.tvmaze.com/uploads/images/medium_portrait/3/8123.jpg",
                "original": "https://static.tvmaze.com/uploads/images/original_untouched/3/8123.jpg"
            },
            "updated": 1688703008,
            "_links": {
                "self": {
                    "href": "https://api.tvmaze.com/people/14218"
                }
            }
        },
        "character": {
            "id": 15739,
            "url": "https://www.tvmaze.com/characters/15739/game-of-thrones-lord-roose-bolton",
            "name": "Lord Roose Bolton",
            "image": {
                "medium": "https://static.tvmaze.com/uploads/images/medium_portrait/0/609.jpg",
                "original": "https://static.tvmaze.com/uploads/images/original_untouched/0/609.jpg"
            },
            "_links": {
                "self": {
                    "href": "https://api.tvmaze.com/characters/15739"
                }
            }
        },
        "self": false,
        "voice": false
    },
    {
        "person": {
            "id": 7267,
            "url": "https://www.tvmaze.com/people/7267/michiel-huisman",
            "name": "Michiel Huisman",
            "country": {
                "name": "Netherlands",
                "code": "NL",
                "timezone": "Europe/Amsterdam"
            },
            "birthday": "1981-07-18",
            "deathday": null,
            "gender": "Male",
            "image": {
                "medium": "https://static.tvmaze.com/uploads/images/medium_portrait/8/20724.jpg",
                "original": "https://static.tvmaze.com/uploads/images/original_untouched/8/20724.jpg"
            },
            "updated": 1679013291,
            "_links": {
                "self": {
                    "href": "https://api.tvmaze.com/people/7267"
                }
            }
        },
        "character": {
            "id": 16007,
            "url": "https://www.tvmaze.com/characters/16007/game-of-thrones-daario-naharis",
            "name": "Daario Naharis",
            "image": {
                "medium": "https://static.tvmaze.com/uploads/images/medium_portrait/9/23151.jpg",
                "original": "https://static.tvmaze.com/uploads/images/original_untouched/9/23151.jpg"
            },
            "_links": {
                "self": {
                    "href": "https://api.tvmaze.com/characters/16007"
                }
            }
        },
        "self": false,
        "voice": false
    },
    {
        "person": {
            "id": 14095,
            "url": "https://www.tvmaze.com/people/14095/sibel-kekilli",
            "name": "Sibel Kekilli",
            "country": {
                "name": "Germany",
                "code": "DE",
                "timezone": "Europe/Busingen"
            },
            "birthday": "1980-06-16",
            "deathday": null,
            "gender": "Female",
            "image": {
                "medium": "https://static.tvmaze.com/uploads/images/medium_portrait/1/3244.jpg",
                "original": "https://static.tvmaze.com/uploads/images/original_untouched/1/3244.jpg"
            },
            "updated": 1540499052,
            "_links": {
                "self": {
                    "href": "https://api.tvmaze.com/people/14095"
                }
            }
        },
        "character": {
            "id": 15628,
            "url": "https://www.tvmaze.com/characters/15628/game-of-thrones-shae",
            "name": "Shae",
            "image": {
                "medium": "https://static.tvmaze.com/uploads/images/medium_portrait/211/529553.jpg",
                "original": "https://static.tvmaze.com/uploads/images/original_untouched/211/529553.jpg"
            },
            "_links": {
                "self": {
                    "href": "https://api.tvmaze.com/characters/15628"
                }
            }
        },
        "self": false,
        "voice": false
    },
    {
        "person": {
            "id": 14087,
            "url": "https://www.tvmaze.com/people/14087/iwan-rheon",
            "name": "Iwan Rheon",
            "country": {
                "name": "United Kingdom",
                "code": "GB",
                "timezone": "Europe/London"
            },
            "birthday": "1985-05-13",
            "deathday": null,
            "gender": "Male",
            "image": {
                "medium": "https://static.tvmaze.com/uploads/images/medium_portrait/447/1118762.jpg",
                "original": "https://static.tvmaze.com/uploads/images/original_untouched/447/1118762.jpg"
            },
            "updated": 1676511532,
            "_links": {
                "self": {
                    "href": "https://api.tvmaze.com/people/14087"
                }
            }
        },
        "character": {
            "id": 15619,
            "url": "https://www.tvmaze.com/characters/15619/game-of-thrones-ramsay-snow",
            "name": "Ramsay Snow",
            "image": {
                "medium": "https://static.tvmaze.com/uploads/images/medium_portrait/1/3331.jpg",
                "original": "https://static.tvmaze.com/uploads/images/original_untouched/1/3331.jpg"
            },
            "_links": {
                "self": {
                    "href": "https://api.tvmaze.com/characters/15619"
                }
            }
        },
        "self": false,
        "voice": false
    },
    {
        "person": {
            "id": 14208,
            "url": "https://www.tvmaze.com/people/14208/tom-wlaschiha",
            "name": "Tom Wlaschiha",
            "country": {
                "name": "Germany",
                "code": "DE",
                "timezone": "Europe/Busingen"
            },
            "birthday": "1973-06-20",
            "deathday": null,
            "gender": "Male",
            "image": {
                "medium": "https://static.tvmaze.com/uploads/images/medium_portrait/429/1073931.jpg",
                "original": "https://static.tvmaze.com/uploads/images/original_untouched/429/1073931.jpg"
            },
            "updated": 1683806068,
            "_links": {
                "self": {
                    "href": "https://api.tvmaze.com/people/14208"
                }
            }
        },
        "character": {
            "id": 15730,
            "url": "https://www.tvmaze.com/characters/15730/game-of-thrones-jaqen-hghar",
            "name": "Jaqen H'ghar",
            "image": {
                "medium": "https://static.tvmaze.com/uploads/images/medium_portrait/211/529595.jpg",
                "original": "https://static.tvmaze.com/uploads/images/original_untouched/211/529595.jpg"
            },
            "_links": {
                "self": {
                    "href": "https://api.tvmaze.com/characters/15730"
                }
            }
        },
        "self": false,
        "voice": false
    },
    {
        "person": {
            "id": 14094,
            "url": "https://www.tvmaze.com/people/14094/rose-leslie",
            "name": "Rose Leslie",
            "country": {
                "name": "United Kingdom",
                "code": "GB",
                "timezone": "Europe/London"
            },
            "birthday": "1987-02-09",
            "deathday": null,
            "gender": "Female",
            "image": {
                "medium": "https://static.tvmaze.com/uploads/images/medium_portrait/107/267661.jpg",
                "original": "https://static.tvmaze.com/uploads/images/original_untouched/107/267661.jpg"
            },
            "updated": 1679343663,
            "_links": {
                "self": {
                    "href": "https://api.tvmaze.com/people/14094"
                }
            }
        },
        "character": {
            "id": 15627,
            "url": "https://www.tvmaze.com/characters/15627/game-of-thrones-ygritte",
            "name": "Ygritte",
            "image": {
                "medium": "https://static.tvmaze.com/uploads/images/medium_portrait/211/529550.jpg",
                "original": "https://static.tvmaze.com/uploads/images/original_untouched/211/529550.jpg"
            },
            "_links": {
                "self": {
                    "href": "https://api.tvmaze.com/characters/15627"
                }
            }
        },
        "self": false,
        "voice": false
    },
    {
        "person": {
            "id": 14440,
            "url": "https://www.tvmaze.com/people/14440/indira-varma",
            "name": "Indira Varma",
            "country": {
                "name": "United Kingdom",
                "code": "GB",
                "timezone": "Europe/London"
            },
            "birthday": "1973-05-14",
            "deathday": null,
            "gender": "Female",
            "image": {
                "medium": "https://static.tvmaze.com/uploads/images/medium_portrait/3/8666.jpg",
                "original": "https://static.tvmaze.com/uploads/images/original_untouched/3/8666.jpg"
            },
            "updated": 1681405598,
            "_links": {
                "self": {
                    "href": "https://api.tvmaze.com/people/14440"
                }
            }
        },
        "character": {
            "id": 16022,
            "url": "https://www.tvmaze.com/characters/16022/game-of-thrones-ellaria-sand",
            "name": "Ellaria Sand",
            "image": {
                "medium": "https://static.tvmaze.com/uploads/images/medium_portrait/9/23152.jpg",
                "original": "https://static.tvmaze.com/uploads/images/original_untouched/9/23152.jpg"
            },
            "_links": {
                "self": {
                    "href": "https://api.tvmaze.com/characters/16022"
                }
            }
        },
        "self": false,
        "voice": false
    },
    {
        "person": {
            "id": 52759,
            "url": "https://www.tvmaze.com/people/52759/jonathan-pryce",
            "name": "Jonathan Pryce",
            "country": {
                "name": "United Kingdom",
                "code": "GB",
                "timezone": "Europe/London"
            },
            "birthday": "1947-06-01",
            "deathday": null,
            "gender": "Male",
            "image": {
                "medium": "https://static.tvmaze.com/uploads/images/medium_portrait/92/231635.jpg",
                "original": "https://static.tvmaze.com/uploads/images/original_untouched/92/231635.jpg"
            },
            "updated": 1672399823,
            "_links": {
                "self": {
                    "href": "https://api.tvmaze.com/people/52759"
                }
            }
        },
        "character": {
            "id": 105050,
            "url": "https://www.tvmaze.com/characters/105050/game-of-thrones-high-sparrow",
            "name": "High Sparrow",
            "image": {
                "medium": "https://static.tvmaze.com/uploads/images/medium_portrait/11/28572.jpg",
                "original": "https://static.tvmaze.com/uploads/images/original_untouched/11/28572.jpg"
            },
            "_links": {
                "self": {
                    "href": "https://api.tvmaze.com/characters/105050"
                }
            }
        },
        "self": false,
        "voice": false
    },
    {
        "person": {
            "id": 7432,
            "url": "https://www.tvmaze.com/people/7432/sean-bean",
            "name": "Sean Bean",
            "country": {
                "name": "United Kingdom",
                "code": "GB",
                "timezone": "Europe/London"
            },
            "birthday": "1959-04-17",
            "deathday": null,
            "gender": "Male",
            "image": {
                "medium": "https://static.tvmaze.com/uploads/images/medium_portrait/1/3294.jpg",
                "original": "https://static.tvmaze.com/uploads/images/original_untouched/1/3294.jpg"
            },
            "updated": 1680448834,
            "_links": {
                "self": {
                    "href": "https://api.tvmaze.com/people/7432"
                }
            }
        },
        "character": {
            "id": 15601,
            "url": "https://www.tvmaze.com/characters/15601/game-of-thrones-lord-eddard-stark",
            "name": "Lord Eddard Stark",
            "image": {
                "medium": "https://static.tvmaze.com/uploads/images/medium_portrait/211/529531.jpg",
                "original": "https://static.tvmaze.com/uploads/images/original_untouched/211/529531.jpg"
            },
            "_links": {
                "self": {
                    "href": "https://api.tvmaze.com/characters/15601"
                }
            }
        },
        "self": false,
        "voice": false
    },
    {
        "person": {
            "id": 11349,
            "url": "https://www.tvmaze.com/people/11349/james-cosmo",
            "name": "James Cosmo",
            "country": {
                "name": "United Kingdom",
                "code": "GB",
                "timezone": "Europe/London"
            },
            "birthday": "1947-10-27",
            "deathday": null,
            "gender": "Male",
            "image": {
                "medium": "https://static.tvmaze.com/uploads/images/medium_portrait/181/453032.jpg",
                "original": "https://static.tvmaze.com/uploads/images/original_untouched/181/453032.jpg"
            },
            "updated": 1683112824,
            "_links": {
                "self": {
                    "href": "https://api.tvmaze.com/people/11349"
                }
            }
        },
        "character": {
            "id": 15620,
            "url": "https://www.tvmaze.com/characters/15620/game-of-thrones-lord-commander-jeor-mormont",
            "name": "Lord Commander Jeor Mormont",
            "image": {
                "medium": "https://static.tvmaze.com/uploads/images/medium_portrait/211/529534.jpg",
                "original": "https://static.tvmaze.com/uploads/images/original_untouched/211/529534.jpg"
            },
            "_links": {
                "self": {
                    "href": "https://api.tvmaze.com/characters/15620"
                }
            }
        },
        "self": false,
        "voice": false
    },
    {
        "person": {
            "id": 14068,
            "url": "https://www.tvmaze.com/people/14068/mark-addy",
            "name": "Mark Addy",
            "country": {
                "name": "United Kingdom",
                "code": "GB",
                "timezone": "Europe/London"
            },
            "birthday": "1964-01-14",
            "deathday": null,
            "gender": "Male",
            "image": {
                "medium": "https://static.tvmaze.com/uploads/images/medium_portrait/1/3324.jpg",
                "original": "https://static.tvmaze.com/uploads/images/original_untouched/1/3324.jpg"
            },
            "updated": 1686741275,
            "_links": {
                "self": {
                    "href": "https://api.tvmaze.com/people/14068"
                }
            }
        },
        "character": {
            "id": 15599,
            "url": "https://www.tvmaze.com/characters/15599/game-of-thrones-king-robert-baratheon",
            "name": "King Robert Baratheon",
            "image": {
                "medium": "https://static.tvmaze.com/uploads/images/medium_portrait/0/598.jpg",
                "original": "https://static.tvmaze.com/uploads/images/original_untouched/0/598.jpg"
            },
            "_links": {
                "self": {
                    "href": "https://api.tvmaze.com/characters/15599"
                }
            }
        },
        "self": false,
        "voice": false
    },
    {
        "person": {
            "id": 14067,
            "url": "https://www.tvmaze.com/people/14067/harry-lloyd",
            "name": "Harry Lloyd",
            "country": {
                "name": "United Kingdom",
                "code": "GB",
                "timezone": "Europe/London"
            },
            "birthday": "1983-11-17",
            "deathday": null,
            "gender": "Male",
            "image": {
                "medium": "https://static.tvmaze.com/uploads/images/medium_portrait/1/3329.jpg",
                "original": "https://static.tvmaze.com/uploads/images/original_untouched/1/3329.jpg"
            },
            "updated": 1642253530,
            "_links": {
                "self": {
                    "href": "https://api.tvmaze.com/people/14067"
                }
            }
        },
        "character": {
            "id": 15598,
            "url": "https://www.tvmaze.com/characters/15598/game-of-thrones-viserys-targaryen",
            "name": "Viserys Targaryen",
            "image": {
                "medium": "https://static.tvmaze.com/uploads/images/medium_portrait/0/600.jpg",
                "original": "https://static.tvmaze.com/uploads/images/original_untouched/0/600.jpg"
            },
            "_links": {
                "self": {
                    "href": "https://api.tvmaze.com/characters/15598"
                }
            }
        },
        "self": false,
        "voice": false
    }
]